0;0;0;0;land;false;unknown;0
1;39;46;4;land;false;plains;1
2;24;13;51;land;false;plains;1
3;41;25;8;land;false;plains;1
4;38;41;6;land;false;plains;1
5;21;66;0;land;false;plains;1
6;20;25;12;land;false;plains;1
7;4;60;7;land;false;plains;1
8;67;4;19;land;false;plains;1
9;23;44;19;land;false;plains;1
10;10;55;30;land;false;plains;1
11;5;26;49;land;false;plains;1
12;18;33;34;land;false;plains;1
13;57;36;3;land;false;plains;1
14;9;27;52;land;false;plains;1
15;24;50;12;land;false;plains;1
16;133;215;189;land;false;plains;1
17;237;166;218;land;false;plains;1
18;197;252;183;land;false;plains;1
19;202;191;250;land;false;plains;1
20;200;134;235;land;false;plains;1
21;192;244;102;land;false;plains;1
22;153;236;115;land;false;plains;1
23;107;236;173;land;false;plains;1
24;201;86;245;land;false;plains;1
25;135;162;214;land;false;plains;1
26;185;168;181;land;false;plains;1
27;92;171;253;land;false;plains;1
28;131;237;156;land;false;plains;1
29;245;141;211;land;false;plains;1
30;245;116;201;land;false;plains;1
31;193;120;210;land;false;plains;1
32;222;245;78;land;false;plains;1
33;190;232;168;land;false;plains;1
34;234;31;248;land;false;plains;1
35;183;101;248;land;false;plains;1
36;229;210;126;land;false;plains;1
37;242;175;225;land;false;plains;1
38;71;248;206;land;false;plains;1
39;251;157;200;land;false;plains;1
40;196;253;117;land;false;plains;1
41;213;206;105;land;false;plains;1
42;216;205;102;land;false;plains;1
43;228;175;151;land;false;plains;1
44;230;197;190;land;false;plains;1
45;254;191;206;land;false;plains;1
46;90;224;215;land;false;plains;1
47;210;247;154;land;false;plains;1
48;243;238;36;land;false;plains;1
49;244;232;129;land;false;plains;1
50;244;195;251;land;false;plains;1
51;173;222;175;land;false;plains;1
52;214;64;235;land;false;plains;1
53;169;226;180;land;false;plains;1
54;243;185;104;land;false;plains;1
55;203;134;216;land;false;plains;1
56;241;198;99;land;false;plains;1
57;163;179;217;land;false;plains;1
58;202;198;252;land;false;plains;1
59;174;142;211;land;false;plains;1
60;206;242;150;land;false;plains;1
61;173;214;221;land;false;plains;1
62;253;182;156;land;false;plains;1
63;113;177;246;land;false;plains;1
64;244;218;186;land;false;plains;1
65;235;104;191;land;false;plains;1
66;254;236;11;land;false;plains;1
67;161;132;220;land;false;plains;1
68;207;229;140;land;false;plains;1
69;207;201;135;land;false;plains;1
70;213;156;223;land;false;plains;1
71;162;211;206;land;false;plains;1
72;206;225;163;land;false;plains;1
73;61;221;238;land;false;plains;1
74;177;206;250;land;false;plains;1
75;248;82;209;land;false;plains;1
76;143;251;179;land;false;plains;1
77;228;100;200;land;false;plains;1
78;250;252;150;land;false;plains;1
79;253;112;139;land;false;plains;1
80;154;148;228;land;false;plains;1
81;97;239;234;land;false;plains;1
82;109;156;249;land;false;plains;1
83;183;81;237;land;false;plains;1
84;245;254;132;land;false;plains;1
85;134;250;240;land;false;plains;1
86;183;232;105;land;false;plains;1
87;148;231;146;land;false;plains;1
88;167;237;244;land;false;plains;1
89;195;176;201;land;false;plains;1
90;242;163;195;land;false;plains;1
91;214;152;238;land;false;plains;1
92;251;220;88;land;false;plains;1
93;211;237;245;land;false;plains;1
94;168;220;238;land;false;plains;1
95;135;142;238;land;false;plains;1
96;208;149;153;land;false;plains;1
97;230;112;163;land;false;plains;1
98;229;73;238;land;false;plains;1
99;213;138;243;land;false;plains;1
100;188;224;205;land;false;plains;1
101;241;179;227;land;false;plains;1
102;254;119;165;land;false;plains;1
103;223;174;146;land;false;plains;1
104;165;246;92;land;false;plains;1
105;204;179;218;land;false;plains;1
106;129;148;250;land;false;plains;1
107;103;246;242;land;false;plains;1
108;164;131;212;land;false;plains;1
109;153;196;200;land;false;plains;1
110;92;251;240;land;false;plains;1
111;187;126;195;land;false;plains;1
112;115;236;200;land;false;plains;1
113;240;173;106;land;false;plains;1
114;10;4;9;land;false;plains;1
115;7;12;48;land;false;plains;1
116;2;41;44;land;false;plains;1
117;8;74;11;land;false;plains;1
118;69;16;4;land;false;plains;1
119;46;31;3;land;false;plains;1
120;18;51;12;land;false;plains;1
121;84;1;12;land;false;plains;1
122;5;24;52;land;false;plains;1
123;3;55;26;land;false;plains;1
124;5;13;19;land;false;plains;1
125;16;35;28;land;false;plains;1
126;30;9;18;land;false;plains;1
127;21;37;36;land;false;plains;1
128;18;14;1;land;false;plains;1
129;17;9;21;land;false;plains;1
130;129;244;144;land;false;plains;1
131;250;44;238;land;false;plains;1
132;224;176;134;land;false;plains;1
133;234;253;72;land;false;plains;1
134;184;186;149;land;false;plains;1
135;229;248;149;land;false;plains;1
136;254;127;136;land;false;plains;1
137;166;183;161;land;false;plains;1
138;187;241;116;land;false;plains;1
139;144;220;233;land;false;plains;1
140;174;186;144;land;false;plains;1
141;203;172;212;land;false;plains;1
142;136;243;189;land;false;plains;1
143;230;235;59;land;false;plains;1
144;102;214;253;land;false;plains;1
145;188;177;208;land;false;plains;1
146;80;233;240;land;false;plains;1
147;233;213;157;land;false;plains;1
148;214;121;177;land;false;plains;1
149;114;211;225;land;false;plains;1
150;175;155;220;land;false;plains;1
151;180;249;113;land;false;plains;1
152;223;231;220;land;false;plains;1
153;173;152;204;land;false;plains;1
154;27;8;6;land;false;plains;1
155;210;115;242;land;false;plains;1
156;233;76;206;land;false;plains;1
157;157;170;201;land;false;plains;1
158;242;245;247;land;false;plains;1
159;240;106;218;land;false;plains;1
160;168;222;210;land;false;plains;1
161;205;213;103;land;false;plains;1
162;232;236;122;land;false;plains;1
163;189;229;125;land;false;plains;1
164;230;206;250;land;false;plains;1
165;206;184;149;land;false;plains;1
166;205;175;145;land;false;plains;1
167;167;247;89;land;false;plains;1
168;154;209;182;land;false;plains;1
169;244;144;153;land;false;plains;1
170;240;173;235;land;false;plains;1
171;143;250;166;land;false;plains;1
172;65;230;230;land;false;plains;1
173;237;96;216;land;false;plains;1
174;212;241;126;land;false;plains;1
175;147;194;242;land;false;plains;1
176;88;240;240;land;false;plains;1
177;226;103;210;land;false;plains;1
178;200;223;229;land;false;plains;1
179;244;246;235;land;false;plains;1
180;67;228;240;land;false;plains;1
181;240;155;151;land;false;plains;1
182;204;123;225;land;false;plains;1
183;224;123;213;land;false;plains;1
184;122;223;164;land;false;plains;1
185;11;53;29;land;false;plains;1
186;246;169;109;land;false;plains;1
187;243;228;144;land;false;plains;1
188;213;213;111;land;false;plains;1
189;142;187;235;land;false;plains;1
190;127;207;241;land;false;plains;1
191;228;242;123;land;false;plains;1
192;145;219;162;land;false;plains;1
193;132;253;173;land;false;plains;1
194;113;157;239;land;false;plains;1
195;234;203;152;land;false;plains;1
196;194;111;233;land;false;plains;1
197;166;219;194;land;false;plains;1
198;185;247;171;land;false;plains;1
199;189;234;163;land;false;plains;1
200;219;232;211;land;false;plains;1
201;27;248;237;land;false;plains;1
202;212;159;180;land;false;plains;1
203;193;248;202;land;false;plains;1
204;211;168;150;land;false;plains;1
205;152;229;185;land;false;plains;1
206;213;161;229;land;false;plains;1
207;242;107;178;land;false;plains;1
208;65;246;227;land;false;plains;1
209;77;243;203;land;false;plains;1
210;220;224;178;land;false;plains;1
211;86;251;174;land;false;plains;1
212;244;170;193;land;false;plains;1
213;238;242;242;land;false;plains;1
214;118;247;222;land;false;plains;1
215;221;66;245;land;false;plains;1
216;235;184;91;land;false;plains;1
217;61;248;232;land;false;plains;1
218;235;117;201;land;false;plains;1
219;115;187;228;land;false;plains;1
220;203;189;227;land;false;plains;1
221;222;74;216;land;false;plains;1
222;181;161;199;land;false;plains;1
223;203;182;251;land;false;plains;1
224;139;253;202;land;false;plains;1
225;148;166;242;land;false;plains;1
226;185;201;253;land;false;plains;1
227;139;246;226;land;false;plains;1
228;217;240;184;land;false;plains;1
229;228;173;154;land;false;plains;1
230;114;244;160;land;false;plains;1
231;202;83;225;land;false;plains;1
232;129;240;198;land;false;plains;1
233;169;101;236;land;false;plains;1
234;168;197;244;land;false;plains;1
235;250;226;45;land;false;plains;1
236;206;136;213;land;false;plains;1
237;78;243;240;land;false;plains;1
238;15;10;38;land;false;plains;1
239;11;24;27;land;false;plains;1
240;132;252;252;land;false;plains;1
241;191;186;131;land;false;plains;1
242;129;149;229;land;false;plains;1
243;184;75;250;land;false;plains;1
244;185;222;168;land;false;plains;1
245;195;204;214;land;false;plains;1
246;194;125;236;land;false;plains;1
247;231;246;38;land;false;plains;1
248;237;214;171;land;false;plains;1
249;55;235;250;land;false;plains;1
250;198;158;148;land;false;plains;1
251;243;90;182;land;false;plains;1
252;207;213;229;land;false;plains;1
253;185;230;143;land;false;plains;1
254;229;126;238;land;false;plains;1
255;151;248;192;land;false;plains;1
256;172;231;243;land;false;plains;1
257;232;138;245;land;false;plains;1
258;252;96;189;land;false;plains;1
259;222;232;156;land;false;plains;1
260;78;14;3;land;false;plains;1
261;241;239;216;land;false;plains;1
262;81;254;243;land;false;plains;1
263;6;15;67;land;false;plains;1
264;144;208;219;land;false;plains;1
265;5;38;14;land;false;plains;1
266;13;19;41;land;false;plains;1
267;229;177;162;land;false;plains;1
268;156;233;233;land;false;plains;1
269;230;148;192;land;false;plains;1
270;220;220;64;land;false;plains;1
271;55;206;249;land;false;plains;1
272;173;145;232;land;false;plains;1
273;221;241;121;land;false;plains;1
274;180;108;245;land;false;plains;1
275;15;21;0;land;false;plains;1
276;236;195;222;land;false;plains;1
277;184;167;225;land;false;plains;1
278;241;250;226;land;false;plains;1
279;178;122;228;land;false;plains;1
280;208;129;205;land;false;plains;1
281;239;179;114;land;false;plains;1
282;238;251;59;land;false;plains;1
283;134;252;210;land;false;plains;1
284;243;132;150;land;false;plains;1
285;233;134;241;land;false;plains;1
286;207;250;63;land;false;plains;1
287;15;23;12;land;false;plains;1
288;213;97;194;land;false;plains;1
289;32;12;13;land;false;plains;1
290;222;112;246;land;false;plains;1
291;141;163;204;land;false;plains;1
292;5;75;14;land;false;plains;1
293;150;215;247;land;false;plains;1
294;137;227;233;land;false;plains;1
295;3;249;254;land;false;plains;1
296;135;250;244;land;false;plains;1
297;228;82;228;land;false;plains;1
298;213;188;155;land;false;plains;1
299;188;112;204;land;false;plains;1
300;209;231;140;land;false;plains;1
301;236;164;168;land;false;plains;1
302;215;187;175;land;false;plains;1
303;186;212;184;land;false;plains;1
304;145;190;193;land;false;plains;1
305;41;29;7;land;false;plains;1
306;21;18;58;land;false;plains;1
307;8;8;28;land;false;plains;1
308;166;165;208;land;false;plains;1
309;239;217;155;land;false;plains;1
310;20;16;18;land;false;plains;1
311;250;134;199;land;false;plains;1
312;252;0;251;land;false;plains;1
313;205;163;163;land;false;plains;1
314;139;245;130;land;false;plains;1
315;177;210;124;land;false;plains;1
316;226;183;122;land;false;plains;1
317;166;178;204;land;false;plains;1
318;241;132;153;land;false;plains;1
319;8;41;32;land;false;plains;1
320;196;168;253;land;false;plains;1
321;164;224;156;land;false;plains;1
322;231;144;203;land;false;plains;1
323;43;3;37;land;false;plains;1
324;31;18;14;land;false;plains;1
325;218;227;80;land;false;plains;1
326;161;234;252;land;false;plains;1
327;155;161;216;land;false;plains;1
328;160;96;254;land;false;plains;1
329;223;203;175;land;false;plains;1
330;187;182;215;land;false;plains;1
331;187;228;218;land;false;plains;1
332;2;16;74;land;false;plains;1
333;3;8;37;land;false;plains;1
334;20;28;38;land;false;plains;1
335;211;83;221;land;false;plains;1
336;200;152;150;land;false;plains;1
337;253;235;166;land;false;plains;1
338;29;6;46;land;false;plains;1
339;14;16;18;land;false;plains;1
340;11;9;77;land;false;plains;1
341;30;7;42;land;false;plains;1
342;220;205;238;land;false;plains;1
343;223;209;254;land;false;plains;1
344;210;212;159;land;false;plains;1
345;146;235;148;land;false;plains;1
346;167;248;203;land;false;plains;1
347;111;146;244;land;false;plains;1
348;30;254;217;land;false;plains;1
349;221;127;248;land;false;plains;1
350;246;220;225;land;false;plains;1
351;11;10;42;land;false;plains;1
352;21;0;64;land;false;plains;1
353;192;137;189;land;false;plains;1
354;248;116;157;land;false;plains;1
355;245;72;219;land;false;plains;1
356;247;231;46;land;false;plains;1
357;164;169;202;land;false;plains;1
358;123;192;251;land;false;plains;1
359;227;228;134;land;false;plains;1
360;249;240;19;land;false;plains;1
361;204;209;192;land;false;plains;1
362;223;82;204;land;false;plains;1
363;16;9;53;land;false;plains;1
364;50;23;9;land;false;plains;1
365;246;150;246;land;false;plains;1
366;223;57;232;land;false;plains;1
367;156;194;182;land;false;plains;1
368;186;209;193;land;false;plains;1
369;198;172;204;land;false;plains;1
370;132;221;224;land;false;plains;1
371;123;254;139;land;false;plains;1
372;170;254;251;land;false;plains;1
373;1;17;35;land;false;plains;1
374;26;1;71;land;false;plains;1
375;243;118;249;land;false;plains;1
376;94;224;204;land;false;plains;1
377;142;254;151;land;false;plains;1
378;251;139;228;land;false;plains;1
379;186;111;216;land;false;plains;1
380;37;20;27;land;false;plains;1
381;39;16;2;land;false;plains;1
382;125;191;212;land;false;plains;1
383;168;230;130;land;false;plains;1
384;238;247;245;land;false;plains;1
385;20;16;20;land;false;plains;1
386;15;74;8;land;false;plains;1
387;233;121;195;land;false;plains;1
388;142;184;228;land;false;plains;1
389;207;146;166;land;false;plains;1
390;46;32;2;land;false;plains;1
391;139;189;249;land;false;plains;1
392;130;188;198;land;false;plains;1
393;145;209;162;land;false;plains;1
394;242;137;137;land;false;plains;1
395;146;243;223;land;false;plains;1
396;28;31;17;land;false;plains;1
397;221;209;246;land;false;plains;1
398;63;4;12;land;false;plains;1
399;15;24;7;land;false;plains;1
400;38;23;19;land;false;plains;1
401;182;111;249;land;false;plains;1
402;233;179;170;land;false;plains;1
403;49;8;19;land;false;plains;1
404;65;2;18;land;false;plains;1
405;42;3;31;land;false;plains;1
406;246;252;43;land;false;plains;1
407;49;28;20;land;false;plains;1
408;40;0;59;land;false;plains;1
409;7;0;45;land;false;plains;1
410;246;233;189;land;false;plains;1
411;180;207;151;land;false;plains;1
412;147;134;230;land;false;plains;1
413;223;253;204;land;false;plains;1
414;243;232;254;land;false;plains;1
415;8;17;44;land;false;plains;1
416;39;11;24;land;false;plains;1
417;3;80;3;land;false;plains;1
418;71;0;20;land;false;plains;1
419;4;64;18;land;false;plains;1
420;235;209;152;land;false;plains;1
421;233;155;152;land;false;plains;1
422;239;127;223;land;false;plains;1
423;19;7;15;land;false;plains;1
424;241;254;240;land;false;plains;1
425;220;206;86;land;false;plains;1
426;243;252;37;land;false;plains;1
427;99;252;166;land;false;plains;1
428;197;213;181;land;false;plains;1
429;136;234;223;land;false;plains;1
430;184;216;241;land;false;plains;1
431;154;192;191;land;false;plains;1
432;21;1;66;land;false;plains;1
433;2;16;49;land;false;plains;1
434;239;220;185;land;false;plains;1
435;156;242;137;land;false;plains;1
436;240;168;172;land;false;plains;1
437;16;13;19;land;false;plains;1
438;11;9;7;land;false;plains;1
439;218;238;136;land;false;plains;1
440;16;2;33;land;false;plains;1
441;188;187;190;land;false;plains;1
442;254;219;74;land;false;plains;1
443;250;250;136;land;false;plains;1
444;249;221;161;land;false;plains;1
445;204;211;110;land;false;plains;1
446;225;230;95;land;false;plains;1
447;111;168;243;land;false;plains;1
448;92;0;5;land;false;plains;1
449;53;22;2;land;false;plains;1
450;11;1;24;land;false;plains;1
451;243;190;73;land;false;plains;1
452;178;177;153;land;false;plains;1
453;211;114;183;land;false;plains;1
454;243;140;197;land;false;plains;1
455;171;164;238;land;false;plains;1
456;249;31;241;land;false;plains;1
457;236;210;187;land;false;plains;1
458;210;237;98;land;false;plains;1
459;8;19;1;land;false;plains;1
460;2;57;20;land;false;plains;1
461;34;33;1;land;false;plains;1
462;248;69;229;land;false;plains;1
463;188;247;125;land;false;plains;1
464;15;1;15;land;false;plains;1
465;231;143;141;land;false;plains;1
466;239;190;111;land;false;plains;1
467;32;20;34;land;false;plains;1
468;32;37;13;land;false;plains;1
469;90;245;227;land;false;plains;1
470;240;105;216;land;false;plains;1
471;168;223;167;land;false;plains;1
472;77;3;3;land;false;plains;1
473;5;6;49;land;false;plains;1
474;242;157;145;land;false;plains;1
475;229;249;117;land;false;plains;1
476;129;251;141;land;false;plains;1
477;19;9;27;land;false;plains;1
478;19;57;20;land;false;plains;1
479;55;29;8;land;false;plains;1
480;242;211;48;land;false;plains;1
481;40;14;32;land;false;plains;1
482;154;207;236;land;false;plains;1
483;75;1;20;land;false;plains;1
484;212;151;195;land;false;plains;1
485;198;147;192;land;false;plains;1
486;223;221;235;land;false;plains;1
487;224;105;230;land;false;plains;1
488;12;252;239;land;false;plains;1
489;37;57;5;land;false;plains;1
490;181;212;171;land;false;plains;1
491;185;168;161;land;false;plains;1
492;249;101;177;land;false;plains;1
493;57;8;7;land;false;plains;1
494;26;4;37;land;false;plains;1
495;45;18;6;land;false;plains;1
496;65;9;23;land;false;plains;1
497;167;109;249;land;false;plains;1
498;2;20;26;land;false;plains;1
499;11;62;15;land;false;plains;1
500;193;172;197;land;false;plains;1
501;192;193;243;land;false;plains;1
502;160;227;140;land;false;plains;1
503;74;4;12;land;false;plains;1
504;14;13;31;land;false;plains;1
505;132;166;252;land;false;plains;1
506;229;254;139;land;false;plains;1
507;1;13;82;land;false;plains;1
508;5;56;37;land;false;plains;1
509;162;239;171;land;false;plains;1
510;150;227;216;land;false;plains;1
511;220;240;240;land;false;plains;1
512;138;182;226;land;false;plains;1
513;139;247;235;land;false;plains;1
514;194;199;241;land;false;plains;1
515;226;226;141;land;false;plains;1
516;152;212;210;land;false;plains;1
517;207;221;196;land;false;plains;1
518;232;164;123;land;false;plains;1
519;253;110;235;land;false;plains;1
520;92;188;231;land;false;plains;1
521;58;243;254;land;false;plains;1
522;7;50;10;land;false;plains;1
523;68;3;20;land;false;plains;1
524;205;170;195;land;false;plains;1
525;189;227;254;land;false;plains;1
526;244;248;161;land;false;plains;1
527;149;176;236;land;false;plains;1
528;247;214;79;land;false;plains;1
529;77;0;8;land;false;plains;1
530;230;132;210;land;false;plains;1
531;35;7;55;land;false;plains;1
532;13;13;7;land;false;plains;1
533;44;19;25;land;false;plains;1
534;159;132;242;land;false;plains;1
535;238;143;180;land;false;plains;1
536;46;25;12;land;false;plains;1
537;187;110;214;land;false;plains;1
538;173;175;169;land;false;plains;1
539;225;114;195;land;false;plains;1
540;52;2;4;land;false;plains;1
541;0;14;10;land;false;plains;1
542;152;153;205;land;false;plains;1
543;137;155;242;land;false;plains;1
544;180;206;182;land;false;plains;1
545;154;244;145;land;false;plains;1
546;39;8;40;land;false;plains;1
547;35;31;10;land;false;plains;1
548;212;94;224;land;false;plains;1
549;138;189;242;land;false;plains;1
550;187;103;220;land;false;plains;1
551;188;189;218;land;false;plains;1
552;53;228;241;land;false;plains;1
553;35;35;4;land;false;plains;1
554;12;59;24;land;false;plains;1
555;163;241;169;land;false;plains;1
556;242;139;175;land;false;plains;1
557;23;29;40;land;false;plains;1
558;41;2;1;land;false;plains;1
559;236;180;121;land;false;plains;1
560;219;240;135;land;false;plains;1
561;11;21;57;land;false;plains;1
562;31;9;49;land;false;plains;1
563;237;209;191;land;false;plains;1
564;32;3;10;land;false;plains;1
565;26;54;12;land;false;plains;1
566;19;4;63;land;false;plains;1
567;22;37;34;land;false;plains;1
568;44;28;15;land;false;plains;1
569;183;142;247;land;false;plains;1
570;200;205;219;land;false;plains;1
571;78;8;6;land;false;plains;1
572;234;226;249;land;false;plains;1
573;223;227;59;land;false;plains;1
574;189;161;224;land;false;plains;1
575;21;7;45;land;false;plains;1
576;235;240;182;land;false;plains;1
577;172;245;225;land;false;plains;1
578;227;206;205;land;false;plains;1
579;203;223;76;land;false;plains;1
580;12;14;36;land;false;plains;1
581;229;233;163;land;false;plains;1
582;217;208;100;land;false;plains;1
583;23;8;31;land;false;plains;1
584;227;253;223;land;false;plains;1
585;18;19;22;land;false;plains;1
586;42;10;3;land;false;plains;1
587;16;21;44;land;false;plains;1
588;216;180;124;land;false;plains;1
589;47;27;14;land;false;plains;1
590;19;246;242;land;false;plains;1
591;177;191;167;land;false;plains;1
592;245;164;249;land;false;plains;1
593;69;3;15;land;false;plains;1
594;124;230;232;land;false;plains;1
595;158;151;202;land;false;plains;1
596;159;244;158;land;false;plains;1
597;43;27;6;land;false;plains;1
598;209;228;172;land;false;plains;1
599;41;11;25;land;false;plains;1
600;15;46;12;land;false;plains;1
601;141;254;218;land;false;plains;1
602;232;152;227;land;false;plains;1
603;230;145;129;land;false;plains;1
604;40;10;21;land;false;plains;1
605;20;43;25;land;false;plains;1
606;147;206;176;land;false;plains;1
607;193;190;202;land;false;plains;1
608;11;3;33;land;false;plains;1
609;43;24;16;land;false;plains;1
610;228;195;84;land;false;plains;1
611;246;182;109;land;false;plains;1
612;179;141;254;land;false;plains;1
613;193;233;164;land;false;plains;1
614;243;183;160;land;false;plains;1
615;150;152;224;land;false;plains;1
616;42;3;35;land;false;plains;1
617;3;37;13;land;false;plains;1
618;250;217;252;land;false;plains;1
619;6;9;67;land;false;plains;1
620;3;1;84;land;false;plains;1
621;35;5;24;land;false;plains;1
622;251;180;221;land;false;plains;1
623;247;123;178;land;false;plains;1
624;201;246;111;land;false;plains;1
625;3;14;26;land;false;plains;1
626;24;33;34;land;false;plains;1
627;223;174;211;land;false;plains;1
628;48;20;5;land;false;plains;1
629;160;233;117;land;false;plains;1
630;143;230;184;land;false;plains;1
631;236;218;210;land;false;plains;1
632;207;245;151;land;false;plains;1
633;13;21;1;land;false;plains;1
634;24;12;51;land;false;plains;1
635;199;186;150;land;false;plains;1
636;197;239;233;land;false;plains;1
637;243;135;237;land;false;plains;1
638;39;14;1;land;false;plains;1
639;201;252;236;land;false;plains;1
640;225;194;130;land;false;plains;1
641;14;40;13;land;false;plains;1
642;46;38;1;land;false;plains;1
643;5;60;11;land;false;plains;1
644;211;104;218;land;false;plains;1
645;222;64;226;land;false;plains;1
646;126;242;160;land;false;plains;1
647;237;211;231;land;false;plains;1
648;63;15;20;land;false;plains;1
649;211;245;45;land;false;plains;1
650;10;41;28;land;false;plains;1
651;122;180;211;land;false;plains;1
652;229;225;253;land;false;plains;1
653;183;166;177;land;false;plains;1
654;32;52;10;land;false;plains;1
655;252;168;236;land;false;plains;1
656;0;75;3;land;false;plains;1
657;20;50;28;land;false;plains;1
658;196;224;129;land;false;plains;1
659;229;80;217;land;false;plains;1
660;91;172;247;land;false;plains;1
661;1;37;31;land;false;plains;1
662;144;171;188;land;false;plains;1
663;200;96;224;land;false;plains;1
664;191;235;119;land;false;plains;1
665;234;197;109;land;false;plains;1
666;8;23;55;land;false;plains;1
667;62;7;21;land;false;plains;1
668;45;10;23;land;false;plains;1
669;32;30;6;land;false;plains;1
670;177;212;196;land;false;plains;1
671;254;191;201;land;false;plains;1
672;17;21;36;land;false;plains;1
673;7;13;57;land;false;plains;1
674;9;16;24;land;false;plains;1
675;244;213;105;land;false;plains;1
676;54;35;9;land;false;plains;1
677;52;14;33;land;false;plains;1
678;51;27;20;land;false;plains;1
679;9;57;7;land;false;plains;1
680;184;114;236;land;false;plains;1
681;41;27;9;land;false;plains;1
682;40;4;38;land;false;plains;1
683;243;83;188;land;false;plains;1
684;234;136;152;land;false;plains;1
685;248;38;242;land;false;plains;1
686;171;241;211;land;false;plains;1
687;220;90;233;land;false;plains;1
688;0;6;12;land;false;plains;1
689;211;96;215;land;false;plains;1
690;196;216;150;land;false;plains;1
691;183;248;202;land;false;plains;1
692;36;20;35;land;false;plains;1
693;13;60;12;land;false;plains;1
694;29;27;22;land;false;plains;1
695;3;36;3;land;false;plains;1
696;188;161;193;land;false;plains;1
697;187;199;141;land;false;plains;1
698;54;9;25;land;false;plains;1
699;10;9;29;land;false;plains;1
700;51;16;18;land;false;plains;1
701;6;56;1;land;false;plains;1
702;12;32;40;land;false;plains;1
703;39;54;3;land;false;plains;1
704;26;19;49;land;false;plains;1
705;36;5;39;land;false;plains;1
706;25;7;41;land;false;plains;1
707;200;169;160;land;false;plains;1
708;35;46;5;land;false;plains;1
709;9;13;24;land;false;plains;1
710;8;10;24;land;false;plains;1
711;20;1;38;land;false;plains;1
712;46;18;17;land;false;plains;1
713;43;7;38;land;false;plains;1
714;17;13;32;land;false;plains;1
715;0;63;10;land;false;plains;1
716;51;2;37;land;false;plains;1
717;20;63;8;land;false;plains;1
718;24;7;2;land;false;plains;1
719;40;15;29;land;false;plains;1
720;1;24;7;land;false;plains;1
721;39;17;34;land;false;plains;1
722;62;12;2;land;false;plains;1
723;1;25;8;land;false;plains;1
724;40;14;18;land;false;plains;1
725;203;230;224;land;false;plains;1
726;235;55;211;land;false;plains;1
727;136;252;223;land;false;plains;1
728;35;39;24;land;false;plains;1
729;6;37;38;land;false;plains;1
730;221;126;238;land;false;plains;1
731;18;52;15;land;false;plains;1
732;0;30;39;land;false;plains;1
733;15;22;33;land;false;plains;1
734;20;36;16;land;false;plains;1
735;19;1;42;land;false;plains;1
736;25;14;52;land;false;plains;1
737;91;4;2;land;false;plains;1
738;34;26;15;land;false;plains;1
739;22;69;6;land;false;plains;1
740;15;35;28;land;false;plains;1
741;4;73;4;land;false;plains;1
742;161;219;139;land;false;plains;1
743;21;27;11;land;false;plains;1
744;32;19;27;land;false;plains;1
745;71;0;11;land;false;plains;1
746;252;123;247;land;false;plains;1
747;10;20;7;land;false;plains;1
748;162;175;164;land;false;plains;1
749;17;60;20;land;false;plains;1
750;39;2;50;land;false;plains;1
751;61;31;4;land;false;plains;1
752;13;26;13;land;false;plains;1
753;212;115;237;land;false;plains;1
754;1;87;6;land;false;plains;1
755;55;0;23;land;false;plains;1
756;175;137;227;land;false;plains;1
757;6;20;56;land;false;plains;1
758;43;51;0;land;false;plains;1
759;35;10;5;land;false;plains;1
760;46;4;46;land;false;plains;1
761;65;8;8;land;false;plains;1
762;28;13;9;land;false;plains;1
763;40;19;22;land;false;plains;1
764;27;50;0;land;false;plains;1
765;11;16;29;land;false;plains;1
766;15;50;0;land;false;plains;1
767;36;22;25;land;false;plains;1
768;22;66;1;land;false;plains;1
769;64;5;22;land;false;plains;1
770;24;13;29;land;false;plains;1
771;42;8;3;land;false;plains;1
772;48;19;0;land;false;plains;1
773;5;42;26;land;false;plains;1
774;61;21;4;land;false;plains;1
775;7;46;7;land;false;plains;1
776;45;1;21;land;false;plains;1
777;14;68;13;land;false;plains;1
778;24;16;12;land;false;plains;1
779;37;9;19;land;false;plains;1
780;4;1;91;land;false;plains;1
781;28;24;9;land;false;plains;1
782;32;8;7;land;false;plains;1
783;44;31;18;land;false;plains;1
784;0;16;71;land;false;plains;1
785;5;29;11;land;false;plains;1
786;13;23;13;land;false;plains;1
787;24;6;4;land;false;plains;1
788;51;6;17;land;false;plains;1
789;75;8;10;land;false;plains;1
790;0;11;86;land;false;plains;1
791;17;69;8;land;false;plains;1
792;5;37;27;land;false;plains;1
793;12;2;1;land;false;plains;1
794;82;2;13;land;false;plains;1
795;10;0;56;land;false;plains;1
796;25;20;14;land;false;plains;1
797;4;79;15;land;false;plains;1
798;49;31;2;land;false;plains;1
799;3;0;78;land;false;plains;1
800;3;92;2;land;false;plains;1
801;53;10;2;land;false;plains;1
802;21;31;40;land;false;plains;1
803;37;35;9;land;false;plains;1
804;13;2;78;land;false;plains;1
805;22;31;7;land;false;plains;1
806;22;9;0;land;false;plains;1
807;5;44;44;land;false;plains;1
808;8;25;65;land;false;plains;1
809;57;14;0;land;false;plains;1
810;47;9;41;land;false;plains;1
811;5;20;45;land;false;plains;1
812;30;2;0;land;false;plains;1
813;22;30;41;land;false;plains;1
814;51;21;17;land;false;plains;1
815;16;54;3;land;false;plains;1
816;27;8;41;land;false;plains;1
817;40;0;50;land;false;plains;1
818;9;24;55;land;false;plains;1
819;18;45;1;land;false;plains;1
820;10;22;29;land;false;plains;1
821;0;37;53;land;false;plains;1
822;3;43;11;land;false;plains;1
823;5;16;5;land;false;plains;1
824;25;19;1;land;false;plains;1
825;53;9;16;land;false;plains;1
826;69;18;7;land;false;plains;1
827;12;7;2;land;false;plains;1
828;9;57;25;land;false;plains;1
829;8;32;12;land;false;plains;1
830;25;55;17;land;false;plains;1
831;36;18;32;land;false;plains;1
832;10;77;9;land;false;plains;1
833;34;12;5;land;false;plains;1
834;50;9;35;land;false;plains;1
835;35;11;14;land;false;plains;1
836;18;7;15;land;false;plains;1
837;1;7;73;land;false;plains;1
838;59;15;2;land;false;plains;1
839;6;74;5;land;false;plains;1
840;15;66;6;land;false;plains;1
841;6;26;27;land;false;plains;1
842;24;5;11;land;false;plains;1
843;0;61;2;land;false;plains;1
844;0;35;51;land;false;plains;1
845;15;18;54;land;false;plains;1
846;0;17;17;land;false;plains;1
847;14;26;53;land;false;plains;1
848;45;16;13;land;false;plains;1
849;65;19;5;land;false;plains;1
850;2;0;2;land;false;plains;1
851;44;21;14;land;false;plains;1
852;9;14;13;land;false;plains;1
853;22;9;1;land;false;plains;1
854;68;13;1;land;false;plains;1
855;5;69;9;land;false;plains;1
856;53;0;0;land;false;plains;1
857;1;6;44;land;false;plains;1
858;11;65;18;land;false;plains;1
859;19;59;16;land;false;plains;1
860;11;87;0;land;false;plains;1
861;9;3;68;land;false;plains;1
862;24;37;6;land;false;plains;1
863;48;22;6;land;false;plains;1
864;23;10;29;land;false;plains;1
865;10;41;10;land;false;plains;1
866;26;29;18;land;false;plains;1
867;3;45;0;land;false;plains;1
868;28;31;13;land;false;plains;1
869;21;45;25;land;false;plains;1
870;6;22;60;land;false;plains;1
871;67;20;3;land;false;plains;1
872;27;6;4;land;false;plains;1
873;32;10;2;land;false;plains;1
874;52;3;34;land;false;plains;1
875;8;38;5;land;false;plains;1
876;34;52;6;land;false;plains;1
877;2;22;35;land;false;plains;1
878;8;51;24;land;false;plains;1
879;26;41;11;land;false;plains;1
880;64;14;4;land;false;plains;1
881;57;0;35;land;false;plains;1
882;32;7;59;land;false;plains;1
883;2;4;23;land;false;plains;1
884;16;36;11;land;false;plains;1
885;54;4;34;land;false;plains;1
886;47;36;1;land;false;plains;1
887;61;8;6;land;false;plains;1
888;6;37;20;land;false;plains;1
889;10;32;42;land;false;plains;1
890;38;1;35;land;false;plains;1
891;25;39;17;land;false;plains;1
892;4;9;57;land;false;plains;1
893;75;2;22;land;false;plains;1
894;18;2;26;land;false;plains;1
895;4;54;0;land;false;plains;1
896;51;8;10;land;false;plains;1
897;17;13;0;land;false;plains;1
898;4;51;8;land;false;plains;1
899;5;69;14;land;false;plains;1
900;1;25;11;land;false;plains;1
901;36;9;14;land;false;plains;1
902;34;18;33;land;false;plains;1
903;12;38;19;land;false;plains;1
904;7;19;56;land;false;plains;1
905;11;38;21;land;false;plains;1
906;17;51;3;land;false;plains;1
907;16;6;11;land;false;plains;1
908;28;16;18;land;false;plains;1
909;26;11;61;land;false;plains;1
910;7;6;32;land;false;plains;1
911;3;71;12;land;false;plains;1
912;44;23;23;land;false;plains;1
913;24;5;18;land;false;plains;1
914;13;31;14;land;false;plains;1
915;69;6;6;land;false;plains;1
916;12;55;20;land;false;plains;1
917;33;14;41;land;false;plains;1
918;11;24;44;land;false;plains;1
919;72;2;22;land;false;plains;1
920;19;1;29;land;false;plains;1
921;2;7;3;land;false;plains;1
922;22;67;5;land;false;plains;1
923;27;33;10;land;false;plains;1
924;51;17;24;land;false;plains;1
925;22;22;25;land;false;plains;1
926;24;41;3;land;false;plains;1
927;18;40;32;land;false;plains;1
928;10;36;6;land;false;plains;1
929;26;35;11;land;false;plains;1
930;34;1;12;land;false;plains;1
931;55;0;41;land;false;plains;1
932;50;17;28;land;false;plains;1
933;13;6;32;land;false;plains;1
934;45;16;28;land;false;plains;1
935;15;10;71;land;false;plains;1
936;236;121;238;land;false;plains;1
937;17;16;51;land;false;plains;1
938;3;1;87;land;false;plains;1
939;185;195;227;land;false;plains;1
940;35;8;19;land;false;plains;1
941;44;2;42;land;false;plains;1
942;239;202;253;land;false;plains;1
943;38;2;49;land;false;plains;1
944;0;10;26;land;false;plains;1
945;116;246;143;land;false;plains;1
946;26;32;13;land;false;plains;1
947;30;10;54;land;false;plains;1
948;21;59;3;land;false;plains;1
949;15;27;14;land;false;plains;1
950;3;58;19;land;false;plains;1
951;35;6;50;land;false;plains;1
952;1;26;18;land;false;plains;1
953;17;39;26;land;false;plains;1
954;3;62;4;land;false;plains;1
955;66;17;8;land;false;plains;1
956;34;25;16;land;false;plains;1
957;8;11;73;land;false;plains;1
958;215;235;64;land;false;plains;1
959;39;36;14;land;false;plains;1
960;9;21;24;land;false;plains;1
961;4;12;5;land;false;plains;1
962;65;11;18;land;false;plains;1
963;18;45;36;land;false;plains;1
964;182;244;115;land;false;plains;1
965;75;12;0;land;false;plains;1
966;11;2;76;land;false;plains;1
967;32;4;3;land;false;plains;1
968;35;4;37;land;false;plains;1
969;70;2;12;land;false;plains;1
970;42;21;21;land;false;plains;1
971;173;250;143;land;false;plains;1
972;6;9;24;land;false;plains;1
973;30;5;46;land;false;plains;1
974;11;30;26;land;false;plains;1
975;182;214;234;land;false;plains;1
976;10;6;44;land;false;plains;1
977;46;9;3;land;false;plains;1
978;35;43;16;land;false;plains;1
979;64;1;29;land;false;plains;1
980;240;173;225;land;false;plains;1
981;143;205;253;land;false;plains;1
982;32;24;8;land;false;plains;1
983;45;24;0;land;false;plains;1
984;253;158;227;land;false;plains;1
985;23;6;2;land;false;plains;1
986;1;55;30;land;false;plains;1
987;16;53;3;land;false;plains;1
988;6;0;48;land;false;plains;1
989;168;152;211;land;false;plains;1
990;254;251;139;land;false;plains;1
991;54;2;3;land;false;plains;1
992;223;228;232;land;false;plains;1
993;192;238;87;land;false;plains;1
994;203;180;160;land;false;plains;1
995;125;156;250;land;false;plains;1
996;251;204;110;land;false;plains;1
997;63;21;63;land;false;plains;1
998;159;147;249;land;false;plains;1
999;49;3;34;land;false;plains;1
1000;210;200;244;land;false;plains;1
1001;193;187;133;land;false;plains;1
1002;224;154;172;land;false;plains;1
1003;0;34;36;land;false;plains;1
1004;181;149;211;land;false;plains;1
1005;3;0;84;land;false;plains;1
1006;36;12;50;land;false;plains;1
1007;104;190;250;land;false;plains;1
1008;232;214;84;land;false;plains;1
1009;11;71;16;land;false;plains;1
1010;204;243;227;land;false;plains;1
1011;114;244;192;land;false;plains;1
1012;217;224;228;land;false;plains;1
1013;201;136;180;land;false;plains;1
1014;202;215;214;land;false;plains;1
1015;13;58;3;land;false;plains;1
1016;8;3;81;land;false;plains;1
1017;1;8;48;land;false;plains;1
1018;55;4;21;land;false;plains;1
1019;188;230;202;land;false;plains;1
1020;246;61;226;land;false;plains;1
1021;200;68;247;land;false;plains;1
1022;244;207;183;land;false;plains;1
1023;212;138;212;land;false;plains;1
1024;98;208;202;land;false;plains;1
1025;27;19;23;land;false;plains;1
1026;180;216;201;land;false;plains;1
1027;11;33;50;land;false;plains;1
1028;2;17;19;land;false;plains;1
1029;239;74;193;land;false;plains;1
1030;219;188;104;land;false;plains;1
1031;253;204;211;land;false;plains;1
1032;186;166;241;land;false;plains;1
1033;35;13;16;land;false;plains;1
1034;242;242;231;land;false;plains;1
1035;11;72;7;land;false;plains;1
1036;39;229;252;land;false;plains;1
1037;59;4;24;land;false;plains;1
1038;213;223;92;land;false;plains;1
1039;86;3;10;land;false;plains;1
1040;51;22;12;land;false;plains;1
1041;10;13;12;land;false;plains;1
1042;174;254;144;land;false;plains;1
1043;23;3;47;land;false;plains;1
1044;9;79;3;land;false;plains;1
1045;10;34;22;land;false;plains;1
1046;144;148;236;land;false;plains;1
1047;118;145;253;land;false;plains;1
1048;0;24;62;land;false;plains;1
1049;188;138;206;land;false;plains;1
1050;180;226;156;land;false;plains;1
1051;169;158;182;land;false;plains;1
1052;26;21;27;land;false;plains;1
1053;116;228;221;land;false;plains;1
1054;34;8;2;land;false;plains;1
1055;47;16;0;land;false;plains;1
1056;22;0;56;land;false;plains;1
1057;64;10;2;land;false;plains;1
1058;8;32;30;land;false;plains;1
1059;58;0;23;land;false;plains;1
1060;247;176;124;land;false;plains;1
1061;244;163;185;land;false;plains;1
1062;224;119;239;land;false;plains;1
1063;72;14;8;land;false;plains;1
1064;13;56;6;land;false;plains;1
1065;3;63;18;land;false;plains;1
1066;12;8;76;land;false;plains;1
1067;178;190;223;land;false;plains;1
1068;0;69;8;land;false;plains;1
1069;221;113;233;land;false;plains;1
1070;67;195;254;land;false;plains;1
1071;0;5;81;land;false;plains;1
1072;10;62;17;land;false;plains;1
1073;43;43;4;land;false;plains;1
1074;56;6;24;land;false;plains;1
1075;231;211;133;land;false;plains;1
1076;13;8;62;land;false;plains;1
1077;111;217;184;land;false;plains;1
1078;210;223;122;land;false;plains;1
1079;251;219;150;land;false;plains;1
1080;164;212;130;land;false;plains;1
1081;172;171;166;land;false;plains;1
1082;168;241;158;land;false;plains;1
1083;27;3;26;land;false;plains;1
1084;168;158;189;land;false;plains;1
1085;215;230;136;land;false;plains;1
1086;23;24;5;land;false;plains;1
1087;4;32;3;land;false;plains;1
1088;61;0;28;land;false;plains;1
1089;145;161;234;land;false;plains;1
1090;251;148;130;land;false;plains;1
1091;251;243;218;land;false;plains;1
1092;23;51;22;land;false;plains;1
1093;15;19;43;land;false;plains;1
1094;21;34;10;land;false;plains;1
1095;8;17;47;land;false;plains;1
1096;3;43;35;land;false;plains;1
1097;24;2;9;land;false;plains;1
1098;19;2;38;land;false;plains;1
1099;137;169;248;land;false;plains;1
1100;170;129;237;land;false;plains;1
1101;193;211;112;land;false;plains;1
1102;65;3;3;land;false;plains;1
1103;32;11;34;land;false;plains;1
1104;5;16;27;land;false;plains;1
1105;12;23;41;land;false;plains;1
1106;240;198;183;land;false;plains;1
1107;82;11;4;land;false;plains;1
1108;57;16;22;land;false;plains;1
1109;29;19;32;land;false;plains;1
1110;205;139;174;land;false;plains;1
1111;233;216;187;land;false;plains;1
1112;0;28;63;land;false;plains;1
1113;0;5;50;land;false;plains;1
1114;13;9;14;land;false;plains;1
1115;1;51;42;land;false;plains;1
1116;69;22;3;land;false;plains;1
1117;148;240;216;land;false;plains;1
1118;40;0;10;land;false;plains;1
1119;39;7;20;land;false;plains;1
1120;79;234;229;land;false;plains;1
1121;15;1;18;land;false;plains;1
1122;126;188;236;land;false;plains;1
1123;138;240;206;land;false;plains;1
1124;31;11;24;land;false;plains;1
1125;239;105;192;land;false;plains;1
1126;105;221;185;land;false;plains;1
1127;28;16;40;land;false;plains;1
1128;47;20;32;land;false;plains;1
1129;7;29;49;land;false;plains;1
1130;12;64;22;land;false;plains;1
1131;250;238;230;land;false;plains;1
1132;221;205;121;land;false;plains;1
1133;6;3;9;land;false;plains;1
1134;220;172;209;land;false;plains;1
1135;3;6;62;land;false;plains;1
1136;18;15;51;land;false;plains;1
1137;7;17;42;land;false;plains;1
1138;190;155;177;land;false;plains;1
1139;48;11;10;land;false;plains;1
1140;252;236;111;land;false;plains;1
1141;22;24;2;land;false;plains;1
1142;223;203;179;land;false;plains;1
1143;198;237;247;land;false;plains;1
1144;8;3;74;land;false;plains;1
1145;20;6;18;land;false;plains;1
1146;37;33;10;land;false;plains;1
1147;12;0;75;land;false;plains;1
1148;237;180;174;land;false;plains;1
1149;20;24;47;land;false;plains;1
1150;33;5;19;land;false;plains;1
1151;24;1;72;land;false;plains;1
1152;0;38;60;land;false;plains;1
1153;11;8;58;land;false;plains;1
1154;149;142;247;land;false;plains;1
1155;26;1;33;land;false;plains;1
1156;220;149;199;land;false;plains;1
1157;213;152;205;land;false;plains;1
1158;217;238;50;land;false;plains;1
1159;240;251;70;land;false;plains;1
1160;12;45;5;land;false;plains;1
1161;224;123;222;land;false;plains;1
1162;205;159;150;land;false;plains;1
1163;24;11;62;land;false;plains;1
1164;61;23;7;land;false;plains;1
1165;6;69;19;land;false;plains;1
1166;4;4;58;land;false;plains;1
1167;5;26;58;land;false;plains;1
1168;2;14;31;land;false;plains;1
1169;15;25;8;land;false;plains;1
1170;49;17;2;land;false;plains;1
1171;5;33;16;land;false;plains;1
1172;4;50;36;land;false;plains;1
1173;0;40;52;land;false;plains;1
1174;224;208;216;land;false;plains;1
1175;181;141;244;land;false;plains;1
1176;18;16;23;land;false;plains;1
1177;191;226;93;land;false;plains;1
1178;242;206;118;land;false;plains;1
1179;164;221;234;land;false;plains;1
1180;24;11;24;land;false;plains;1
1181;2;5;73;land;false;plains;1
1182;17;35;8;land;false;plains;1
1183;186;146;246;land;false;plains;1
1184;64;17;18;land;false;plains;1
1185;7;9;52;land;false;plains;1
1186;35;37;16;land;false;plains;1
1187;14;21;8;land;false;plains;1
1188;160;240;230;land;false;plains;1
1189;9;29;40;land;false;plains;1
1190;185;239;80;land;false;plains;1
1191;194;145;218;land;false;plains;1
1192;166;238;241;land;false;plains;1
1193;58;9;23;land;false;plains;1
1194;249;219;36;land;false;plains;1
1195;1;26;48;land;false;plains;1
1196;90;6;0;land;false;plains;1
1197;196;163;202;land;false;plains;1
1198;53;0;10;land;false;plains;1
1199;22;10;16;land;false;plains;1
1200;51;9;33;land;false;plains;1
1201;33;26;6;land;false;plains;1
1202;27;28;5;land;false;plains;1
1203;19;32;32;land;false;plains;1
1204;51;14;24;land;false;plains;1
1205;14;32;45;land;false;plains;1
1206;95;249;253;land;false;plains;1
1207;4;38;29;land;false;plains;1
1208;43;11;38;land;false;plains;1
1209;242;45;230;land;false;plains;1
1210;136;221;254;land;false;plains;1
1211;202;125;230;land;false;plains;1
1212;25;40;14;land;false;plains;1
1213;71;3;3;land;false;plains;1
1214;170;209;203;land;false;plains;1
1215;212;129;246;land;false;plains;1
1216;99;229;183;land;false;plains;1
1217;6;21;2;land;false;plains;1
1218;11;26;26;land;false;plains;1
1219;200;57;253;land;false;plains;1
1220;8;73;0;land;false;plains;1
1221;10;36;28;land;false;plains;1
1222;2;17;20;land;false;plains;1
1223;25;27;7;land;false;plains;1
1224;228;230;95;land;false;plains;1
1225;235;222;135;land;false;plains;1
1226;23;23;35;land;false;plains;1
1227;9;20;32;land;false;plains;1
1228;240;149;155;land;false;plains;1
1229;21;26;34;land;false;plains;1
1230;181;149;209;land;false;plains;1
1231;28;7;41;land;false;plains;1
1232;244;216;214;land;false;plains;1
1233;64;13;4;land;false;plains;1
1234;16;14;22;land;false;plains;1
1235;16;22;3;land;false;plains;1
1236;155;200;236;land;false;plains;1
1237;191;131;233;land;false;plains;1
1238;0;22;17;land;false;plains;1
1239;39;12;43;land;false;plains;1
1240;189;238;171;land;false;plains;1
1241;179;221;150;land;false;plains;1
1242;0;53;11;land;false;plains;1
1243;169;145;201;land;false;plains;1
1244;1;19;60;land;false;plains;1
1245;6;22;15;land;false;plains;1
1246;11;52;33;land;false;plains;1
1247;30;25;32;land;false;plains;1
1248;13;14;25;land;false;plains;1
1249;44;19;4;land;false;plains;1
1250;102;168;253;land;false;plains;1
1251;225;143;187;land;false;plains;1
1252;247;254;160;land;false;plains;1
1253;14;35;37;land;false;plains;1
1254;62;2;13;land;false;plains;1
1255;46;30;19;land;false;plains;1
1256;5;11;4;land;false;plains;1
1257;98;213;224;land;false;plains;1
1258;7;29;22;land;false;plains;1
1259;175;223;236;land;false;plains;1
1260;48;21;13;land;false;plains;1
1261;0;4;59;land;false;plains;1
1262;162;241;102;land;false;plains;1
1263;29;17;1;land;false;plains;1
1264;32;48;19;land;false;plains;1
1265;11;3;23;land;false;plains;1
1266;15;3;4;land;false;plains;1
1267;148;172;229;land;false;plains;1
1268;54;4;19;land;false;plains;1
1269;24;12;5;land;false;plains;1
1270;39;32;6;land;false;plains;1
1271;76;233;205;land;false;plains;1
1272;208;110;187;land;false;plains;1
1273;19;8;3;land;false;plains;1
1274;0;0;13;land;false;plains;1
1275;142;247;146;land;false;plains;1
1276;17;30;20;land;false;plains;1
1277;2;68;5;land;false;plains;1
1278;122;243;180;land;false;plains;1
1279;71;6;13;land;false;plains;1
1280;14;42;34;land;false;plains;1
1281;237;142;162;land;false;plains;1
1282;32;254;250;land;false;plains;1
1283;36;19;35;land;false;plains;1
1284;32;11;28;land;false;plains;1
1285;2;12;53;land;false;plains;1
1286;56;13;12;land;false;plains;1
1287;246;229;40;land;false;plains;1
1288;139;193;176;land;false;plains;1
1289;239;206;110;land;false;plains;1
1290;4;61;33;land;false;plains;1
1291;247;161;247;land;false;plains;1
1292;140;137;248;land;false;plains;1
1293;243;135;182;land;false;plains;1
1294;4;53;7;land;false;plains;1
1295;0;58;41;land;false;plains;1
1296;20;40;6;land;false;plains;1
1297;163;199;146;land;false;plains;1
1298;28;46;20;land;false;plains;1
1299;53;19;22;land;false;plains;1
1300;30;13;7;land;false;plains;1
1301;238;204;155;land;false;plains;1
1302;75;216;238;land;false;plains;1
1303;192;183;181;land;false;plains;1
1304;24;56;16;land;false;plains;1
1305;162;211;154;land;false;plains;1
1306;146;140;246;land;false;plains;1
1307;36;29;10;land;false;plains;1
1308;197;152;208;land;false;plains;1
1309;195;197;215;land;false;plains;1
1310;9;68;12;land;false;plains;1
1311;155;238;246;land;false;plains;1
1312;12;61;14;land;false;plains;1
1313;184;222;113;land;false;plains;1
1314;240;220;63;land;false;plains;1
1315;205;181;154;land;false;plains;1
1316;223;225;217;land;false;plains;1
1317;53;0;25;land;false;plains;1
1318;90;193;235;land;false;plains;1
1319;216;201;106;land;false;plains;1
1320;251;111;148;land;false;plains;1
1321;12;53;19;land;false;plains;1
1322;10;38;19;land;false;plains;1
1323;241;169;218;land;false;plains;1
1324;219;190;234;land;false;plains;1
1325;10;41;14;land;false;plains;1
1326;55;34;7;land;false;plains;1
1327;192;224;180;land;false;plains;1
1328;197;195;133;land;false;plains;1
1329;26;38;5;land;false;plains;1
1330;158;149;230;land;false;plains;1
1331;191;236;98;land;false;plains;1
1332;8;77;11;land;false;plains;1
1333;177;206;175;land;false;plains;1
1334;114;203;253;land;false;plains;1
1335;65;17;6;land;false;plains;1
1336;3;7;41;land;false;plains;1
1337;166;118;240;land;false;plains;1
1338;17;15;36;land;false;plains;1
1339;42;27;16;land;false;plains;1
1340;223;221;118;land;false;plains;1
1341;26;43;17;land;false;plains;1
1342;17;36;25;land;false;plains;1
1343;215;211;100;land;false;plains;1
1344;150;207;181;land;false;plains;1
1345;27;33;34;land;false;plains;1
1346;163;131;252;land;false;plains;1
1347;204;200;215;land;false;plains;1
1348;168;159;195;land;false;plains;1
1349;217;219;69;land;false;plains;1
1350;8;52;4;land;false;plains;1
1351;211;150;251;land;false;plains;1
1352;17;51;4;land;false;plains;1
1353;222;208;117;land;false;plains;1
1354;181;166;198;land;false;plains;1
1355;120;212;251;land;false;plains;1
1356;183;222;219;land;false;plains;1
1357;53;30;10;land;false;plains;1
1358;4;3;46;land;false;plains;1
1359;34;27;34;land;false;plains;1
1360;210;82;248;land;false;plains;1
1361;112;252;246;land;false;plains;1
1362;24;57;14;land;false;plains;1
1363;5;10;6;land;false;plains;1
1364;196;169;146;land;false;plains;1
1365;7;21;3;land;false;plains;1
1366;206;195;195;land;false;plains;1
1367;254;197;237;land;false;plains;1
1368;249;126;251;land;false;plains;1
1369;233;229;234;land;false;plains;1
1370;193;182;146;land;false;plains;1
1371;250;143;130;land;false;plains;1
1372;210;112;251;land;false;plains;1
1373;39;58;1;land;false;plains;1
1374;203;235;251;land;false;plains;1
1375;76;8;0;land;false;plains;1
1376;223;105;192;land;false;plains;1
1377;45;22;9;land;false;plains;1
1378;193;222;141;land;false;plains;1
1379;14;4;40;land;false;plains;1
1380;19;28;47;land;false;plains;1
1381;8;50;17;land;false;plains;1
1382;226;198;243;land;false;plains;1
1383;243;179;99;land;false;plains;1
1384;176;214;117;land;false;plains;1
1385;241;154;170;land;false;plains;1
1386;38;57;2;land;false;plains;1
1387;56;15;27;land;false;plains;1
1388;3;22;7;land;false;plains;1
1389;36;19;9;land;false;plains;1
1390;41;9;26;land;false;plains;1
1391;9;13;75;land;false;plains;1
1392;156;244;180;land;false;plains;1
1393;17;43;15;land;false;plains;1
1394;237;204;207;land;false;plains;1
1395;31;4;13;land;false;plains;1
1396;4;37;14;land;false;plains;1
1397;28;24;33;land;false;plains;1
1398;250;104;216;land;false;plains;1
1399;4;7;65;land;false;plains;1
1400;155;248;106;land;false;plains;1
1401;177;143;194;land;false;plains;1
1402;250;195;115;land;false;plains;1
1403;64;1;13;land;false;plains;1
1404;59;30;2;land;false;plains;1
1405;198;217;254;land;false;plains;1
1406;147;195;166;land;false;plains;1
1407;64;24;11;land;false;plains;1
1408;195;183;246;land;false;plains;1
1409;24;14;6;land;false;plains;1
1410;46;33;19;land;false;plains;1
1411;71;251;205;land;false;plains;1
1412;149;221;138;land;false;plains;1
1413;20;19;8;land;false;plains;1
1414;204;224;153;land;false;plains;1
1415;79;9;0;land;false;plains;1
1416;207;166;227;land;false;plains;1
1417;250;252;82;land;false;plains;1
1418;25;26;6;land;false;plains;1
1419;3;18;62;land;false;plains;1
1420;228;143;186;land;false;plains;1
1421;14;70;9;land;false;plains;1
1422;170;246;112;land;false;plains;1
1423;1;11;38;land;false;plains;1
1424;97;204;222;land;false;plains;1
1425;6;14;33;land;false;plains;1
1426;30;18;50;land;false;plains;1
1427;237;173;113;land;false;plains;1
1428;4;81;7;land;false;plains;1
1429;252;147;191;land;false;plains;1
1430;4;9;47;land;false;plains;1
1431;182;90;241;land;false;plains;1
1432;35;18;27;land;false;plains;1
1433;114;222;227;land;false;plains;1
1434;13;42;25;land;false;plains;1
1435;194;148;195;land;false;plains;1
1436;117;222;206;land;false;plains;1
1437;148;238;252;land;false;plains;1
1438;37;45;10;land;false;plains;1
1439;7;64;8;land;false;plains;1
1440;14;55;4;land;false;plains;1
1441;218;104;220;land;false;plains;1
1442;26;1;46;land;false;plains;1
1443;179;226;160;land;false;plains;1
1444;113;220;198;land;false;plains;1
1445;216;253;119;land;false;plains;1
1446;37;6;25;land;false;plains;1
1447;23;59;9;land;false;plains;1
1448;202;220;97;land;false;plains;1
1449;166;214;209;land;false;plains;1
1450;158;235;223;land;false;plains;1
1451;223;225;188;land;false;plains;1
1452;42;7;20;land;false;plains;1
1453;220;80;250;land;false;plains;1
1454;222;175;250;land;false;plains;1
1455;56;18;8;land;false;plains;1
1456;168;190;253;land;false;plains;1
1457;234;72;209;land;false;plains;1
1458;22;36;12;land;false;plains;1
1459;151;105;249;land;false;plains;1
1460;36;25;2;land;false;plains;1
1461;7;17;45;land;false;plains;1
1462;19;50;29;land;false;plains;1
1463;27;53;3;land;false;plains;1
1464;41;5;4;land;false;plains;1
1465;28;30;9;land;false;plains;1
1466;223;94;237;land;false;plains;1
1467;11;0;29;land;false;plains;1
1468;190;250;86;land;false;plains;1
1469;61;11;20;land;false;plains;1
1470;201;181;138;land;false;plains;1
1471;15;55;0;land;false;plains;1
1472;52;0;23;land;false;plains;1
1473;55;6;3;land;false;plains;1
1474;48;12;0;land;false;plains;1
1475;183;98;229;land;false;plains;1
1476;21;37;13;land;false;plains;1
1477;254;104;224;land;false;plains;1
1478;49;40;4;land;false;plains;1
1479;4;61;1;land;false;plains;1
1480;211;96;249;land;false;plains;1
1481;189;67;252;land;false;plains;1
1482;29;10;21;land;false;plains;1
1483;57;10;14;land;false;plains;1
1484;120;219;170;land;false;plains;1
1485;13;6;60;land;false;plains;1
1486;34;15;29;land;false;plains;1
1487;239;182;209;land;false;plains;1
1488;12;6;15;land;false;plains;1
1489;233;57;250;land;false;plains;1
1490;192;211;107;land;false;plains;1
1491;235;71;210;land;false;plains;1
1492;243;200;76;land;false;plains;1
1493;17;9;40;land;false;plains;1
1494;6;35;30;land;false;plains;1
1495;102;243;176;land;false;plains;1
1496;28;5;44;land;false;plains;1
1497;54;23;22;land;false;plains;1
1498;232;107;167;land;false;plains;1
1499;29;21;46;land;false;plains;1
1500;5;27;10;land;false;plains;1
1501;227;215;81;land;false;plains;1
1502;51;38;0;land;false;plains;1
1503;16;38;18;land;false;plains;1
1504;167;203;245;land;false;plains;1
1505;85;233;245;land;false;plains;1
1506;25;28;28;land;false;plains;1
1507;8;25;44;land;false;plains;1
1508;55;31;11;land;false;plains;1
1509;30;8;33;land;false;plains;1
1510;157;245;163;land;false;plains;1
1511;116;189;208;land;false;plains;1
1512;119;226;193;land;false;plains;1
1513;221;183;178;land;false;plains;1
1514;185;205;139;land;false;plains;1
1515;252;144;160;land;false;plains;1
1516;237;234;57;land;false;plains;1
1517;58;2;24;land;false;plains;1
1518;222;233;78;land;false;plains;1
1519;20;12;2;land;false;plains;1
1520;32;36;7;land;false;plains;1
1521;10;38;45;land;false;plains;1
1522;49;16;22;land;false;plains;1
1523;5;64;5;land;false;plains;1
1524;206;254;218;land;false;plains;1
1525;68;4;4;land;false;plains;1
1526;1;78;11;land;false;plains;1
1527;226;232;227;land;false;plains;1
1528;4;19;34;land;false;plains;1
1529;66;6;23;land;false;plains;1
1530;144;234;169;land;false;plains;1
1531;160;237;136;land;false;plains;1
1532;174;217;232;land;false;plains;1
1533;25;11;3;land;false;plains;1
1534;202;240;217;land;false;plains;1
1535;181;243;126;land;false;plains;1
1536;18;2;30;land;false;plains;1
1537;201;199;218;land;false;plains;1
1538;60;15;6;land;false;plains;1
1539;48;3;25;land;false;plains;1
1540;40;11;39;land;false;plains;1
1541;204;202;103;land;false;plains;1
1542;1;56;1;land;false;plains;1
1543;19;42;38;land;false;plains;1
1544;37;24;14;land;false;plains;1
1545;228;124;189;land;false;plains;1
1546;2;36;25;land;false;plains;1
1547;76;13;6;land;false;plains;1
1548;30;27;38;land;false;plains;1
1549;150;182;190;land;false;plains;1
1550;50;30;10;land;false;plains;1
1551;1;6;12;land;false;plains;1
1552;1;40;7;land;false;plains;1
1553;5;60;18;land;false;plains;1
1554;227;136;211;land;false;plains;1
1555;123;187;234;land;false;plains;1
1556;156;221;135;land;false;plains;1
1557;30;26;16;land;false;plains;1
1558;12;79;7;land;false;plains;1
1559;88;219;205;land;false;plains;1
1560;12;19;67;land;false;plains;1
1561;239;150;223;land;false;plains;1
1562;41;44;11;land;false;plains;1
1563;211;213;87;land;false;plains;1
1564;35;30;8;land;false;plains;1
1565;47;249;242;land;false;plains;1
1566;239;194;248;land;false;plains;1
1567;204;77;226;land;false;plains;1
1568;10;70;15;land;false;plains;1
1569;71;251;198;land;false;plains;1
1570;10;30;41;land;false;plains;1
1571;39;1;53;land;false;plains;1
1572;146;166;194;land;false;plains;1
1573;106;182;246;land;false;plains;1
1574;235;204;206;land;false;plains;1
1575;198;235;107;land;false;plains;1
1576;19;18;7;land;false;plains;1
1577;246;248;214;land;false;plains;1
1578;251;212;230;land;false;plains;1
1579;24;37;26;land;false;plains;1
1580;197;230;249;land;false;plains;1
1581;5;3;73;land;false;plains;1
1582;199;229;175;land;false;plains;1
1583;236;225;41;land;false;plains;1
1584;229;202;171;land;false;plains;1
1585;4;17;33;land;false;plains;1
1586;49;8;22;land;false;plains;1
1587;27;18;51;land;false;plains;1
1588;12;22;1;land;false;plains;1
1589;152;245;225;land;false;plains;1
1590;178;150;244;land;false;plains;1
1591;8;16;41;land;false;plains;1
1592;4;57;8;land;false;plains;1
1593;239;175;156;land;false;plains;1
1594;118;226;184;land;false;plains;1
1595;172;208;224;land;false;plains;1
1596;27;9;44;land;false;plains;1
1597;1;20;70;land;false;plains;1
1598;32;38;5;land;false;plains;1
1599;22;28;13;land;false;plains;1
1600;31;27;38;land;false;plains;1
1601;56;0;18;land;false;plains;1
1602;232;148;177;land;false;plains;1
1603;9;53;9;land;false;plains;1
1604;244;199;250;land;false;plains;1
1605;246;244;183;land;false;plains;1
1606;61;240;225;land;false;plains;1
1607;129;245;167;land;false;plains;1
1608;147;208;189;land;false;plains;1
1609;234;224;79;land;false;plains;1
1610;21;15;15;land;false;plains;1
1611;182;209;133;land;false;plains;1
1612;161;253;234;land;false;plains;1
1613;53;5;33;land;false;plains;1
1614;18;21;38;land;false;plains;1
1615;61;3;2;land;false;plains;1
1616;222;214;89;land;false;plains;1
1617;165;227;202;land;false;plains;1
1618;183;164;184;land;false;plains;1
1619;242;206;82;land;false;plains;1
1620;4;10;8;land;false;plains;1
1621;4;52;29;land;false;plains;1
1622;0;58;6;land;false;plains;1
1623;198;158;221;land;false;plains;1
1624;232;228;76;land;false;plains;1
1625;170;173;225;land;false;plains;1
1626;150;224;204;land;false;plains;1
1627;21;51;4;land;false;plains;1
1628;203;228;230;land;false;plains;1
1629;26;43;1;land;false;plains;1
1630;16;27;41;land;false;plains;1
1631;239;251;205;land;false;plains;1
1632;66;22;6;land;false;plains;1
1633;34;36;10;land;false;plains;1
1634;129;227;202;land;false;plains;1
1635;103;220;190;land;false;plains;1
1636;59;11;21;land;false;plains;1
1637;233;199;192;land;false;plains;1
1638;153;221;156;land;false;plains;1
1639;7;40;34;land;false;plains;1
1640;38;4;43;land;false;plains;1
1641;52;10;6;land;false;plains;1
1642;44;45;9;land;false;plains;1
1643;37;15;35;land;false;plains;1
1644;9;10;48;land;false;plains;1
1645;53;22;10;land;false;plains;1
1646;8;18;66;land;false;plains;1
1647;13;8;15;land;false;plains;1
1648;66;17;7;land;false;plains;1
1649;214;249;43;land;false;plains;1
1650;211;253;250;land;false;plains;1
1651;1;25;70;land;false;plains;1
1652;47;13;38;land;false;plains;1
1653;163;240;237;land;false;plains;1
1654;16;22;55;land;false;plains;1
1655;1;8;77;land;false;plains;1
1656;254;195;235;land;false;plains;1
1657;215;204;212;land;false;plains;1
1658;191;96;239;land;false;plains;1
1659;4;82;4;land;false;plains;1
1660;26;20;48;land;false;plains;1
1661;2;50;22;land;false;plains;1
1662;227;245;53;land;false;plains;1
1663;238;170;171;land;false;plains;1
1664;46;33;1;land;false;plains;1
1665;11;23;49;land;false;plains;1
1666;24;7;38;land;false;plains;1
1667;123;220;240;land;false;plains;1
1668;41;18;5;land;false;plains;1
1669;27;21;42;land;false;plains;1
1670;70;10;8;land;false;plains;1
1671;118;232;200;land;false;plains;1
1672;70;7;18;land;false;plains;1
1673;69;10;20;land;false;plains;1
1674;147;238;231;land;false;plains;1
1675;5;30;56;land;false;plains;1
1676;11;51;5;land;false;plains;1
1677;183;254;136;land;false;plains;1
1678;3;69;1;land;false;plains;1
1679;204;79;241;land;false;plains;1
1680;9;0;67;land;false;plains;1
1681;13;18;17;land;false;plains;1
1682;181;239;252;land;false;plains;1
1683;4;38;18;land;false;plains;1
1684;179;170;167;land;false;plains;1
1685;231;125;146;land;false;plains;1
1686;1;23;32;land;false;plains;1
1687;39;4;52;land;false;plains;1
1688;4;14;78;land;false;plains;1
1689;196;201;197;land;false;plains;1
1690;26;7;66;land;false;plains;1
1691;13;3;20;land;false;plains;1
1692;252;207;220;land;false;plains;1
1693;15;37;38;land;false;plains;1
1694;25;3;16;land;false;plains;1
1695;32;38;16;land;false;plains;1
1696;201;203;111;land;false;plains;1
1697;10;28;7;land;false;plains;1
1698;15;2;51;land;false;plains;1
1699;7;5;3;land;false;plains;1
1700;47;21;29;land;false;plains;1
1701;246;167;228;land;false;plains;1
1702;223;243;101;land;false;plains;1
1703;198;188;135;land;false;plains;1
1704;6;7;70;land;false;plains;1
1705;154;231;126;land;false;plains;1
1706;42;40;7;land;false;plains;1
1707;5;17;77;land;false;plains;1
1708;4;6;8;land;false;plains;1
1709;7;28;31;land;false;plains;1
1710;23;14;21;land;false;plains;1
1711;40;33;26;land;false;plains;1
1712;54;4;22;land;false;plains;1
1713;114;161;251;land;false;plains;1
1714;18;33;39;land;false;plains;1
1715;4;4;56;land;false;plains;1
1716;160;237;123;land;false;plains;1
1717;185;195;126;land;false;plains;1
1718;223;238;180;land;false;plains;1
1719;13;13;16;land;false;plains;1
1720;216;209;254;land;false;plains;1
1721;38;36;7;land;false;plains;1
1722;14;20;30;land;false;plains;1
1723;0;55;6;land;false;plains;1
1724;39;17;12;land;false;plains;1
1725;36;34;11;land;false;plains;1
1726;242;85;235;land;false;plains;1
1727;0;69;10;land;false;plains;1
1728;46;19;9;land;false;plains;1
1729;87;4;3;land;false;plains;1
1730;31;7;6;land;false;plains;1
1731;59;193;254;land;false;plains;1
1732;60;3;27;land;false;plains;1
1733;23;20;1;land;false;plains;1
1734;38;4;37;land;false;plains;1
1735;9;22;47;land;false;plains;1
1736;28;18;41;land;false;plains;1
1737;238;181;240;land;false;plains;1
1738;230;244;102;land;false;plains;1
1739;10;44;39;land;false;plains;1
1740;24;21;21;land;false;plains;1
1741;11;5;12;land;false;plains;1
1742;120;238;231;land;false;plains;1
1743;7;42;18;land;false;plains;1
1744;9;18;1;land;false;plains;1
1745;14;30;20;land;false;plains;1
1746;123;224;237;land;false;plains;1
1747;60;2;17;land;false;plains;1
1748;23;4;67;land;false;plains;1
1749;183;194;191;land;false;plains;1
1750;239;195;196;land;false;plains;1
1751;243;185;146;land;false;plains;1
1752;45;23;13;land;false;plains;1
1753;27;5;24;land;false;plains;1
1754;139;193;172;land;false;plains;1
1755;47;7;42;land;false;plains;1
1756;30;40;9;land;false;plains;1
1757;10;2;31;land;false;plains;1
1758;8;31;46;land;false;plains;1
1759;179;152;214;land;false;plains;1
1760;26;37;22;land;false;plains;1
1761;9;26;28;land;false;plains;1
1762;68;11;8;land;false;plains;1
1763;16;4;57;land;false;plains;1
1764;211;207;169;land;false;plains;1
1765;39;11;9;land;false;plains;1
1766;6;24;10;land;false;plains;1
1767;1;71;25;land;false;plains;1
1768;36;6;8;land;false;plains;1
1769;5;35;49;land;false;plains;1
1770;246;160;218;land;false;plains;1
1771;17;33;36;land;false;plains;1
1772;206;88;232;land;false;plains;1
1773;251;94;182;land;false;plains;1
1774;152;165;196;land;false;plains;1
1775;45;11;23;land;false;plains;1
1776;43;12;25;land;false;plains;1
1777;9;13;76;land;false;plains;1
1778;214;158;139;land;false;plains;1
1779;46;25;13;land;false;plains;1
1780;5;41;18;land;false;plains;1
1781;245;202;119;land;false;plains;1
1782;232;149;240;land;false;plains;1
1783;15;12;23;land;false;plains;1
1784;45;8;15;land;false;plains;1
1785;151;132;247;land;false;plains;1
1786;206;212;232;land;false;plains;1
1787;251;131;219;land;false;plains;1
1788;3;63;11;land;false;plains;1
1789;216;188;246;land;false;plains;1
1790;219;182;182;land;false;plains;1
1791;44;11;29;land;false;plains;1
1792;36;20;31;land;false;plains;1
1793;13;31;4;land;false;plains;1
1794;24;22;23;land;false;plains;1
1795;246;177;155;land;false;plains;1
1796;221;90;223;land;false;plains;1
1797;243;193;107;land;false;plains;1
1798;11;45;36;land;false;plains;1
1799;67;239;240;land;false;plains;1
1800;6;38;1;land;false;plains;1
1801;8;5;37;land;false;plains;1
1802;143;138;225;land;false;plains;1
1803;194;237;74;land;false;plains;1
1804;242;140;224;land;false;plains;1
1805;26;12;1;land;false;plains;1
1806;15;23;61;land;false;plains;1
1807;253;138;133;land;false;plains;1
1808;7;2;16;land;false;plains;1
1809;232;132;211;land;false;plains;1
1810;249;125;134;land;false;plains;1
1811;200;110;237;land;false;plains;1
1812;1;15;12;land;false;plains;1
1813;42;3;45;land;false;plains;1
1814;13;19;30;land;false;plains;1
1815;51;23;7;land;false;plains;1
1816;26;58;10;land;false;plains;1
1817;11;12;53;land;false;plains;1
1818;49;7;20;land;false;plains;1
1819;9;20;46;land;false;plains;1
1820;251;202;90;land;false;plains;1
1821;188;242;231;land;false;plains;1
1822;23;3;24;land;false;plains;1
1823;23;14;44;land;false;plains;1
1824;61;7;30;land;false;plains;1
1825;2;9;6;land;false;plains;1
1826;23;1;66;land;false;plains;1
1827;33;5;22;land;false;plains;1
1828;16;24;2;land;false;plains;1
1829;38;35;1;land;false;plains;1
1830;38;4;47;land;false;plains;1
1831;7;26;11;land;false;plains;1
1832;55;21;0;land;false;plains;1
1833;41;23;14;land;false;plains;1
1834;43;46;3;land;false;plains;1
1835;24;11;63;land;false;plains;1
1836;214;248;81;land;false;plains;1
1837;195;161;210;land;false;plains;1
1838;1;54;39;land;false;plains;1
1839;219;190;156;land;false;plains;1
1840;46;10;14;land;false;plains;1
1841;72;214;235;land;false;plains;1
1842;77;7;0;land;false;plains;1
1843;189;101;217;land;false;plains;1
1844;206;175;192;land;false;plains;1
1845;134;134;251;land;false;plains;1
1846;4;72;22;land;false;plains;1
1847;233;175;173;land;false;plains;1
1848;6;82;5;land;false;plains;1
1849;11;74;10;land;false;plains;1
1850;18;66;11;land;false;plains;1
1851;249;156;156;land;false;plains;1
1852;10;41;31;land;false;plains;1
1853;67;1;29;land;false;plains;1
1854;122;208;217;land;false;plains;1
1855;54;8;6;land;false;plains;1
1856;11;3;54;land;false;plains;1
1857;231;130;143;land;false;plains;1
1858;23;41;5;land;false;plains;1
1859;34;31;0;land;false;plains;1
1860;214;225;115;land;false;plains;1
1861;195;182;124;land;false;plains;1
1862;57;41;0;land;false;plains;1
1863;0;12;9;land;false;plains;1
1864;4;43;34;land;false;plains;1
1865;243;244;245;land;false;plains;1
1866;13;34;18;land;false;plains;1
1867;29;0;41;land;false;plains;1
1868;245;112;177;land;false;plains;1
1869;132;215;155;land;false;plains;1
1870;38;30;14;land;false;plains;1
1871;227;135;201;land;false;plains;1
1872;16;31;36;land;false;plains;1
1873;27;40;11;land;false;plains;1
1874;208;225;212;land;false;plains;1
1875;4;42;7;land;false;plains;1
1876;34;19;35;land;false;plains;1
1877;249;180;188;land;false;plains;1
1878;223;238;120;land;false;plains;1
1879;69;199;234;land;false;plains;1
1880;134;170;223;land;false;plains;1
1881;5;67;5;land;false;plains;1
1882;19;32;25;land;false;plains;1
1883;200;193;144;land;false;plains;1
1884;12;25;17;land;false;plains;1
1885;31;8;12;land;false;plains;1
1886;201;186;137;land;false;plains;1
1887;24;19;54;land;false;plains;1
1888;58;6;25;land;false;plains;1
1889;1;15;43;land;false;plains;1
1890;232;145;177;land;false;plains;1
1891;2;52;33;land;false;plains;1
1892;10;49;2;land;false;plains;1
1893;180;215;124;land;false;plains;1
1894;133;251;124;land;false;plains;1
1895;36;9;34;land;false;plains;1
1896;133;226;149;land;false;plains;1
1897;55;23;14;land;false;plains;1
1898;247;251;229;land;false;plains;1
1899;214;170;183;land;false;plains;1
1900;5;4;45;land;false;plains;1
1901;9;31;11;land;false;plains;1
1902;184;234;151;land;false;plains;1
1903;34;19;2;land;false;plains;1
1904;205;188;212;land;false;plains;1
1905;1;20;1;land;false;plains;1
1906;32;244;249;land;false;plains;1
1907;250;196;131;land;false;plains;1
1908;25;10;43;land;false;plains;1
1909;246;144;113;land;false;plains;1
1910;237;216;93;land;false;plains;1
1911;226;126;195;land;false;plains;1
1912;39;34;14;land;false;plains;1
1913;171;159;174;land;false;plains;1
1914;241;254;105;land;false;plains;1
1915;253;244;236;land;false;plains;1
1916;20;33;3;land;false;plains;1
1917;73;2;7;land;false;plains;1
1918;25;12;10;land;false;plains;1
1919;217;181;207;land;false;plains;1
1920;226;94;186;land;false;plains;1
1921;21;23;39;land;false;plains;1
1922;253;155;219;land;false;plains;1
1923;247;219;99;land;false;plains;1
1924;19;39;11;land;false;plains;1
1925;217;108;197;land;false;plains;1
1926;14;28;0;land;false;plains;1
1927;147;241;176;land;false;plains;1
1928;236;241;164;land;false;plains;1
1929;3;25;63;land;false;plains;1
1930;7;25;57;land;false;plains;1
1931;206;242;151;land;false;plains;1
1932;20;17;39;land;false;plains;1
1933;115;231;164;land;false;plains;1
1934;3;48;33;land;false;plains;1
1935;36;9;8;land;false;plains;1
1936;252;120;135;land;false;plains;1
1937;2;11;82;land;false;plains;1
1938;43;2;20;land;false;plains;1
1939;170;204;177;land;false;plains;1
1940;220;97;196;land;false;plains;1
1941;164;217;253;land;false;plains;1
1942;8;14;37;land;false;plains;1
1943;24;7;50;land;false;plains;1
1944;224;209;126;land;false;plains;1
1945;4;17;21;land;false;plains;1
1946;233;184;221;land;false;plains;1
1947;112;233;161;land;false;plains;1
1948;246;63;200;land;false;plains;1
1949;227;229;131;land;false;plains;1
1950;52;34;1;land;false;plains;1
1951;2;55;35;land;false;plains;1
1952;176;237;247;land;false;plains;1
1953;136;161;219;land;false;plains;1
1954;202;122;226;land;false;plains;1
1955;198;238;137;land;false;plains;1
1956;249;205;81;land;false;plains;1
1957;51;30;4;land;false;plains;1
1958;15;20;25;land;false;plains;1
1959;30;11;27;land;false;plains;1
1960;191;220;224;land;false;plains;1
1961;202;176;190;land;false;plains;1
1962;225;138;160;land;false;plains;1
1963;11;6;75;land;false;plains;1
1964;227;215;118;land;false;plains;1
1965;219;173;142;land;false;plains;1
1966;10;36;12;land;false;plains;1
1967;162;227;157;land;false;plains;1
1968;185;139;232;land;false;plains;1
1969;225;244;114;land;false;plains;1
1970;182;199;140;land;false;plains;1
1971;215;179;171;land;false;plains;1
1972;25;35;30;land;false;plains;1
1973;13;4;2;land;false;plains;1
1974;46;20;28;land;false;plains;1
1975;96;2;1;land;false;plains;1
1976;31;60;2;land;false;plains;1
1977;87;206;225;land;false;plains;1
1978;164;226;176;land;false;plains;1
1979;208;135;231;land;false;plains;1
1980;3;56;27;land;false;plains;1
1981;2;2;82;land;false;plains;1
1982;227;205;140;land;false;plains;1
1983;188;233;169;land;false;plains;1
1984;135;143;227;land;false;plains;1
1985;8;46;38;land;false;plains;1
1986;225;251;44;land;false;plains;1
1987;41;25;6;land;false;plains;1
1988;16;2;48;land;false;plains;1
1989;135;236;195;land;false;plains;1
1990;7;42;13;land;false;plains;1
1991;28;11;23;land;false;plains;1
1992;163;194;160;land;false;plains;1
1993;29;9;49;land;false;plains;1
1994;10;0;71;land;false;plains;1
1995;239;110;163;land;false;plains;1
1996;231;133;147;land;false;plains;1
1997;14;14;12;land;false;plains;1
1998;96;229;207;land;false;plains;1
1999;20;17;53;land;false;plains;1
2000;79;3;8;land;false;plains;1
2001;249;94;164;land;false;plains;1
2002;228;142;164;land;false;plains;1
2003;217;173;134;land;false;plains;1
2004;247;216;87;land;false;plains;1
2005;199;151;243;land;false;plains;1
2006;116;206;231;land;false;plains;1
2007;13;13;8;land;false;plains;1
2008;29;49;2;land;false;plains;1
2009;188;231;144;land;false;plains;1
2010;61;2;4;land;false;plains;1
2011;240;219;73;land;false;plains;1
2012;108;181;235;land;false;plains;1
2013;0;15;14;land;false;plains;1
2014;208;121;222;land;false;plains;1
2015;235;164;197;land;false;plains;1
2016;244;248;15;land;false;plains;1
2017;15;59;7;land;false;plains;1
2018;160;223;167;land;false;plains;1
2019;17;11;27;land;false;plains;1
2020;186;116;230;land;false;plains;1
2021;190;63;251;land;false;plains;1
2022;187;85;247;land;false;plains;1
2023;242;125;243;land;false;plains;1
2024;243;107;217;land;false;plains;1
2025;68;5;17;land;false;plains;1
2026;26;27;40;land;false;plains;1
2027;186;244;142;land;false;plains;1
2028;57;3;2;land;false;plains;1
2029;58;17;12;land;false;plains;1
2030;214;196;238;land;false;plains;1
2031;229;231;207;land;false;plains;1
2032;220;179;229;land;false;plains;1
2033;197;204;206;land;false;plains;1
2034;233;227;173;land;false;plains;1
2035;5;56;23;land;false;plains;1
2036;233;183;220;land;false;plains;1
2037;3;64;1;land;false;plains;1
2038;194;173;165;land;false;plains;1
2039;11;20;53;land;false;plains;1
2040;171;193;228;land;false;plains;1
2041;35;0;32;land;false;plains;1
2042;29;20;15;land;false;plains;1
2043;23;54;12;land;false;plains;1
2044;218;203;88;land;false;plains;1
2045;11;20;50;land;false;plains;1
2046;39;20;19;land;false;plains;1
2047;46;15;14;land;false;plains;1
2048;227;241;212;land;false;plains;1
2049;196;123;247;land;false;plains;1
2050;41;0;43;land;false;plains;1
2051;177;184;248;land;false;plains;1
2052;14;5;43;land;false;plains;1
2053;242;128;213;land;false;plains;1
2054;208;109;241;land;false;plains;1
2055;15;38;35;land;false;plains;1
2056;227;60;219;land;false;plains;1
2057;42;23;18;land;false;plains;1
2058;176;206;214;land;false;plains;1
2059;109;207;227;land;false;plains;1
2060;237;113;156;land;false;plains;1
2061;53;0;34;land;false;plains;1
2062;167;120;224;land;false;plains;1
2063;0;59;19;land;false;plains;1
2064;64;10;10;land;false;plains;1
2065;228;240;251;land;false;plains;1
2066;157;166;244;land;false;plains;1
2067;247;224;122;land;false;plains;1
2068;3;39;43;land;false;plains;1
2069;105;208;224;land;false;plains;1
2070;15;22;16;land;false;plains;1
2071;194;202;111;land;false;plains;1
2072;170;223;223;land;false;plains;1
2073;9;2;46;land;false;plains;1
2074;218;185;133;land;false;plains;1
2075;39;59;0;land;false;plains;1
2076;176;190;209;land;false;plains;1
2077;210;133;176;land;false;plains;1
2078;4;37;2;land;false;plains;1
2079;27;4;25;land;false;plains;1
2080;94;1;3;land;false;plains;1
2081;162;164;212;land;false;plains;1
2082;252;242;205;land;false;plains;1
2083;230;253;179;land;false;plains;1
2084;237;223;77;land;false;plains;1
2085;231;238;65;land;false;plains;1
2086;174;174;171;land;false;plains;1
2087;226;184;108;land;false;plains;1
2088;25;5;36;land;false;plains;1
2089;184;128;246;land;false;plains;1
2090;176;242;243;land;false;plains;1
2091;235;167;106;land;false;plains;1
2092;6;49;3;land;false;plains;1
2093;30;19;11;land;false;plains;1
2094;160;186;183;land;false;plains;1
2095;16;53;18;land;false;plains;1
2096;235;221;144;land;false;plains;1
2097;5;1;47;land;false;plains;1
2098;178;174;180;land;false;plains;1
2099;117;244;141;land;false;plains;1
2100;15;19;59;land;false;plains;1
2101;171;247;127;land;false;plains;1
2102;234;208;253;land;false;plains;1
2103;221;217;177;land;false;plains;1
2104;7;38;39;land;false;plains;1
2105;211;180;157;land;false;plains;1
2106;50;0;36;land;false;plains;1
2107;62;21;16;land;false;plains;1
2108;215;189;221;land;false;plains;1
2109;115;233;210;land;false;plains;1
2110;1;8;38;land;false;plains;1
2111;26;24;37;land;false;plains;1
2112;251;210;174;land;false;plains;1
2113;186;239;114;land;false;plains;1
2114;49;20;27;land;false;plains;1
2115;34;27;36;land;false;plains;1
2116;0;0;67;land;false;plains;1
2117;217;190;168;land;false;plains;1
2118;234;56;239;land;false;plains;1
2119;8;28;26;land;false;plains;1
2120;25;19;39;land;false;plains;1
2121;241;177;231;land;false;plains;1
2122;243;195;147;land;false;plains;1
2123;79;14;2;land;false;plains;1
2124;0;20;44;land;false;plains;1
2125;22;4;41;land;false;plains;1
2126;45;14;18;land;false;plains;1
2127;136;154;217;land;false;plains;1
2128;247;209;73;land;false;plains;1
2129;234;200;87;land;false;plains;1
2130;186;249;241;land;false;plains;1
2131;158;231;221;land;false;plains;1
2132;125;139;252;land;false;plains;1
2133;133;241;220;land;false;plains;1
2134;125;223;187;land;false;plains;1
2135;251;161;114;land;false;plains;1
2136;244;252;129;land;false;plains;1
2137;53;23;1;land;false;plains;1
2138;28;40;13;land;false;plains;1
2139;190;222;235;land;false;plains;1
2140;14;28;55;land;false;plains;1
2141;4;46;36;land;false;plains;1
2142;6;35;40;land;false;plains;1
2143;154;239;152;land;false;plains;1
2144;176;155;237;land;false;plains;1
2145;3;71;19;land;false;plains;1
2146;195;58;248;land;false;plains;1
2147;252;142;250;land;false;plains;1
2148;247;191;243;land;false;plains;1
2149;7;52;34;land;false;plains;1
2150;234;181;235;land;false;plains;1
2151;144;209;226;land;false;plains;1
2152;30;35;34;land;false;plains;1
2153;64;14;2;land;false;plains;1
2154;222;233;228;land;false;plains;1
2155;20;46;21;land;false;plains;1
2156;30;37;9;land;false;plains;1
2157;33;20;0;land;false;plains;1
2158;151;202;186;land;false;plains;1
2159;7;14;51;land;false;plains;1
2160;6;20;42;land;false;plains;1
2161;237;109;188;land;false;plains;1
2162;223;123;202;land;false;plains;1
2163;247;177;238;land;false;plains;1
2164;208;145;216;land;false;plains;1
2165;29;51;3;land;false;plains;1
2166;0;68;2;land;false;plains;1
2167;252;219;82;land;false;plains;1
2168;154;173;227;land;false;plains;1
2169;210;212;245;land;false;plains;1
2170;220;168;218;land;false;plains;1
2171;201;89;213;land;false;plains;1
2172;4;91;2;land;false;plains;1
2173;237;219;240;land;false;plains;1
2174;10;34;50;land;false;plains;1
2175;9;37;52;land;false;plains;1
2176;222;152;238;land;false;plains;1
2177;8;33;8;land;false;plains;1
2178;23;1;69;land;false;plains;1
2179;70;4;25;land;false;plains;1
2180;176;137;203;land;false;plains;1
2181;222;237;130;land;false;plains;1
2182;7;51;19;land;false;plains;1
2183;25;4;13;land;false;plains;1
2184;8;18;63;land;false;plains;1
2185;168;252;134;land;false;plains;1
2186;139;165;234;land;false;plains;1
2187;2;35;36;land;false;plains;1
2188;94;234;245;land;false;plains;1
2189;116;223;209;land;false;plains;1
2190;138;211;235;land;false;plains;1
2191;34;10;37;land;false;plains;1
2192;249;119;217;land;false;plains;1
2193;173;201;231;land;false;plains;1
2194;7;22;12;land;false;plains;1
2195;11;54;8;land;false;plains;1
2196;4;90;0;land;false;plains;1
2197;21;19;28;land;false;plains;1
2198;35;11;27;land;false;plains;1
2199;150;218;143;land;false;plains;1
2200;137;174;242;land;false;plains;1
2201;41;243;234;land;false;plains;1
2202;32;35;22;land;false;plains;1
2203;19;12;35;land;false;plains;1
2204;36;0;34;land;false;plains;1
2205;186;206;150;land;false;plains;1
2206;89;202;211;land;false;plains;1
2207;28;3;15;land;false;plains;1
2208;244;144;215;land;false;plains;1
2209;22;45;21;land;false;plains;1
2210;228;164;180;land;false;plains;1
2211;49;4;6;land;false;plains;1
2212;243;197;71;land;false;plains;1
2213;198;153;221;land;false;plains;1
2214;239;224;187;land;false;plains;1
2215;185;188;224;land;false;plains;1
2216;6;12;6;land;false;plains;1
2217;24;24;32;land;false;plains;1
2218;233;143;172;land;false;plains;1
2219;182;182;148;land;false;plains;1
2220;16;20;6;land;false;plains;1
2221;58;16;23;land;false;plains;1
2222;197;233;237;land;false;plains;1
2223;157;217;220;land;false;plains;1
2224;38;38;15;land;false;plains;1
2225;228;254;31;land;false;plains;1
2226;163;245;246;land;false;plains;1
2227;148;217;210;land;false;plains;1
2228;28;54;9;land;false;plains;1
2229;99;236;235;land;false;plains;1
2230;154;252;96;land;false;plains;1
2231;38;28;23;land;false;plains;1
2232;125;229;217;land;false;plains;1
2233;222;149;206;land;false;plains;1
2234;13;6;61;land;false;plains;1
2235;35;2;43;land;false;plains;1
2236;8;16;61;land;false;plains;1
2237;242;200;187;land;false;plains;1
2238;212;193;124;land;false;plains;1
2239;35;0;12;land;false;plains;1
2240;45;13;30;land;false;plains;1
2241;54;8;1;land;false;plains;1
2242;218;230;115;land;false;plains;1
2243;207;222;195;land;false;plains;1
2244;183;188;231;land;false;plains;1
2245;23;57;13;land;false;plains;1
2246;26;49;2;land;false;plains;1
2247;215;147;211;land;false;plains;1
2248;38;16;33;land;false;plains;1
2249;185;186;142;land;false;plains;1
2250;40;6;10;land;false;plains;1
2251;12;51;4;land;false;plains;1
2252;198;160;246;land;false;plains;1
2253;237;62;247;land;false;plains;1
2254;186;192;130;land;false;plains;1
2255;141;200;173;land;false;plains;1
2256;9;33;45;land;false;plains;1
2257;7;30;6;land;false;plains;1
2258;166;172;234;land;false;plains;1
2259;209;106;241;land;false;plains;1
2260;141;177;254;land;false;plains;1
2261;14;43;3;land;false;plains;1
2262;242;172;213;land;false;plains;1
2263;31;50;2;land;false;plains;1
2264;245;133;226;land;false;plains;1
2265;95;186;236;land;false;plains;1
2266;238;233;159;land;false;plains;1
2267;18;39;6;land;false;plains;1
2268;225;244;220;land;false;plains;1
2269;248;59;197;land;false;plains;1
2270;239;139;179;land;false;plains;1
2271;244;149;186;land;false;plains;1
2272;21;246;238;land;false;plains;1
2273;22;45;5;land;false;plains;1
2274;17;74;7;land;false;plains;1
2275;37;219;254;land;false;plains;1
2276;253;108;160;land;false;plains;1
2277;204;253;216;land;false;plains;1
2278;76;227;227;land;false;plains;1
2279;4;40;16;land;false;plains;1
2280;242;221;242;land;false;plains;1
2281;172;189;236;land;false;plains;1
2282;127;232;216;land;false;plains;1
2283;201;205;234;land;false;plains;1
2284;13;32;7;land;false;plains;1
2285;228;192;253;land;false;plains;1
2286;253;219;193;land;false;plains;1
2287;159;138;225;land;false;plains;1
2288;166;241;229;land;false;plains;1
2289;186;201;219;land;false;plains;1
2290;165;155;244;land;false;plains;1
2291;171;179;243;land;false;plains;1
2292;186;193;236;land;false;plains;1
2293;126;236;195;land;false;plains;1
2294;25;48;26;land;false;plains;1
2295;9;40;49;land;false;plains;1
2296;236;166;143;land;false;plains;1
2297;222;232;124;land;false;plains;1
2298;114;218;241;land;false;plains;1
2299;21;63;2;land;false;plains;1
2300;236;104;231;land;false;plains;1
2301;185;230;89;land;false;plains;1
2302;1;66;24;land;false;plains;1
2303;105;224;177;land;false;plains;1
2304;18;26;50;land;false;plains;1
2305;23;11;44;land;false;plains;1
2306;96;194;220;land;false;plains;1
2307;172;118;216;land;false;plains;1
2308;241;222;45;land;false;plains;1
2309;20;10;29;land;false;plains;1
2310;214;211;142;land;false;plains;1
2311;134;190;247;land;false;plains;1
2312;227;101;186;land;false;plains;1
2313;242;160;132;land;false;plains;1
2314;224;217;160;land;false;plains;1
2315;2;27;11;land;false;plains;1
2316;225;131;242;land;false;plains;1
2317;228;146;193;land;false;plains;1
2318;109;247;200;land;false;plains;1
2319;198;189;253;land;false;plains;1
2320;150;203;227;land;false;plains;1
2321;5;4;15;land;false;plains;1
2322;55;8;11;land;false;plains;1
2323;240;236;93;land;false;plains;1
2324;170;155;182;land;false;plains;1
2325;251;147;210;land;false;plains;1
2326;14;47;32;land;false;plains;1
2327;39;5;37;land;false;plains;1
2328;145;240;210;land;false;plains;1
2329;241;236;218;land;false;plains;1
2330;210;111;251;land;false;plains;1
2331;213;223;133;land;false;plains;1
2332;12;40;26;land;false;plains;1
2333;253;0;250;land;false;plains;1
2334;42;4;50;land;false;plains;1
2335;228;140;163;land;false;plains;1
2336;253;99;252;land;false;plains;1
2337;218;218;126;land;false;plains;1
2338;4;36;15;land;false;plains;1
2339;239;238;86;land;false;plains;1
2340;120;206;187;land;false;plains;1
2341;232;130;139;land;false;plains;1
2342;218;144;227;land;false;plains;1
2343;217;80;217;land;false;plains;1
2344;208;196;147;land;false;plains;1
2345;191;155;236;land;false;plains;1
2346;14;22;31;land;false;plains;1
2347;7;15;2;land;false;plains;1
2348;14;26;54;land;false;plains;1
2349;120;174;209;land;false;plains;1
2350;228;149;234;land;false;plains;1
2351;168;188;228;land;false;plains;1
2352;190;195;221;land;false;plains;1
2353;192;174;232;land;false;plains;1
2354;33;40;25;land;false;plains;1
2355;245;222;139;land;false;plains;1
2356;4;36;58;land;false;plains;1
2357;11;35;37;land;false;plains;1
2358;177;194;209;land;false;plains;1
2359;161;217;147;land;false;plains;1
2360;64;204;253;land;false;plains;1
2361;22;16;29;land;false;plains;1
2362;11;52;15;land;false;plains;1
2363;72;238;229;land;false;plains;1
2364;115;207;239;land;false;plains;1
2365;100;249;211;land;false;plains;1
2366;238;75;224;land;false;plains;1
2367;253;207;63;land;false;plains;1
2368;13;26;18;land;false;plains;1
2369;179;230;152;land;false;plains;1
2370;223;220;114;land;false;plains;1
2371;222;150;156;land;false;plains;1
2372;241;165;125;land;false;plains;1
2373;1;13;54;land;false;plains;1
2374;91;223;207;land;false;plains;1
2375;125;168;223;land;false;plains;1
2376;247;232;94;land;false;plains;1
2377;239;154;156;land;false;plains;1
2378;35;49;5;land;false;plains;1
2379;0;22;59;land;false;plains;1
2380;217;190;207;land;false;plains;1
2381;149;197;175;land;false;plains;1
2382;2;56;3;land;false;plains;1
2383;229;50;246;land;false;plains;1
2384;4;28;20;land;false;plains;1
2385;195;216;145;land;false;plains;1
2386;209;153;159;land;false;plains;1
2387;232;243;147;land;false;plains;1
2388;244;57;211;land;false;plains;1
2389;226;207;100;land;false;plains;1
2390;233;179;249;land;false;plains;1
2391;239;237;49;land;false;plains;1
2392;147;241;158;land;false;plains;1
2393;203;139;159;land;false;plains;1
2394;252;145;214;land;false;plains;1
2395;192;142;169;land;false;plains;1
2396;8;0;14;land;false;plains;1
2397;51;15;19;land;false;plains;1
2398;16;65;0;land;false;plains;1
2399;229;99;218;land;false;plains;1
2400;94;170;247;land;false;plains;1
2401;242;221;222;land;false;plains;1
2402;222;194;247;land;false;plains;1
2403;188;204;148;land;false;plains;1
2404;174;233;218;land;false;plains;1
2405;240;234;141;land;false;plains;1
2406;233;223;89;land;false;plains;1
2407;238;87;208;land;false;plains;1
2408;195;130;231;land;false;plains;1
2409;216;213;234;land;false;plains;1
2410;249;226;200;land;false;plains;1
2411;228;122;229;land;false;plains;1
2412;194;205;252;land;false;plains;1
2413;4;52;24;land;false;plains;1
2414;176;135;206;land;false;plains;1
2415;37;39;22;land;false;plains;1
2416;185;215;232;land;false;plains;1
2417;88;180;244;land;false;plains;1
2418;245;183;87;land;false;plains;1
2419;242;165;135;land;false;plains;1
2420;1;1;89;land;false;plains;1
2421;248;203;229;land;false;plains;1
2422;238;109;180;land;false;plains;1
2423;97;228;251;land;false;plains;1
2424;251;171;154;land;false;plains;1
2425;178;201;165;land;false;plains;1
2426;149;191;188;land;false;plains;1
2427;250;221;165;land;false;plains;1
2428;245;229;187;land;false;plains;1
2429;171;252;142;land;false;plains;1
2430;40;0;17;land;false;plains;1
2431;250;237;17;land;false;plains;1
2432;131;225;244;land;false;plains;1
2433;198;228;80;land;false;plains;1
2434;187;106;225;land;false;plains;1
2435;214;237;121;land;false;plains;1
2436;164;240;205;land;false;plains;1
2437;194;251;153;land;false;plains;1
2438;174;242;159;land;false;plains;1
2439;12;27;47;land;false;plains;1
2440;107;222;197;land;false;plains;1
2441;235;247;24;land;false;plains;1
2442;157;237;185;land;false;plains;1
2443;55;11;27;land;false;plains;1
2444;79;216;212;land;false;plains;1
2445;8;13;17;land;false;plains;1
2446;252;184;85;land;false;plains;1
2447;182;169;187;land;false;plains;1
2448;242;180;92;land;false;plains;1
2449;249;212;207;land;false;plains;1
2450;166;207;240;land;false;plains;1
2451;209;143;165;land;false;plains;1
2452;172;215;116;land;false;plains;1
2453;64;20;8;land;false;plains;1
2454;223;254;142;land;false;plains;1
2455;33;27;10;land;false;plains;1
2456;129;137;246;land;false;plains;1
2457;251;145;119;land;false;plains;1
2458;20;35;30;land;false;plains;1
2459;254;228;249;land;false;plains;1
2460;25;17;24;land;false;plains;1
2461;30;13;40;land;false;plains;1
2462;50;38;8;land;false;plains;1
2463;227;221;121;land;false;plains;1
2464;5;66;16;land;false;plains;1
2465;200;146;194;land;false;plains;1
2466;180;242;104;land;false;plains;1
2467;164;180;195;land;false;plains;1
2468;22;46;19;land;false;plains;1
2469;110;195;246;land;false;plains;1
2470;64;12;2;land;false;plains;1
2471;140;140;247;land;false;plains;1
2472;197;130;203;land;false;plains;1
2473;18;0;58;land;false;plains;1
2474;230;211;137;land;false;plains;1
2475;148;210;235;land;false;plains;1
2476;246;127;191;land;false;plains;1
2477;20;30;38;land;false;plains;1
2478;75;242;220;land;false;plains;1
2479;190;174;177;land;false;plains;1
2480;148;174;243;land;false;plains;1
2481;124;232;235;land;false;plains;1
2482;124;177;210;land;false;plains;1
2483;209;115;226;land;false;plains;1
2484;158;137;216;land;false;plains;1
2485;235;204;95;land;false;plains;1
2486;105;184;240;land;false;plains;1
2487;230;246;229;land;false;plains;1
2488;221;242;189;land;false;plains;1
2489;191;139;230;land;false;plains;1
2490;218;98;187;land;false;plains;1
2491;216;129;237;land;false;plains;1
2492;242;51;210;land;false;plains;1
2493;209;161;190;land;false;plains;1
2494;233;202;238;land;false;plains;1
2495;55;16;11;land;false;plains;1
2496;107;241;222;land;false;plains;1
2497;247;248;105;land;false;plains;1
2498;214;219;72;land;false;plains;1
2499;9;8;17;land;false;plains;1
2500;141;241;218;land;false;plains;1
2501;201;174;241;land;false;plains;1
2502;175;90;247;land;false;plains;1
2503;10;6;60;land;false;plains;1
2504;36;17;12;land;false;plains;1
2505;14;22;60;land;false;plains;1
2506;193;239;195;land;false;plains;1
2507;56;226;237;land;false;plains;1
2508;51;229;236;land;false;plains;1
2509;78;253;186;land;false;plains;1
2510;111;190;209;land;false;plains;1
2511;130;144;248;land;false;plains;1
2512;151;246;187;land;false;plains;1
2513;4;15;39;land;false;plains;1
2514;237;97;221;land;false;plains;1
2515;154;179;254;land;false;plains;1
2516;217;102;231;land;false;plains;1
2517;211;220;111;land;false;plains;1
2518;253;190;102;land;false;plains;1
2519;36;252;222;land;false;plains;1
2520;185;102;220;land;false;plains;1
2521;156;204;168;land;false;plains;1
2522;204;238;197;land;false;plains;1
2523;202;158;150;land;false;plains;1
2524;205;141;179;land;false;plains;1
2525;201;205;167;land;false;plains;1
2526;26;42;5;land;false;plains;1
2527;43;6;47;land;false;plains;1
2528;189;160;209;land;false;plains;1
2529;184;172;178;land;false;plains;1
2530;209;112;230;land;false;plains;1
2531;1;65;18;land;false;plains;1
2532;94;225;242;land;false;plains;1
2533;187;204;222;land;false;plains;1
2534;0;19;26;land;false;plains;1
2535;236;192;253;land;false;plains;1
2536;221;178;146;land;false;plains;1
2537;159;191;183;land;false;plains;1
2538;242;202;225;land;false;plains;1
2539;95;198;233;land;false;plains;1
2540;77;226;200;land;false;plains;1
2541;211;242;171;land;false;plains;1
2542;60;7;26;land;false;plains;1
2543;193;113;253;land;false;plains;1
2544;236;73;202;land;false;plains;1
2545;238;174;151;land;false;plains;1
2546;194;132;241;land;false;plains;1
2547;245;154;198;land;false;plains;1
2548;203;209;147;land;false;plains;1
2549;19;17;44;land;false;plains;1
2550;238;219;190;land;false;plains;1
2551;175;134;207;land;false;plains;1
2552;222;252;246;land;false;plains;1
2553;11;60;17;land;false;plains;1
2554;19;5;32;land;false;plains;1
2555;34;42;0;land;false;plains;1
2556;69;17;6;land;false;plains;1
2557;24;17;29;land;false;plains;1
2558;250;168;205;land;false;plains;1
2559;175;253;192;land;false;plains;1
2560;213;235;75;land;false;plains;1
2561;39;4;56;land;false;plains;1
2562;137;164;202;land;false;plains;1
2563;54;11;7;land;false;plains;1
2564;3;36;8;land;false;plains;1
2565;178;181;244;land;false;plains;1
2566;121;204;207;land;false;plains;1
2567;238;208;231;land;false;plains;1
2568;148;243;243;land;false;plains;1
2569;226;219;164;land;false;plains;1
2570;55;30;2;land;false;plains;1
2571;247;149;241;land;false;plains;1
2572;152;241;137;land;false;plains;1
2573;169;217;164;land;false;plains;1
2574;162;191;177;land;false;plains;1
2575;110;217;189;land;false;plains;1
2576;214;96;200;land;false;plains;1
2577;207;188;166;land;false;plains;1
2578;15;24;50;land;false;plains;1
2579;150;119;242;land;false;plains;1
2580;209;50;251;land;false;plains;1
2581;172;198;158;land;false;plains;1
2582;232;133;205;land;false;plains;1
2583;178;139;251;land;false;plains;1
2584;38;32;2;land;false;plains;1
2585;148;254;223;land;false;plains;1
2586;40;52;2;land;false;plains;1
2587;180;223;204;land;false;plains;1
2588;245;186;101;land;false;plains;1
2589;13;29;26;land;false;plains;1
2590;22;5;2;land;false;plains;1
2591;99;172;242;land;false;plains;1
2592;200;219;242;land;false;plains;1
2593;239;168;108;land;false;plains;1
2594;202;215;203;land;false;plains;1
2595;186;184;135;land;false;plains;1
2596;227;143;187;land;false;plains;1
2597;216;130;165;land;false;plains;1
2598;42;7;43;land;false;plains;1
2599;11;6;70;land;false;plains;1
2600;217;204;201;land;false;plains;1
2601;167;203;131;land;false;plains;1
2602;216;240;186;land;false;plains;1
2603;185;179;199;land;false;plains;1
2604;235;229;215;land;false;plains;1
2605;115;251;241;land;false;plains;1
2606;35;222;246;land;false;plains;1
2607;164;195;181;land;false;plains;1
2608;246;136;184;land;false;plains;1
2609;190;130;199;land;false;plains;1
2610;195;193;238;land;false;plains;1
2611;122;225;241;land;false;plains;1
2612;252;129;156;land;false;plains;1
2613;26;32;28;land;false;plains;1
2614;1;25;37;land;false;plains;1
2615;236;187;186;land;false;plains;1
2616;162;215;246;land;false;plains;1
2617;13;8;22;land;false;plains;1
2618;9;42;17;land;false;plains;1
2619;8;74;1;land;false;plains;1
2620;247;185;189;land;false;plains;1
2621;154;161;211;land;false;plains;1
2622;21;35;24;land;false;plains;1
2623;28;42;21;land;false;plains;1
2624;190;229;101;land;false;plains;1
2625;151;215;208;land;false;plains;1
2626;246;28;246;land;false;plains;1
2627;238;156;144;land;false;plains;1
2628;222;55;224;land;false;plains;1
2629;242;49;245;land;false;plains;1
2630;22;7;54;land;false;plains;1
2631;244;241;173;land;false;plains;1
2632;170;247;143;land;false;plains;1
2633;0;23;26;land;false;plains;1
2634;205;233;99;land;false;plains;1
2635;181;205;131;land;false;plains;1
2636;135;204;215;land;false;plains;1
2637;215;184;209;land;false;plains;1
2638;150;217;202;land;false;plains;1
2639;24;6;2;land;false;plains;1
2640;160;199;185;land;false;plains;1
2641;83;240;232;land;false;plains;1
2642;152;181;242;land;false;plains;1
2643;117;177;234;land;false;plains;1
2644;213;218;87;land;false;plains;1
2645;237;94;215;land;false;plains;1
2646;0;2;78;land;false;plains;1
2647;99;210;231;land;false;plains;1
2648;239;162;199;land;false;plains;1
2649;5;48;34;land;false;plains;1
2650;250;188;183;land;false;plains;1
2651;0;56;14;land;false;plains;1
2652;174;174;207;land;false;plains;1
2653;108;248;191;land;false;plains;1
2654;113;234;170;land;false;plains;1
2655;60;252;252;land;false;plains;1
2656;22;11;0;land;false;plains;1
2657;95;203;220;land;false;plains;1
2658;193;248;221;land;false;plains;1
2659;87;237;187;land;false;plains;1
2660;19;26;23;land;false;plains;1
2661;193;236;120;land;false;plains;1
2662;239;181;91;land;false;plains;1
2663;246;223;61;land;false;plains;1
2664;30;6;25;land;false;plains;1
2665;97;236;193;land;false;plains;1
2666;239;145;184;land;false;plains;1
2667;0;46;4;land;false;plains;1
2668;234;186;200;land;false;plains;1
2669;233;109;250;land;false;plains;1
2670;247;108;146;land;false;plains;1
2671;164;95;249;land;false;plains;1
2672;96;242;182;land;false;plains;1
2673;61;30;24;land;false;plains;1
2674;76;11;0;land;false;plains;1
2675;28;12;12;land;false;plains;1
2676;75;242;234;land;false;plains;1
2677;1;63;34;land;false;plains;1
2678;231;140;230;land;false;plains;1
2679;205;237;253;land;false;plains;1
2680;228;152;136;land;false;plains;1
2681;162;187;221;land;false;plains;1
2682;33;16;32;land;false;plains;1
2683;145;196;216;land;false;plains;1
2684;7;3;34;land;false;plains;1
2685;156;251;242;land;false;plains;1
2686;193;189;235;land;false;plains;1
2687;240;101;219;land;false;plains;1
2688;159;207;239;land;false;plains;1
2689;124;229;160;land;false;plains;1
2690;205;108;221;land;false;plains;1
2691;158;249;127;land;false;plains;1
2692;157;218;251;land;false;plains;1
2693;18;54;23;land;false;plains;1
2694;8;64;4;land;false;plains;1
2695;251;28;224;land;false;plains;1
2696;9;24;3;land;false;plains;1
2697;53;10;13;land;false;plains;1
2698;251;181;183;land;false;plains;1
2699;207;124;212;land;false;plains;1
2700;224;241;172;land;false;plains;1
2701;51;252;239;land;false;plains;1
2702;199;239;164;land;false;plains;1
2703;191;167;143;land;false;plains;1
2704;216;172;186;land;false;plains;1
2705;157;177;245;land;false;plains;1
2706;56;35;3;land;false;plains;1
2707;13;18;1;land;false;plains;1
2708;49;11;14;land;false;plains;1
2709;17;19;5;land;false;plains;1
2710;156;225;128;land;false;plains;1
2711;46;252;252;land;false;plains;1
2712;171;253;166;land;false;plains;1
2713;228;104;226;land;false;plains;1
2714;196;242;74;land;false;plains;1
2715;215;86;254;land;false;plains;1
2716;12;39;35;land;false;plains;1
2717;4;25;21;land;false;plains;1
2718;227;231;175;land;false;plains;1
2719;42;12;34;land;false;plains;1
2720;218;230;88;land;false;plains;1
2721;202;202;152;land;false;plains;1
2722;75;206;250;land;false;plains;1
2723;7;58;23;land;false;plains;1
2724;143;220;181;land;false;plains;1
2725;10;67;0;land;false;plains;1
2726;215;171;181;land;false;plains;1
2727;27;14;43;land;false;plains;1
2728;36;19;25;land;false;plains;1
2729;242;119;146;land;false;plains;1
2730;74;219;233;land;false;plains;1
2731;237;190;199;land;false;plains;1
2732;40;0;28;land;false;plains;1
2733;6;27;42;land;false;plains;1
2734;57;5;4;land;false;plains;1
2735;250;245;65;land;false;plains;1
2736;249;167;185;land;false;plains;1
2737;76;10;4;land;false;plains;1
2738;196;63;244;land;false;plains;1
2739;5;7;63;land;false;plains;1
2740;248;82;237;land;false;plains;1
2741;221;172;158;land;false;plains;1
2742;247;169;89;land;false;plains;1
2743;173;215;122;land;false;plains;1
2744;19;54;16;land;false;plains;1
2745;233;234;156;land;false;plains;1
2746;236;157;208;land;false;plains;1
2747;35;14;25;land;false;plains;1
2748;58;21;0;land;false;plains;1
2749;169;165;206;land;false;plains;1
2750;181;209;168;land;false;plains;1
2751;231;206;125;land;false;plains;1
2752;215;108;220;land;false;plains;1
2753;249;249;111;land;false;plains;1
2754;126;222;186;land;false;plains;1
2755;102;217;186;land;false;plains;1
2756;249;71;244;land;false;plains;1
2757;175;138;218;land;false;plains;1
2758;195;205;248;land;false;plains;1
2759;166;217;124;land;false;plains;1
2760;137;219;175;land;false;plains;1
2761;70;24;5;land;false;plains;1
2762;235;198;101;land;false;plains;1
2763;199;202;122;land;false;plains;1
2764;234;170;221;land;false;plains;1
2765;241;88;191;land;false;plains;1
2766;219;232;69;land;false;plains;1
2767;144;250;220;land;false;plains;1
2768;153;250;251;land;false;plains;1
2769;1;0;69;land;false;plains;1
2770;185;186;184;land;false;plains;1
2771;198;211;168;land;false;plains;1
2772;49;243;231;land;false;plains;1
2773;251;102;183;land;false;plains;1
2774;57;234;237;land;false;plains;1
2775;208;166;179;land;false;plains;1
2776;226;233;206;land;false;plains;1
2777;7;6;47;land;false;plains;1
2778;187;232;121;land;false;plains;1
2779;168;217;172;land;false;plains;1
2780;58;8;6;land;false;plains;1
2781;187;195;131;land;false;plains;1
2782;226;180;187;land;false;plains;1
2783;126;245;207;land;false;plains;1
2784;12;68;0;land;false;plains;1
2785;7;1;74;land;false;plains;1
2786;25;9;30;land;false;plains;1
2787;230;107;196;land;false;plains;1
2788;197;231;152;land;false;plains;1
2789;52;3;30;land;false;plains;1
2790;126;216;194;land;false;plains;1
2791;65;12;16;land;false;plains;1
2792;30;17;14;land;false;plains;1
2793;53;37;5;land;false;plains;1
2794;216;156;250;land;false;plains;1
2795;5;28;45;land;false;plains;1
2796;52;9;6;land;false;plains;1
2797;236;84;246;land;false;plains;1
2798;41;37;16;land;false;plains;1
2799;4;15;23;land;false;plains;1
2800;163;199;245;land;false;plains;1
2801;243;235;183;land;false;plains;1
2802;227;32;248;land;false;plains;1
2803;239;184;173;land;false;plains;1
2804;20;22;47;land;false;plains;1
2805;159;172;228;land;false;plains;1
2806;2;29;67;land;false;plains;1
2807;201;174;238;land;false;plains;1
2808;17;43;9;land;false;plains;1
2809;7;69;14;land;false;plains;1
2810;37;21;2;land;false;plains;1
2811;227;151;192;land;false;plains;1
2812;151;132;234;land;false;plains;1
2813;2;22;4;land;false;plains;1
2814;253;15;240;land;false;plains;1
2815;220;98;252;land;false;plains;1
2816;48;4;0;land;false;plains;1
2817;86;238;249;land;false;plains;1
2818;248;88;202;land;false;plains;1
2819;19;38;28;land;false;plains;1
2820;197;180;170;land;false;plains;1
2821;47;22;7;land;false;plains;1
2822;194;146;201;land;false;plains;1
2823;137;194;232;land;false;plains;1
2824;203;189;231;land;false;plains;1
2825;221;125;173;land;false;plains;1
2826;187;215;223;land;false;plains;1
2827;224;140;174;land;false;plains;1
2828;212;250;49;land;false;plains;1
2829;2;26;70;land;false;plains;1
2830;11;8;23;land;false;plains;1
2831;13;11;67;land;false;plains;1
2832;242;195;114;land;false;plains;1
2833;18;15;31;land;false;plains;1
2834;21;57;4;land;false;plains;1
2835;107;175;243;land;false;plains;1
2836;142;185;238;land;false;plains;1
2837;37;0;43;land;false;plains;1
2838;10;0;76;land;false;plains;1
2839;167;222;159;land;false;plains;1
2840;2;73;3;land;false;plains;1
2841;250;169;213;land;false;plains;1
2842;9;19;10;land;false;plains;1
2843;172;152;195;land;false;plains;1
2844;3;34;37;land;false;plains;1
2845;246;166;207;land;false;plains;1
2846;18;243;242;land;false;plains;1
2847;7;44;35;land;false;plains;1
2848;5;24;49;land;false;plains;1
2849;224;180;221;land;false;plains;1
2850;252;150;122;land;false;plains;1
2851;222;182;100;land;false;plains;1
2852;236;120;146;land;false;plains;1
2853;123;241;230;land;false;plains;1
2854;31;34;22;land;false;plains;1
2855;19;58;4;land;false;plains;1
2856;65;240;207;land;false;plains;1
2857;189;191;216;land;false;plains;1
2858;134;204;200;land;false;plains;1
2859;238;149;207;land;false;plains;1
2860;109;222;214;land;false;plains;1
2861;9;57;32;land;false;plains;1
2862;152;174;229;land;false;plains;1
2863;188;178;203;land;false;plains;1
2864;200;195;176;land;false;plains;1
2865;139;197;220;land;false;plains;1
2866;239;101;219;land;false;plains;1
2867;253;150;181;land;false;plains;1
2868;246;205;186;land;false;plains;1
2869;166;228;200;land;false;plains;1
2870;30;32;12;land;false;plains;1
2871;34;12;15;land;false;plains;1
2872;252;247;165;land;false;plains;1
2873;115;172;214;land;false;plains;1
2874;17;27;28;land;false;plains;1
2875;47;14;11;land;false;plains;1
2876;133;177;192;land;false;plains;1
2877;252;252;67;land;false;plains;1
2878;164;204;164;land;false;plains;1
2879;22;29;33;land;false;plains;1
2880;161;230;112;land;false;plains;1
2881;244;156;157;land;false;plains;1
2882;246;219;162;land;false;plains;1
2883;130;230;166;land;false;plains;1
2884;15;51;17;land;false;plains;1
2885;208;241;160;land;false;plains;1
2886;27;10;53;land;false;plains;1
2887;232;222;219;land;false;plains;1
2888;241;103;183;land;false;plains;1
2889;229;177;174;land;false;plains;1
2890;133;225;224;land;false;plains;1
2891;230;237;245;land;false;plains;1
2892;227;251;188;land;false;plains;1
2893;126;246;164;land;false;plains;1
2894;131;189;200;land;false;plains;1
2895;56;19;5;land;false;plains;1
2896;73;12;6;land;false;plains;1
2897;242;225;201;land;false;plains;1
2898;120;217;165;land;false;plains;1
2899;22;60;14;land;false;plains;1
2900;22;32;11;land;false;plains;1
2901;249;160;152;land;false;plains;1
2902;213;107;237;land;false;plains;1
2903;162;252;187;land;false;plains;1
2904;201;153;157;land;false;plains;1
2905;110;225;181;land;false;plains;1
2906;154;234;120;land;false;plains;1
2907;69;1;13;land;false;plains;1
2908;199;217;116;land;false;plains;1
2909;203;86;243;land;false;plains;1
2910;78;5;6;land;false;plains;1
2911;209;253;235;land;false;plains;1
2912;96;241;207;land;false;plains;1
2913;232;224;173;land;false;plains;1
2914;76;243;198;land;false;plains;1
2915;241;159;226;land;false;plains;1
2916;214;246;180;land;false;plains;1
2917;202;232;93;land;false;plains;1
2918;230;195;132;land;false;plains;1
2919;243;208;223;land;false;plains;1
2920;59;9;30;land;false;plains;1
2921;79;237;203;land;false;plains;1
2922;187;226;240;land;false;plains;1
2923;236;178;157;land;false;plains;1
2924;110;253;138;land;false;plains;1
2925;52;34;13;land;false;plains;1
2926;216;105;203;land;false;plains;1
2927;140;232;152;land;false;plains;1
2928;231;248;52;land;false;plains;1
2929;16;42;15;land;false;plains;1
2930;201;194;136;land;false;plains;1
2931;162;229;138;land;false;plains;1
2932;163;167;172;land;false;plains;1
2933;200;106;208;land;false;plains;1
2934;245;136;182;land;false;plains;1
2935;159;177;206;land;false;plains;1
2936;70;16;4;land;false;plains;1
2937;65;16;17;land;false;plains;1
2938;197;223;138;land;false;plains;1
2939;174;231;107;land;false;plains;1
2940;243;193;231;land;false;plains;1
2941;49;35;1;land;false;plains;1
2942;241;32;240;land;false;plains;1
2943;34;251;237;land;false;plains;1
2944;226;245;237;land;false;plains;1
2945;152;233;131;land;false;plains;1
2946;251;241;223;land;false;plains;1
2947;129;132;240;land;false;plains;1
2948;52;15;13;land;false;plains;1
2949;233;97;202;land;false;plains;1
2950;159;151;200;land;false;plains;1
2951;64;221;241;land;false;plains;1
2952;7;40;29;land;false;plains;1
2953;13;49;35;land;false;plains;1
2954;224;225;61;land;false;plains;1
2955;7;21;23;land;false;plains;1
2956;21;9;35;land;false;plains;1
2957;218;207;213;land;false;plains;1
2958;242;135;214;land;false;plains;1
2959;41;24;27;land;false;plains;1
2960;29;11;32;land;false;plains;1
2961;250;220;54;land;false;plains;1
2962;46;43;9;land;false;plains;1
2963;200;117;187;land;false;plains;1
2964;212;246;73;land;false;plains;1
2965;15;4;65;land;false;plains;1
2966;27;29;38;land;false;plains;1
2967;226;244;144;land;false;plains;1
2968;55;35;8;land;false;plains;1
2969;42;14;15;land;false;plains;1
2970;250;114;141;land;false;plains;1
2971;1;42;22;land;false;plains;1
2972;102;211;249;land;false;plains;1
2973;129;168;243;land;false;plains;1
2974;183;233;179;land;false;plains;1
2975;234;182;206;land;false;plains;1
2976;108;170;233;land;false;plains;1
2977;223;239;168;land;false;plains;1
2978;110;244;208;land;false;plains;1
2979;122;178;222;land;false;plains;1
2980;20;55;11;land;false;plains;1
2981;26;16;7;land;false;plains;1
2982;18;19;61;land;false;plains;1
2983;94;188;246;land;false;plains;1
2984;143;143;218;land;false;plains;1
2985;63;4;5;land;false;plains;1
2986;198;113;195;land;false;plains;1
2987;208;88;249;land;false;plains;1
2988;208;189;149;land;false;plains;1
2989;185;201;217;land;false;plains;1
2990;5;62;6;land;false;plains;1
2991;5;4;62;land;false;plains;1
2992;83;11;5;land;false;plains;1
2993;177;127;202;land;false;plains;1
2994;221;233;65;land;false;plains;1
2995;13;59;26;land;false;plains;1
2996;143;220;241;land;false;plains;1
2997;27;9;58;land;false;plains;1
2998;159;213;166;land;false;plains;1
2999;201;138;250;land;false;plains;1
3000;230;243;254;land;false;plains;1
3001;253;238;116;land;false;plains;1
3002;11;19;44;land;false;plains;1
3003;20;64;7;land;false;plains;1
3004;200;242;242;land;false;plains;1
3005;242;43;238;land;false;plains;1
3006;185;230;88;land;false;plains;1
3007;192;124;249;land;false;plains;1
3008;17;43;39;land;false;plains;1
3009;3;38;22;land;false;plains;1
3010;247;150;168;land;false;plains;1
3011;22;20;23;land;false;plains;1
3012;56;15;23;land;false;plains;1
3013;165;248;174;land;false;plains;1
3014;223;200;228;land;false;plains;1
3015;248;134;191;land;false;plains;1
3016;17;5;42;land;false;plains;1
3017;241;84;207;land;false;plains;1
3018;1;14;82;land;false;plains;1
3019;162;126;213;land;false;plains;1
3020;227;174;125;land;false;plains;1
3021;23;52;22;land;false;plains;1
3022;214;202;180;land;false;plains;1
3023;17;79;2;land;false;plains;1
3024;198;181;147;land;false;plains;1
3025;224;214;215;land;false;plains;1
3026;154;151;196;land;false;plains;1
3027;16;39;8;land;false;plains;1
3028;88;229;250;land;false;plains;1
3029;251;227;89;land;false;plains;1
3030;27;0;30;land;false;plains;1
3031;0;66;32;land;false;plains;1
3032;8;29;35;land;false;plains;1
3033;151;233;249;land;false;plains;1
3034;147;238;135;land;false;plains;1
3035;223;181;190;land;false;plains;1
3036;219;147;184;land;false;plains;1
3037;71;4;16;land;false;plains;1
3038;240;23;242;land;false;plains;1
3039;214;130;218;land;false;plains;1
3040;245;132;216;land;false;plains;1
3041;3;33;13;land;false;plains;1
3042;245;175;153;land;false;plains;1
3043;160;227;188;land;false;plains;1
3044;130;252;202;land;false;plains;1
3045;236;118;249;land;false;plains;1
3046;114;250;177;land;false;plains;1
3047;15;8;2;land;false;plains;1
3048;16;11;54;land;false;plains;1
3049;15;11;6;land;false;plains;1
3050;60;4;22;land;false;plains;1
3051;253;226;173;land;false;plains;1
3052;24;57;2;land;false;plains;1
3053;71;231;203;land;false;plains;1
3054;243;113;226;land;false;plains;1
3055;33;59;2;land;false;plains;1
3056;11;71;17;land;false;plains;1
3057;138;251;225;land;false;plains;1
3058;42;223;237;land;false;plains;1
3059;188;230;215;land;false;plains;1
3060;9;20;60;land;false;plains;1
3061;223;208;167;land;false;plains;1
3062;143;221;175;land;false;plains;1
3063;30;11;52;land;false;plains;1
3064;18;9;51;land;false;plains;1
3065;76;237;219;land;false;plains;1
3066;1;29;32;land;false;plains;1
3067;27;16;17;land;false;plains;1
3068;1;21;73;land;false;plains;1
3069;207;142;250;land;false;plains;1
3070;2;47;3;land;false;plains;1
3071;35;6;10;land;false;plains;1
3072;8;31;7;land;false;plains;1
3073;119;235;169;land;false;plains;1
3074;130;253;129;land;false;plains;1
3075;192;190;243;land;false;plains;1
3076;36;22;33;land;false;plains;1
3077;11;41;25;land;false;plains;1
3078;213;159;206;land;false;plains;1
3079;91;212;252;land;false;plains;1
3080;79;234;224;land;false;plains;1
3081;165;200;213;land;false;plains;1
3082;237;207;210;land;false;plains;1
3083;16;31;7;land;false;plains;1
3084;22;38;33;land;false;plains;1
3085;185;174;143;land;false;plains;1
3086;239;115;213;land;false;plains;1
3087;150;143;212;land;false;plains;1
3088;210;219;201;land;false;plains;1
3089;206;175;225;land;false;plains;1
3090;182;205;239;land;false;plains;1
3091;41;0;6;land;false;plains;1
3092;127;221;201;land;false;plains;1
3093;254;52;243;land;false;plains;1
3094;251;165;153;land;false;plains;1
3095;219;192;165;land;false;plains;1
3096;48;5;12;land;false;plains;1
3097;19;23;24;land;false;plains;1
3098;208;250;113;land;false;plains;1
3099;247;91;201;land;false;plains;1
3100;2;3;42;land;false;plains;1
3101;211;128;168;land;false;plains;1
3102;163;242;171;land;false;plains;1
3103;235;211;116;land;false;plains;1
3104;109;164;252;land;false;plains;1
3105;2;133;2;land;false;plains;1
3106;225;156;136;land;false;plains;1
3107;120;198;214;land;false;plains;1
3108;91;248;210;land;false;plains;1
3109;228;232;117;land;false;plains;1
3110;218;112;214;land;false;plains;1
3111;182;204;235;land;false;plains;1
3112;55;13;9;land;false;plains;1
3113;35;5;28;land;false;plains;1
3114;4;33;41;land;false;plains;1
3115;212;167;140;land;false;plains;1
3116;84;229;216;land;false;plains;1
3117;17;38;34;land;false;plains;1
3118;146;142;252;land;false;plains;1
3119;216;139;235;land;false;plains;1
3120;31;37;22;land;false;plains;1
3121;246;251;169;land;false;plains;1
3122;173;193;235;land;false;plains;1
3123;51;19;10;land;false;plains;1
3124;75;244;246;land;false;plains;1
3125;157;189;181;land;false;plains;1
3126;7;8;32;land;false;plains;1
3127;25;20;31;land;false;plains;1
3128;140;246;156;land;false;plains;1
3129;15;74;9;land;false;plains;1
3130;0;10;54;land;false;plains;1
3131;51;13;30;land;false;plains;1
3132;248;164;127;land;false;plains;1
3133;5;23;2;land;false;plains;1
3134;33;16;18;land;false;plains;1
3135;174;248;108;land;false;plains;1
3136;14;19;11;land;false;plains;1
3137;27;10;0;land;false;plains;1
3138;32;17;32;land;false;plains;1
3139;16;1;74;land;false;plains;1
3140;30;6;9;land;false;plains;1
3141;242;217;145;land;false;plains;1
3142;64;214;245;land;false;plains;1
3143;192;244;200;land;false;plains;1
3144;197;211;120;land;false;plains;1
3145;242;189;183;land;false;plains;1
3146;223;214;96;land;false;plains;1
3147;187;249;134;land;false;plains;1
3148;104;227;235;land;false;plains;1
3149;211;142;203;land;false;plains;1
3150;237;174;149;land;false;plains;1
3151;18;40;12;land;false;plains;1
3152;42;11;39;land;false;plains;1
3153;21;25;41;land;false;plains;1
3154;246;39;244;land;false;plains;1
3155;180;133;246;land;false;plains;1
3156;174;218;129;land;false;plains;1
3157;169;250;167;land;false;plains;1
3158;123;250;190;land;false;plains;1
3159;19;13;49;land;false;plains;1
3160;222;248;35;land;false;plains;1
3161;165;224;231;land;false;plains;1
3162;237;207;131;land;false;plains;1
3163;185;209;179;land;false;plains;1
3164;232;169;215;land;false;plains;1
3165;232;230;249;land;false;plains;1
3166;231;133;169;land;false;plains;1
3167;133;253;201;land;false;plains;1
3168;0;29;37;land;false;plains;1
3169;7;0;28;land;false;plains;1
3170;220;250;121;land;false;plains;1
3171;28;16;10;land;false;plains;1
3172;37;10;52;land;false;plains;1
3173;216;236;103;land;false;plains;1
3174;141;201;219;land;false;plains;1
3175;214;147;248;land;false;plains;1
3176;251;223;217;land;false;plains;1
3177;227;120;166;land;false;plains;1
3178;145;204;211;land;false;plains;1
3179;174;238;91;land;false;plains;1
3180;237;184;173;land;false;plains;1
3181;235;141;241;land;false;plains;1
3182;234;92;224;land;false;plains;1
3183;141;252;253;land;false;plains;1
3184;210;101;236;land;false;plains;1
3185;193;133;181;land;false;plains;1
3186;194;241;77;land;false;plains;1
3187;198;214;101;land;false;plains;1
3188;230;132;142;land;false;plains;1
3189;54;24;12;land;false;plains;1
3190;30;27;10;land;false;plains;1
3191;250;230;178;land;false;plains;1
3192;37;2;13;land;false;plains;1
3193;232;86;236;land;false;plains;1
3194;168;206;163;land;false;plains;1
3195;171;121;225;land;false;plains;1
3196;20;34;22;land;false;plains;1
3197;245;231;73;land;false;plains;1
3198;147;208;201;land;false;plains;1
3199;78;15;4;land;false;plains;1
3200;162;232;248;land;false;plains;1
3201;192;141;247;land;false;plains;1
3202;51;32;9;land;false;plains;1
3203;228;162;122;land;false;plains;1
3204;97;224;220;land;false;plains;1
3205;155;222;162;land;false;plains;1
3206;60;5;28;land;false;plains;1
3207;40;7;51;land;false;plains;1
3208;190;127;244;land;false;plains;1
3209;148;205;161;land;false;plains;1
3210;245;208;122;land;false;plains;1
3211;245;96;181;land;false;plains;1
3212;184;109;229;land;false;plains;1
3213;19;14;45;land;false;plains;1
3214;32;17;49;land;false;plains;1
3215;243;252;69;land;false;plains;1
3216;254;180;79;land;false;plains;1
3217;192;212;180;land;false;plains;1
3218;219;96;246;land;false;plains;1
3219;216;125;183;land;false;plains;1
3220;251;111;243;land;false;plains;1
3221;18;38;31;land;false;plains;1
3222;234;186;186;land;false;plains;1
3223;6;13;43;land;false;plains;1
3224;195;232;215;land;false;plains;1
3225;55;27;0;land;false;plains;1
3226;77;1;2;land;false;plains;1
3227;147;148;244;land;false;plains;1
3228;165;238;207;land;false;plains;1
3229;6;58;7;land;false;plains;1
3230;29;51;12;land;false;plains;1
3231;220;154;161;land;false;plains;1
3232;179;202;156;land;false;plains;1
3233;234;176;98;land;false;plains;1
3234;17;9;72;land;false;plains;1
3235;35;41;18;land;false;plains;1
3236;239;203;238;land;false;plains;1
3237;64;234;224;land;false;plains;1
3238;20;15;42;land;false;plains;1
3239;22;51;20;land;false;plains;1
3240;193;182;178;land;false;plains;1
3241;200;254;88;land;false;plains;1
3242;194;249;190;land;false;plains;1
3243;249;74;189;land;false;plains;1
3244;237;126;215;land;false;plains;1
3245;216;157;250;land;false;plains;1
3246;240;150;133;land;false;plains;1
3247;222;221;234;land;false;plains;1
3248;23;67;0;land;false;plains;1
3249;215;111;213;land;false;plains;1
3250;253;249;53;land;false;plains;1
3251;48;14;2;land;false;plains;1
3252;10;47;18;land;false;plains;1
3253;210;234;60;land;false;plains;1
3254;180;150;229;land;false;plains;1
3255;254;254;107;land;false;plains;1
3256;217;132;244;land;false;plains;1
3257;248;87;167;land;false;plains;1
3258;9;28;40;land;false;plains;1
3259;174;207;209;land;false;plains;1
3260;7;33;41;land;false;plains;1
3261;30;2;15;land;false;plains;1
3262;67;243;230;land;false;plains;1
3263;2;20;52;land;false;plains;1
3264;232;24;245;land;false;plains;1
3265;153;138;214;land;false;plains;1
3266;164;225;131;land;false;plains;1
3267;189;203;227;land;false;plains;1
3268;12;8;22;land;false;plains;1
3269;27;51;11;land;false;plains;1
3270;235;158;240;land;false;plains;1
3271;223;88;235;land;false;plains;1
3272;116;234;165;land;false;plains;1
3273;27;14;7;land;false;plains;1
3274;249;114;178;land;false;plains;1
3275;226;84;208;land;false;plains;1
3276;40;6;1;land;false;plains;1
3277;21;1;52;land;false;plains;1
3278;91;227;242;land;false;plains;1
3279;244;235;123;land;false;plains;1
3280;210;170;122;land;false;plains;1
3281;112;173;223;land;false;plains;1
3282;91;227;187;land;false;plains;1
3283;24;69;2;land;false;plains;1
3284;29;34;59;land;false;plains;1
3285;20;18;59;land;false;plains;1
3286;250;144;179;land;false;plains;1
3287;226;235;236;land;false;plains;1
3288;106;157;248;land;false;plains;1
3289;175;161;246;land;false;plains;1
3290;234;179;183;land;false;plains;1
3291;158;245;182;land;false;plains;1
3292;91;219;241;land;false;plains;1
3293;74;21;2;land;false;plains;1
3294;135;178;218;land;false;plains;1
3295;134;241;226;land;false;plains;1
3296;246;93;216;land;false;plains;1
3297;198;129;214;land;false;plains;1
3298;245;154;214;land;false;plains;1
3299;194;218;123;land;false;plains;1
3300;0;11;73;land;false;plains;1
3301;222;192;201;land;false;plains;1
3302;225;182;115;land;false;plains;1
3303;171;184;165;land;false;plains;1
3304;243;245;230;land;false;plains;1
3305;206;112;202;land;false;plains;1
3306;38;4;12;land;false;plains;1
3307;96;243;230;land;false;plains;1
3308;236;178;87;land;false;plains;1
3309;204;225;107;land;false;plains;1
3310;82;0;17;land;false;plains;1
3311;19;80;0;land;false;plains;1
3312;130;231;239;land;false;plains;1
3313;53;1;34;land;false;plains;1
3314;210;66;254;land;false;plains;1
3315;162;189;229;land;false;plains;1
3316;213;243;92;land;false;plains;1
3317;150;115;238;land;false;plains;1
3318;12;28;6;land;false;plains;1
3319;231;104;195;land;false;plains;1
3320;43;31;1;land;false;plains;1
3321;140;244;229;land;false;plains;1
3322;238;171;228;land;false;plains;1
3323;35;16;6;land;false;plains;1
3324;218;156;202;land;false;plains;1
3325;203;223;236;land;false;plains;1
3326;167;207;173;land;false;plains;1
3327;251;120;228;land;false;plains;1
3328;214;229;61;land;false;plains;1
3329;41;34;5;land;false;plains;1
3330;21;24;20;land;false;plains;1
3331;126;245;182;land;false;plains;1
3332;252;111;159;land;false;plains;1
3333;249;116;241;land;false;plains;1
3334;5;0;64;land;false;plains;1
3335;207;93;217;land;false;plains;1
3336;0;10;78;land;false;plains;1
3337;184;186;225;land;false;plains;1
3338;174;183;216;land;false;plains;1
3339;215;154;200;land;false;plains;1
3340;247;242;186;land;false;plains;1
3341;245;247;249;land;false;plains;1
3342;210;247;106;land;false;plains;1
3343;203;249;75;land;false;plains;1
3344;197;225;116;land;false;plains;1
3345;117;181;231;land;false;plains;1
3346;10;62;25;land;false;plains;1
3347;202;139;194;land;false;plains;1
3348;251;124;196;land;false;plains;1
3349;178;222;221;land;false;plains;1
3350;163;119;229;land;false;plains;1
3351;240;155;191;land;false;plains;1
3352;160;123;218;land;false;plains;1
3353;167;228;139;land;false;plains;1
3354;24;13;58;land;false;plains;1
3355;42;1;55;land;false;plains;1
3356;0;9;25;land;false;plains;1
3357;217;213;248;land;false;plains;1
3358;220;166;146;land;false;plains;1
3359;171;143;247;land;false;plains;1
3360;253;40;212;land;false;plains;1
3361;48;229;225;land;false;plains;1
3362;26;8;10;land;false;plains;1
3363;205;233;130;land;false;plains;1
3364;195;237;169;land;false;plains;1
3365;254;153;193;land;false;plains;1
3366;210;181;126;land;false;plains;1
3367;242;97;253;land;false;plains;1
3368;145;235;200;land;false;plains;1
3369;215;167;125;land;false;plains;1
3370;5;42;42;land;false;plains;1
3371;221;238;105;land;false;plains;1
3372;185;200;165;land;false;plains;1
3373;155;223;166;land;false;plains;1
3374;226;205;83;land;false;plains;1
3375;136;178;209;land;false;plains;1
3376;239;254;19;land;false;plains;1
3377;179;220;226;land;false;plains;1
3378;186;244;86;land;false;plains;1
3379;249;95;241;land;false;plains;1
3380;119;244;237;land;false;plains;1
3381;7;7;71;land;false;plains;1
3382;22;15;45;land;false;plains;1
3383;249;219;111;land;false;plains;1
3384;251;51;230;land;false;plains;1
3385;53;26;18;land;false;plains;1
3386;38;38;11;land;false;plains;1
3387;32;0;50;land;false;plains;1
3388;214;139;181;land;false;plains;1
3389;191;136;217;land;false;plains;1
3390;13;6;0;land;false;plains;1
3391;46;33;10;land;false;plains;1
3392;142;187;188;land;false;plains;1
3393;159;98;245;land;false;plains;1
3394;35;2;5;land;false;plains;1
3395;204;131;224;land;false;plains;1
3396;9;49;37;land;false;plains;1
3397;45;14;22;land;false;plains;1
3398;248;185;236;land;false;plains;1
3399;141;238;126;land;false;plains;1
3400;37;30;1;land;false;plains;1
3401;34;47;10;land;false;plains;1
3402;144;232;174;land;false;plains;1
3403;243;143;204;land;false;plains;1
3404;208;167;188;land;false;plains;1
3405;13;24;54;land;false;plains;1
3406;231;176;144;land;false;plains;1
3407;47;9;30;land;false;plains;1
3408;212;105;195;land;false;plains;1
3409;234;254;49;land;false;plains;1
3410;172;172;249;land;false;plains;1
3411;106;243;209;land;false;plains;1
3412;196;224;250;land;false;plains;1
3413;189;242;98;land;false;plains;1
3414;122;214;205;land;false;plains;1
3415;252;121;187;land;false;plains;1
3416;46;20;13;land;false;plains;1
3417;250;240;102;land;false;plains;1
3418;240;62;237;land;false;plains;1
3419;254;211;98;land;false;plains;1
3420;235;50;216;land;false;plains;1
3421;222;67;217;land;false;plains;1
3422;221;142;191;land;false;plains;1
3423;228;175;111;land;false;plains;1
3424;179;186;163;land;false;plains;1
3425;192;229;127;land;false;plains;1
3426;196;204;248;land;false;plains;1
3427;202;170;141;land;false;plains;1
3428;202;232;236;land;false;plains;1
3429;146;175;243;land;false;plains;1
3430;207;198;120;land;false;plains;1
3431;249;161;157;land;false;plains;1
3432;35;19;2;land;false;plains;1
3433;37;28;14;land;false;plains;1
3434;171;235;168;land;false;plains;1
3435;191;216;232;land;false;plains;1
3436;110;215;213;land;false;plains;1
3437;215;241;216;land;false;plains;1
3438;242;132;203;land;false;plains;1
3439;210;220;132;land;false;plains;1
3440;138;252;218;land;false;plains;1
3441;220;183;235;land;false;plains;1
3442;252;222;134;land;false;plains;1
3443;43;6;28;land;false;plains;1
3444;214;187;168;land;false;plains;1
3445;200;164;168;land;false;plains;1
3446;163;170;246;land;false;plains;1
3447;248;82;251;land;false;plains;1
3448;153;225;159;land;false;plains;1
3449;11;6;79;land;false;plains;1
3450;165;140;240;land;false;plains;1
3451;202;228;165;land;false;plains;1
3452;85;197;237;land;false;plains;1
3453;227;241;39;land;false;plains;1
3454;247;86;168;land;false;plains;1
3455;243;195;143;land;false;plains;1
3456;15;54;3;land;false;plains;1
3457;16;18;49;land;false;plains;1
3458;72;201;246;land;false;plains;1
3459;220;105;242;land;false;plains;1
3460;242;149;201;land;false;plains;1
3461;0;22;30;land;false;plains;1
3462;252;109;249;land;false;plains;1
3463;134;243;222;land;false;plains;1
3464;239;162;231;land;false;plains;1
3465;96;210;237;land;false;plains;1
3466;203;155;153;land;false;plains;1
3467;30;27;4;land;false;plains;1
3468;152;194;225;land;false;plains;1
3469;228;129;177;land;false;plains;1
3470;165;253;209;land;false;plains;1
3471;228;240;141;land;false;plains;1
3472;100;245;170;land;false;plains;1
3473;148;178;175;land;false;plains;1
3474;184;171;243;land;false;plains;1
3475;219;246;130;land;false;plains;1
3476;245;203;72;land;false;plains;1
3477;239;233;175;land;false;plains;1
3478;186;210;253;land;false;plains;1
3479;245;224;149;land;false;plains;1
3480;182;249;143;land;false;plains;1
3481;40;1;39;land;false;plains;1
3482;36;45;13;land;false;plains;1
3483;219;148;160;land;false;plains;1
3484;110;178;227;land;false;plains;1
3485;213;58;251;land;false;plains;1
3486;215;181;203;land;false;plains;1
3487;231;230;106;land;false;plains;1
3488;159;181;223;land;false;plains;1
3489;79;249;241;land;false;plains;1
3490;195;229;84;land;false;plains;1
3491;208;232;90;land;false;plains;1
3492;192;177;222;land;false;plains;1
3493;5;20;61;land;false;plains;1
3494;38;3;25;land;false;plains;1
3495;249;230;97;land;false;plains;1
3496;207;233;112;land;false;plains;1
3497;13;7;64;land;false;plains;1
3498;173;161;195;land;false;plains;1
3499;196;182;123;land;false;plains;1
3500;215;235;155;land;false;plains;1
3501;194;254;216;land;false;plains;1
3502;254;208;222;land;false;plains;1
3503;12;68;9;land;false;plains;1
3504;190;244;112;land;false;plains;1
3505;215;203;137;land;false;plains;1
3506;244;194;218;land;false;plains;1
3507;111;247;165;land;false;plains;1
3508;213;199;234;land;false;plains;1
3509;246;210;162;land;false;plains;1
3510;229;88;200;land;false;plains;1
3511;116;201;213;land;false;plains;1
3512;31;5;8;land;false;plains;1
3513;234;234;172;land;false;plains;1
3514;151;163;193;land;false;plains;1
3515;142;213;178;land;false;plains;1
3516;250;167;180;land;false;plains;1
3517;230;239;52;land;false;plains;1
3518;186;199;226;land;false;plains;1
3519;170;106;249;land;false;plains;1
3520;215;185;250;land;false;plains;1
3521;178;251;167;land;false;plains;1
3522;236;150;250;land;false;plains;1
3523;137;249;118;land;false;plains;1
3524;225;212;145;land;false;plains;1
3525;186;213;151;land;false;plains;1
3526;221;218;218;land;false;plains;1
3527;252;233;56;land;false;plains;1
3528;190;210;113;land;false;plains;1
3529;2;0;9;land;false;plains;1
3530;113;251;183;land;false;plains;1
3531;118;154;252;land;false;plains;1
3532;193;222;203;land;false;plains;1
3533;126;228;202;land;false;plains;1
3534;252;233;234;land;false;plains;1
3535;195;167;211;land;false;plains;1
3536;180;235;141;land;false;plains;1
3537;249;223;156;land;false;plains;1
3538;85;224;214;land;false;plains;1
3539;42;30;5;land;false;plains;1
3540;146;247;195;land;false;plains;1
3541;168;196;154;land;false;plains;1
3542;115;253;154;land;false;plains;1
3543;135;202;215;land;false;plains;1
3544;155;229;232;land;false;plains;1
3545;122;183;199;land;false;plains;1
3546;94;213;247;land;false;plains;1
3547;230;229;225;land;false;plains;1
3548;227;118;197;land;false;plains;1
3549;14;6;56;land;false;plains;1
3550;77;252;235;land;false;plains;1
3551;216;230;71;land;false;plains;1
3552;241;194;83;land;false;plains;1
3553;153;199;227;land;false;plains;1
3554;26;13;11;land;false;plains;1
3555;242;160;137;land;false;plains;1
3556;147;137;221;land;false;plains;1
3557;184;232;190;land;false;plains;1
3558;34;42;12;land;false;plains;1
3559;233;231;144;land;false;plains;1
3560;182;214;169;land;false;plains;1
3561;217;190;218;land;false;plains;1
3562;33;24;19;land;false;plains;1
3563;83;228;240;land;false;plains;1
3564;8;43;32;land;false;plains;1
3565;238;166;184;land;false;plains;1
3566;237;244;198;land;false;plains;1
3567;69;251;201;land;false;plains;1
3568;155;202;248;land;false;plains;1
3569;154;171;182;land;false;plains;1
3570;148;199;194;land;false;plains;1
3571;226;175;254;land;false;plains;1
3572;210;227;172;land;false;plains;1
3573;198;237;206;land;false;plains;1
3574;6;16;52;land;false;plains;1
3575;1;58;26;land;false;plains;1
3576;221;221;103;land;false;plains;1
3577;173;128;233;land;false;plains;1
3578;130;192;192;land;false;plains;1
3579;33;30;19;land;false;plains;1
3580;251;188;229;land;false;plains;1
3581;33;21;34;land;false;plains;1
3582;5;48;37;land;false;plains;1
3583;224;143;212;land;false;plains;1
3584;186;212;193;land;false;plains;1
3585;7;33;48;land;false;plains;1
3586;229;233;130;land;false;plains;1
3587;208;229;97;land;false;plains;1
3588;176;178;230;land;false;plains;1
3589;224;113;218;land;false;plains;1
3590;174;230;164;land;false;plains;1
3591;175;242;117;land;false;plains;1
3592;105;238;247;land;false;plains;1
3593;242;77;214;land;false;plains;1
3594;169;157;192;land;false;plains;1
3595;231;200;218;land;false;plains;1
3596;38;18;20;land;false;plains;1
3597;173;217;173;land;false;plains;1
3598;215;122;204;land;false;plains;1
3599;212;174;222;land;false;plains;1
3600;211;243;48;land;false;plains;1
3601;81;206;240;land;false;plains;1
3602;11;36;36;land;false;plains;1
3603;135;245;212;land;false;plains;1
3604;190;228;109;land;false;plains;1
3605;253;91;160;land;false;plains;1
3606;216;244;133;land;false;plains;1
3607;193;238;112;land;false;plains;1
3608;88;220;244;land;false;plains;1
3609;184;229;90;land;false;plains;1
3610;206;202;176;land;false;plains;1
3611;50;15;4;land;false;plains;1
3612;0;43;45;land;false;plains;1
3613;233;106;178;land;false;plains;1
3614;153;231;221;land;false;plains;1
3615;181;246;197;land;false;plains;1
3616;206;197;190;land;false;plains;1
3617;85;225;197;land;false;plains;1
3618;84;1;4;land;false;plains;1
3619;58;2;18;land;false;plains;1
3620;151;200;188;land;false;plains;1
3621;137;236;137;land;false;plains;1
3622;235;213;122;land;false;plains;1
3623;1;68;23;land;false;plains;1
3624;216;254;210;land;false;plains;1
3625;3;4;72;land;false;plains;1
3626;231;89;214;land;false;plains;1
3627;247;42;226;land;false;plains;1
3628;240;241;167;land;false;plains;1
3629;170;223;168;land;false;plains;1
3630;247;116;209;land;false;plains;1
3631;202;131;226;land;false;plains;1
3632;222;198;169;land;false;plains;1
3633;27;0;72;land;false;plains;1
3634;241;150;219;land;false;plains;1
3635;242;245;88;land;false;plains;1
3636;223;155;129;land;false;plains;1
3637;201;137;230;land;false;plains;1
3638;1;84;7;land;false;plains;1
3639;99;239;222;land;false;plains;1
3640;215;113;184;land;false;plains;1
3641;100;201;201;land;false;plains;1
3642;129;201;211;land;false;plains;1
3643;225;231;214;land;false;plains;1
3644;254;224;242;land;false;plains;1
3645;3;3;27;land;false;plains;1
3646;171;199;186;land;false;plains;1
3647;187;189;241;land;false;plains;1
3648;195;228;243;land;false;plains;1
3649;210;221;150;land;false;plains;1
3650;29;22;39;land;false;plains;1
3651;229;132;206;land;false;plains;1
3652;94;241;200;land;false;plains;1
3653;198;247;80;land;false;plains;1
3654;52;24;23;land;false;plains;1
3655;27;10;18;land;false;plains;1
3656;198;88;231;land;false;plains;1
3657;234;190;196;land;false;plains;1
3658;180;184;189;land;false;plains;1
3659;241;95;212;land;false;plains;1
3660;250;124;172;land;false;plains;1
3661;228;101;234;land;false;plains;1
3662;15;58;4;land;false;plains;1
3663;216;209;169;land;false;plains;1
3664;80;253;242;land;false;plains;1
3665;158;209;180;land;false;plains;1
3666;55;14;0;land;false;plains;1
3667;5;37;16;land;false;plains;1
3668;157;227;245;land;false;plains;1
3669;68;247;191;land;false;plains;1
3670;236;53;237;land;false;plains;1
3671;202;158;203;land;false;plains;1
3672;200;170;171;land;false;plains;1
3673;212;152;207;land;false;plains;1
3674;246;122;141;land;false;plains;1
3675;82;237;230;land;false;plains;1
3676;193;243;133;land;false;plains;1
3677;139;241;131;land;false;plains;1
3678;238;198;76;land;false;plains;1
3679;202;241;204;land;false;plains;1
3680;208;50;248;land;false;plains;1
3681;228;85;219;land;false;plains;1
3682;211;160;215;land;false;plains;1
3683;96;250;241;land;false;plains;1
3684;238;169;211;land;false;plains;1
3685;190;244;80;land;false;plains;1
3686;231;141;229;land;false;plains;1
3687;186;242;201;land;false;plains;1
3688;222;236;77;land;false;plains;1
3689;6;33;51;land;false;plains;1
3690;231;207;96;land;false;plains;1
3691;217;172;172;land;false;plains;1
3692;3;67;25;land;false;plains;1
3693;232;199;144;land;false;plains;1
3694;226;91;230;land;false;plains;1
3695;200;219;92;land;false;plains;1
3696;210;156;232;land;false;plains;1
3697;240;230;219;land;false;plains;1
3698;222;233;139;land;false;plains;1
3699;8;75;2;land;false;plains;1
3700;166;173;228;land;false;plains;1
3701;227;254;92;land;false;plains;1
3702;128;230;246;land;false;plains;1
3703;166;247;216;land;false;plains;1
3704;35;12;1;land;false;plains;1
3705;98;203;245;land;false;plains;1
3706;215;214;76;land;false;plains;1
3707;203;238;189;land;false;plains;1
3708;225;188;97;land;false;plains;1
3709;246;238;183;land;false;plains;1
3710;216;135;162;land;false;plains;1
3711;108;188;228;land;false;plains;1
3712;143;221;173;land;false;plains;1
3713;197;144;245;land;false;plains;1
3714;217;129;233;land;false;plains;1
3715;47;4;0;land;false;plains;1
3716;218;104;196;land;false;plains;1
3717;217;230;129;land;false;plains;1
3718;248;163;221;land;false;plains;1
3719;201;249;146;land;false;plains;1
3720;190;114;244;land;false;plains;1
3721;220;100;226;land;false;plains;1
3722;63;220;219;land;false;plains;1
3723;236;222;100;land;false;plains;1
3724;90;242;182;land;false;plains;1
3725;197;235;79;land;false;plains;1
3726;247;252;147;land;false;plains;1
3727;210;249;83;land;false;plains;1
3728;242;105;215;land;false;plains;1
3729;3;10;52;land;false;plains;1
3730;30;48;10;land;false;plains;1
3731;201;243;57;land;false;plains;1
3732;232;117;206;land;false;plains;1
3733;240;141;126;land;false;plains;1
3734;14;50;3;land;false;plains;1
3735;234;239;63;land;false;plains;1
3736;238;71;198;land;false;plains;1
3737;110;233;191;land;false;plains;1
3738;41;29;5;land;false;plains;1
3739;171;106;248;land;false;plains;1
3740;158;195;201;land;false;plains;1
3741;47;243;230;land;false;plains;1
3742;28;14;12;land;false;plains;1
3743;214;240;187;land;false;plains;1
3744;176;230;215;land;false;plains;1
3745;246;190;109;land;false;plains;1
3746;188;136;207;land;false;plains;1
3747;227;248;93;land;false;plains;1
3748;14;12;5;land;false;plains;1
3749;237;253;38;land;false;plains;1
3750;185;216;215;land;false;plains;1
3751;24;17;19;land;false;plains;1
3752;182;131;204;land;false;plains;1
3753;249;147;165;land;false;plains;1
3754;196;112;224;land;false;plains;1
3755;206;129;214;land;false;plains;1
3756;76;249;218;land;false;plains;1
3757;140;233;206;land;false;plains;1
3758;245;205;178;land;false;plains;1
3759;19;20;56;land;false;plains;1
3760;106;214;219;land;false;plains;1
3761;182;125;224;land;false;plains;1
3762;221;249;123;land;false;plains;1
3763;228;197;91;land;false;plains;1
3764;191;190;227;land;false;plains;1
3765;129;240;200;land;false;plains;1
3766;163;166;251;land;false;plains;1
3767;37;22;4;land;false;plains;1
3768;235;107;202;land;false;plains;1
3769;232;78;226;land;false;plains;1
3770;17;57;12;land;false;plains;1
3771;56;231;229;land;false;plains;1
3772;209;210;94;land;false;plains;1
3773;2;1;59;land;false;plains;1
3774;6;69;7;land;false;plains;1
3775;68;27;4;land;false;plains;1
3776;239;178;223;land;false;plains;1
3777;232;182;142;land;false;plains;1
3778;232;55;218;land;false;plains;1
3779;117;222;241;land;false;plains;1
3780;46;26;19;land;false;plains;1
3781;8;35;20;land;false;plains;1
3782;17;16;26;land;false;plains;1
3783;103;228;251;land;false;plains;1
3784;212;187;159;land;false;plains;1
3785;217;135;167;land;false;plains;1
3786;214;150;162;land;false;plains;1
3787;243;233;134;land;false;plains;1
3788;220;178;180;land;false;plains;1
3789;254;205;176;land;false;plains;1
3790;241;244;21;land;false;plains;1
3791;229;224;129;land;false;plains;1
3792;57;219;242;land;false;plains;1
3793;19;20;20;land;false;plains;1
3794;32;24;4;land;false;plains;1
3795;157;247;197;land;false;plains;1
3796;221;89;249;land;false;plains;1
3797;0;17;56;land;false;plains;1
3798;164;229;128;land;false;plains;1
3799;124;206;224;land;false;plains;1
3800;204;238;61;land;false;plains;1
3801;31;28;14;land;false;plains;1
3802;208;158;166;land;false;plains;1
3803;224;214;76;land;false;plains;1
3804;130;154;235;land;false;plains;1
3805;179;229;239;land;false;plains;1
3806;6;17;55;land;false;plains;1
3807;38;30;21;land;false;plains;1
3808;189;115;220;land;false;plains;1
3809;70;4;14;land;false;plains;1
3810;240;42;235;land;false;plains;1
3811;166;212;213;land;false;plains;1
3812;244;162;213;land;false;plains;1
3813;206;248;228;land;false;plains;1
3814;220;154;205;land;false;plains;1
3815;205;175;184;land;false;plains;1
3816;245;242;130;land;false;plains;1
3817;16;12;48;land;false;plains;1
3818;207;136;250;land;false;plains;1
3819;220;97;240;land;false;plains;1
3820;76;240;220;land;false;plains;1
3821;247;191;149;land;false;plains;1
3822;224;228;243;land;false;plains;1
3823;215;74;219;land;false;plains;1
3824;200;223;178;land;false;plains;1
3825;193;242;169;land;false;plains;1
3826;244;163;162;land;false;plains;1
3827;201;201;186;land;false;plains;1
3828;206;137;211;land;false;plains;1
3829;67;218;234;land;false;plains;1
3830;243;68;252;land;false;plains;1
3831;179;191;159;land;false;plains;1
3832;133;252;170;land;false;plains;1
3833;219;172;203;land;false;plains;1
3834;207;216;144;land;false;plains;1
3835;190;212;187;land;false;plains;1
3836;45;18;10;land;false;plains;1
3837;9;78;9;land;false;plains;1
3838;193;159;170;land;false;plains;1
3839;150;214;230;land;false;plains;1
3840;129;231;252;land;false;plains;1
3841;67;15;8;land;false;plains;1
3842;130;195;219;land;false;plains;1
3843;173;170;230;land;false;plains;1
3844;174;247;243;land;false;plains;1
3845;181;243;119;land;false;plains;1
3846;239;199;84;land;false;plains;1
3847;35;19;29;land;false;plains;1
3848;234;188;104;land;false;plains;1
3849;196;123;235;land;false;plains;1
3850;30;6;21;land;false;plains;1
3851;13;37;29;land;false;plains;1
3852;174;247;195;land;false;plains;1
3853;217;220;133;land;false;plains;1
3854;83;5;10;land;false;plains;1
3855;156;127;225;land;false;plains;1
3856;233;142;187;land;false;plains;1
3857;231;72;215;land;false;plains;1
3858;161;138;215;land;false;plains;1
3859;253;18;242;land;false;plains;1
3860;11;20;43;land;false;plains;1
3861;171;223;215;land;false;plains;1
3862;170;141;235;land;false;plains;1
3863;123;152;241;land;false;plains;1
3864;179;135;228;land;false;plains;1
3865;20;67;1;land;false;plains;1
3866;238;136;242;land;false;plains;1
3867;194;137;235;land;false;plains;1
3868;169;174;252;land;false;plains;1
3869;124;233;189;land;false;plains;1
3870;178;186;245;land;false;plains;1
3871;193;200;241;land;false;plains;1
3872;249;108;147;land;false;plains;1
3873;98;218;185;land;false;plains;1
3874;98;243;167;land;false;plains;1
3875;175;155;180;land;false;plains;1
3876;254;91;248;land;false;plains;1
3877;217;192;154;land;false;plains;1
3878;237;220;119;land;false;plains;1
3879;172;135;250;land;false;plains;1
3880;224;215;62;land;false;plains;1
3881;95;213;246;land;false;plains;1
3882;242;184;126;land;false;plains;1
3883;252;215;155;land;false;plains;1
3884;15;6;38;land;false;plains;1
3885;196;247;68;land;false;plains;1
3886;194;220;121;land;false;plains;1
3887;246;214;43;land;false;plains;1
3888;237;167;189;land;false;plains;1
3889;165;218;202;land;false;plains;1
3890;5;23;58;land;false;plains;1
3891;15;50;16;land;false;plains;1
3892;246;194;155;land;false;plains;1
3893;171;247;101;land;false;plains;1
3894;65;214;246;land;false;plains;1
3895;243;240;143;land;false;plains;1
3896;219;242;41;land;false;plains;1
3897;174;147;222;land;false;plains;1
3898;175;239;207;land;false;plains;1
3899;202;236;69;land;false;plains;1
3900;216;183;171;land;false;plains;1
3901;182;167;248;land;false;plains;1
3902;142;178;182;land;false;plains;1
3903;199;125;196;land;false;plains;1
3904;27;16;35;land;false;plains;1
3905;139;254;190;land;false;plains;1
3906;254;235;187;land;false;plains;1
3907;229;197;229;land;false;plains;1
3908;210;240;242;land;false;plains;1
3909;11;44;33;land;false;plains;1
3910;121;254;251;land;false;plains;1
3911;223;128;152;land;false;plains;1
3912;21;30;7;land;false;plains;1
3913;192;146;235;land;false;plains;1
3914;234;137;138;land;false;plains;1
3915;19;31;40;land;false;plains;1
3916;73;7;16;land;false;plains;1
3917;159;130;247;land;false;plains;1
3918;223;124;246;land;false;plains;1
3919;170;229;214;land;false;plains;1
3920;154;131;226;land;false;plains;1
3921;204;186;112;land;false;plains;1
3922;223;233;145;land;false;plains;1
3923;253;159;207;land;false;plains;1
3924;11;22;8;land;false;plains;1
3925;33;32;6;land;false;plains;1
3926;175;228;172;land;false;plains;1
3927;239;107;168;land;false;plains;1
3928;89;226;226;land;false;plains;1
3929;229;184;186;land;false;plains;1
3930;194;136;223;land;false;plains;1
3931;242;185;240;land;false;plains;1
3932;184;226;180;land;false;plains;1
3933;40;34;2;land;false;plains;1
3934;51;23;0;land;false;plains;1
3935;194;207;237;land;false;plains;1
3936;213;187;180;land;false;plains;1
3937;72;201;247;land;false;plains;1
3938;45;222;248;land;false;plains;1
3939;212;78;222;land;false;plains;1
3940;254;33;214;land;false;plains;1
3941;215;168;238;land;false;plains;1
3942;156;240;105;land;false;plains;1
3943;244;139;185;land;false;plains;1
3944;233;94;219;land;false;plains;1
3945;248;208;242;land;false;plains;1
3946;238;130;157;land;false;plains;1
3947;243;155;215;land;false;plains;1
3948;71;240;190;land;false;plains;1
3949;161;214;222;land;false;plains;1
3950;67;9;8;land;false;plains;1
3951;155;209;157;land;false;plains;1
3952;14;41;38;land;false;plains;1
3953;44;18;37;land;false;plains;1
3954;208;228;209;land;false;plains;1
3955;154;254;195;land;false;plains;1
3956;155;249;150;land;false;plains;1
3957;187;224;188;land;false;plains;1
3958;158;133;248;land;false;plains;1
3959;250;177;135;land;false;plains;1
3960;175;101;246;land;false;plains;1
3961;124;159;239;land;false;plains;1
3962;6;47;27;land;false;plains;1
3963;241;189;161;land;false;plains;1
3964;189;236;118;land;false;plains;1
3965;94;202;240;land;false;plains;1
3966;247;148;201;land;false;plains;1
3967;14;30;12;land;false;plains;1
3968;204;135;201;land;false;plains;1
3969;200;128;194;land;false;plains;1
3970;111;200;226;land;false;plains;1
3971;88;221;218;land;false;plains;1
3972;2;83;11;land;false;plains;1
3973;38;239;249;land;false;plains;1
3974;12;31;52;land;false;plains;1
3975;138;224;222;land;false;plains;1
3976;160;225;193;land;false;plains;1
3977;132;243;246;land;false;plains;1
3978;48;243;218;land;false;plains;1
3979;220;156;238;land;false;plains;1
3980;164;134;226;land;false;plains;1
3981;252;185;98;land;false;plains;1
3982;149;150;208;land;false;plains;1
3983;217;232;55;land;false;plains;1
3984;250;41;216;land;false;plains;1
3985;237;237;181;land;false;plains;1
3986;52;6;41;land;false;plains;1
3987;15;29;51;land;false;plains;1
3988;92;233;251;land;false;plains;1
3989;176;134;231;land;false;plains;1
3990;138;238;159;land;false;plains;1
3991;161;172;188;land;false;plains;1
3992;205;138;252;land;false;plains;1
3993;181;185;248;land;false;plains;1
3994;139;184;226;land;false;plains;1
3995;4;20;50;land;false;plains;1
3996;26;2;47;land;false;plains;1
3997;200;141;187;land;false;plains;1
3998;216;233;129;land;false;plains;1
3999;104;214;204;land;false;plains;1
4000;0;27;15;land;false;plains;1
4001;170;242;250;land;false;plains;1
4002;235;182;87;land;false;plains;1
4003;210;217;248;land;false;plains;1
4004;8;61;27;land;false;plains;1
4005;235;162;104;land;false;plains;1
4006;76;210;249;land;false;plains;1
4007;250;134;173;land;false;plains;1
4008;180;189;152;land;false;plains;1
4009;197;245;73;land;false;plains;1
4010;38;37;7;land;false;plains;1
4011;201;196;159;land;false;plains;1
4012;232;212;126;land;false;plains;1
4013;166;174;179;land;false;plains;1
4014;84;251;178;land;false;plains;1
4015;83;238;220;land;false;plains;1
4016;248;175;170;land;false;plains;1
4017;137;171;237;land;false;plains;1
4018;218;151;206;land;false;plains;1
4019;173;153;190;land;false;plains;1
4020;234;170;212;land;false;plains;1
4021;129;131;245;land;false;plains;1
4022;19;27;36;land;false;plains;1
4023;223;179;169;land;false;plains;1
4024;76;253;195;land;false;plains;1
4025;6;44;39;land;false;plains;1
4026;234;117;191;land;false;plains;1
4027;241;71;218;land;false;plains;1
4028;215;148;216;land;false;plains;1
4029;191;162;189;land;false;plains;1
4030;236;221;148;land;false;plains;1
4031;211;163;135;land;false;plains;1
4032;156;204;183;land;false;plains;1
4033;237;203;108;land;false;plains;1
4034;13;37;19;land;false;plains;1
4035;200;236;161;land;false;plains;1
4036;43;36;18;land;false;plains;1
4037;207;220;120;land;false;plains;1
4038;234;193;107;land;false;plains;1
4039;189;249;146;land;false;plains;1
4040;78;254;221;land;false;plains;1
4041;142;175;236;land;false;plains;1
4042;23;49;22;land;false;plains;1
4043;44;27;15;land;false;plains;1
4044;167;225;179;land;false;plains;1
4045;96;237;181;land;false;plains;1
4046;180;96;237;land;false;plains;1
4047;213;197;249;land;false;plains;1
4048;235;170;230;land;false;plains;1
4049;144;238;194;land;false;plains;1
4050;182;123;196;land;false;plains;1
4051;17;70;7;land;false;plains;1
4052;105;201;251;land;false;plains;1
4053;252;225;226;land;false;plains;1
4054;232;116;243;land;false;plains;1
4055;254;240;197;land;false;plains;1
4056;246;240;170;land;false;plains;1
4057;120;234;240;land;false;plains;1
4058;247;154;116;land;false;plains;1
4059;48;7;16;land;false;plains;1
4060;223;194;215;land;false;plains;1
4061;217;181;124;land;false;plains;1
4062;76;8;3;land;false;plains;1
4063;144;199;222;land;false;plains;1
4064;254;32;241;land;false;plains;1
4065;137;206;204;land;false;plains;1
4066;239;149;209;land;false;plains;1
4067;252;243;206;land;false;plains;1
4068;107;223;246;land;false;plains;1
4069;30;42;4;land;false;plains;1
4070;145;139;219;land;false;plains;1
4071;236;254;141;land;false;plains;1
4072;66;8;16;land;false;plains;1
4073;194;98;243;land;false;plains;1
4074;161;232;197;land;false;plains;1
4075;162;227;143;land;false;plains;1
4076;246;13;253;land;false;plains;1
4077;232;249;245;land;false;plains;1
4078;75;208;249;land;false;plains;1
4079;242;137;211;land;false;plains;1
4080;6;34;16;land;false;plains;1
4081;207;253;201;land;false;plains;1
4082;70;19;4;land;false;plains;1
4083;105;168;243;land;false;plains;1
4084;25;43;26;land;false;plains;1
4085;205;201;251;land;false;plains;1
4086;219;93;220;land;false;plains;1
4087;202;150;192;land;false;plains;1
4088;152;152;245;land;false;plains;1
4089;198;163;213;land;false;plains;1
4090;207;228;188;land;false;plains;1
4091;195;196;218;land;false;plains;1
4092;103;222;213;land;false;plains;1
4093;242;253;230;land;false;plains;1
4094;237;141;130;land;false;plains;1
4095;99;242;243;land;false;plains;1
4096;17;2;30;land;false;plains;1
4097;219;154;205;land;false;plains;1
4098;23;15;22;land;false;plains;1
4099;107;225;225;land;false;plains;1
4100;182;213;220;land;false;plains;1
4101;142;166;196;land;false;plains;1
4102;225;188;229;land;false;plains;1
4103;64;16;15;land;false;plains;1
4104;202;113;218;land;false;plains;1
4105;244;107;235;land;false;plains;1
4106;49;13;6;land;false;plains;1
4107;254;88;247;land;false;plains;1
4108;228;190;176;land;false;plains;1
4109;2;19;35;land;false;plains;1
4110;226;128;209;land;false;plains;1
4111;232;171;114;land;false;plains;1
4112;224;140;165;land;false;plains;1
4113;182;179;187;land;false;plains;1
4114;173;232;235;land;false;plains;1
4115;5;83;5;land;false;plains;1
4116;191;144;253;land;false;plains;1
4117;215;254;168;land;false;plains;1
4118;229;116;180;land;false;plains;1
4119;193;145;185;land;false;plains;1
4120;14;67;2;land;false;plains;1
4121;159;249;111;land;false;plains;1
4122;251;2;250;land;false;plains;1
4123;10;31;52;land;false;plains;1
4124;35;13;49;land;false;plains;1
4125;3;40;42;land;false;plains;1
4126;148;241;131;land;false;plains;1
4127;215;194;163;land;false;plains;1
4128;213;185;199;land;false;plains;1
4129;251;164;251;land;false;plains;1
4130;3;57;17;land;false;plains;1
4131;111;221;195;land;false;plains;1
4132;249;187;69;land;false;plains;1
4133;169;228;173;land;false;plains;1
4134;17;6;12;land;false;plains;1
4135;33;14;7;land;false;plains;1
4136;233;184;160;land;false;plains;1
4137;158;209;191;land;false;plains;1
4138;247;235;27;land;false;plains;1
4139;179;157;196;land;false;plains;1
4140;194;198;146;land;false;plains;1
4141;161;242;195;land;false;plains;1
4142;235;62;225;land;false;plains;1
4143;224;77;227;land;false;plains;1
4144;249;180;142;land;false;plains;1
4145;0;31;7;land;false;plains;1
4146;163;231;129;land;false;plains;1
4147;173;162;218;land;false;plains;1
4148;188;237;207;land;false;plains;1
4149;26;39;22;land;false;plains;1
4150;19;242;244;land;false;plains;1
4151;168;225;241;land;false;plains;1
4152;223;147;182;land;false;plains;1
4153;202;222;146;land;false;plains;1
4154;230;242;199;land;false;plains;1
4155;196;175;170;land;false;plains;1
4156;8;9;57;land;false;plains;1
4157;251;239;242;land;false;plains;1
4158;212;200;241;land;false;plains;1
4159;145;134;238;land;false;plains;1
4160;250;203;120;land;false;plains;1
4161;151;224;222;land;false;plains;1
4162;1;13;74;land;false;plains;1
4163;85;214;248;land;false;plains;1
4164;28;4;22;land;false;plains;1
4165;237;154;164;land;false;plains;1
4166;130;215;177;land;false;plains;1
4167;221;136;203;land;false;plains;1
4168;0;5;85;land;false;plains;1
4169;80;227;205;land;false;plains;1
4170;137;131;249;land;false;plains;1
4171;241;245;216;land;false;plains;1
4172;220;174;151;land;false;plains;1
4173;236;142;148;land;false;plains;1
4174;21;1;1;land;false;plains;1
4175;17;28;39;land;false;plains;1
4176;37;50;2;land;false;plains;1
4177;172;197;217;land;false;plains;1
4178;50;16;21;land;false;plains;1
4179;52;216;250;land;false;plains;1
4180;250;252;139;land;false;plains;1
4181;6;8;37;land;false;plains;1
4182;19;18;10;land;false;plains;1
4183;13;16;50;land;false;plains;1
4184;218;129;243;land;false;plains;1
4185;242;214;105;land;false;plains;1
4186;229;161;172;land;false;plains;1
4187;155;190;175;land;false;plains;1
4188;250;157;242;land;false;plains;1
4189;246;235;99;land;false;plains;1
4190;200;183;202;land;false;plains;1
4191;71;239;194;land;false;plains;1
4192;160;107;253;land;false;plains;1
4193;142;187;185;land;false;plains;1
4194;224;180;204;land;false;plains;1
4195;215;168;142;land;false;plains;1
4196;86;199;246;land;false;plains;1
4197;232;181;249;land;false;plains;1
4198;199;208;146;land;false;plains;1
4199;42;27;19;land;false;plains;1
4200;236;231;226;land;false;plains;1
4201;15;16;29;land;false;plains;1
4202;248;88;210;land;false;plains;1
4203;2;10;70;land;false;plains;1
4204;115;182;233;land;false;plains;1
4205;135;234;251;land;false;plains;1
4206;149;151;241;land;false;plains;1
4207;217;62;239;land;false;plains;1
4208;25;0;65;land;false;plains;1
4209;194;249;146;land;false;plains;1
4210;241;112;148;land;false;plains;1
4211;190;229;135;land;false;plains;1
4212;176;159;196;land;false;plains;1
4213;27;19;48;land;false;plains;1
4214;238;165;221;land;false;plains;1
4215;239;187;148;land;false;plains;1
4216;204;221;130;land;false;plains;1
4217;26;51;13;land;false;plains;1
4218;235;233;246;land;false;plains;1
4219;231;88;218;land;false;plains;1
4220;74;226;205;land;false;plains;1
4221;225;178;201;land;false;plains;1
4222;206;207;137;land;false;plains;1
4223;76;10;9;land;false;plains;1
4224;129;225;192;land;false;plains;1
4225;205;248;219;land;false;plains;1
4226;12;41;43;land;false;plains;1
4227;190;93;232;land;false;plains;1
4228;229;225;198;land;false;plains;1
4229;189;204;128;land;false;plains;1
4230;32;23;21;land;false;plains;1
4231;196;188;218;land;false;plains;1
4232;7;6;64;land;false;plains;1
4233;253;171;254;land;false;plains;1
4234;72;19;0;land;false;plains;1
4235;237;246;93;land;false;plains;1
4236;172;242;172;land;false;plains;1
4237;99;177;250;land;false;plains;1
4238;101;187;254;land;false;plains;1
4239;2;11;44;land;false;plains;1
4240;25;27;19;land;false;plains;1
4241;190;209;152;land;false;plains;1
4242;32;44;2;land;false;plains;1
4243;229;90;236;land;false;plains;1
4244;110;226;248;land;false;plains;1
4245;163;242;141;land;false;plains;1
4246;44;2;21;land;false;plains;1
4247;223;239;224;land;false;plains;1
4248;230;246;188;land;false;plains;1
4249;154;215;208;land;false;plains;1
4250;132;132;246;land;false;plains;1
4251;214;253;96;land;false;plains;1
4252;162;147;253;land;false;plains;1
4253;174;88;251;land;false;plains;1
4254;161;142;209;land;false;plains;1
4255;254;143;232;land;false;plains;1
4256;196;185;166;land;false;plains;1
4257;116;233;229;land;false;plains;1
4258;154;207;216;land;false;plains;1
4259;75;248;252;land;false;plains;1
4260;2;12;49;land;false;plains;1
4261;10;19;33;land;false;plains;1
4262;187;241;203;land;false;plains;1
4263;220;158;194;land;false;plains;1
4264;10;65;7;land;false;plains;1
4265;0;11;71;land;false;plains;1
4266;115;252;230;land;false;plains;1
4267;173;238;193;land;false;plains;1
4268;21;0;0;land;false;plains;1
4269;194;171;242;land;false;plains;1
4270;253;145;207;land;false;plains;1
4271;164;244;207;land;false;plains;1
4272;16;60;2;land;false;plains;1
4273;231;165;196;land;false;plains;1
4274;185;142;230;land;false;plains;1
4275;191;130;220;land;false;plains;1
4276;248;138;194;land;false;plains;1
4277;213;243;202;land;false;plains;1
4278;13;2;60;land;false;plains;1
4279;32;1;17;land;false;plains;1
4280;11;7;80;land;false;plains;1
4281;145;218;214;land;false;plains;1
4282;250;167;86;land;false;plains;1
4283;220;32;250;land;false;plains;1
4284;194;254;137;land;false;plains;1
4285;222;156;140;land;false;plains;1
4286;0;9;73;land;false;plains;1
4287;156;254;158;land;false;plains;1
4288;143;150;228;land;false;plains;1
4289;14;7;17;land;false;plains;1
4290;141;223;194;land;false;plains;1
4291;222;156;129;land;false;plains;1
4292;40;45;9;land;false;plains;1
4293;153;206;253;land;false;plains;1
4294;90;227;252;land;false;plains;1
4295;168;180;206;land;false;plains;1
4296;23;4;24;land;false;plains;1
4297;24;5;9;land;false;plains;1
4298;225;168;240;land;false;plains;1
4299;181;194;204;land;false;plains;1
4300;172;249;101;land;false;plains;1
4301;249;136;142;land;false;plains;1
4302;16;40;43;land;false;plains;1
4303;157;188;210;land;false;plains;1
4304;253;119;189;land;false;plains;1
4305;190;244;252;land;false;plains;1
4306;58;13;0;land;false;plains;1
4307;93;221;219;land;false;plains;1
4308;210;219;250;land;false;plains;1
4309;198;246;110;land;false;plains;1
4310;2;31;39;land;false;plains;1
4311;152;239;205;land;false;plains;1
4312;248;125;142;land;false;plains;1
4313;237;82;224;land;false;plains;1
4314;99;205;252;land;false;plains;1
4315;162;139;253;land;false;plains;1
4316;147;232;189;land;false;plains;1
4317;206;238;248;land;false;plains;1
4318;205;67;243;land;false;plains;1
4319;147;205;237;land;false;plains;1
4320;34;9;40;land;false;plains;1
4321;206;149;154;land;false;plains;1
4322;208;238;58;land;false;plains;1
4323;240;127;190;land;false;plains;1
4324;249;194;148;land;false;plains;1
4325;132;193;227;land;false;plains;1
4326;89;183;229;land;false;plains;1
4327;242;200;240;land;false;plains;1
4328;208;184;192;land;false;plains;1
4329;227;210;143;land;false;plains;1
4330;2;39;15;land;false;plains;1
4331;112;227;175;land;false;plains;1
4332;8;87;2;land;false;plains;1
4333;234;242;119;land;false;plains;1
4334;222;226;70;land;false;plains;1
4335;152;169;245;land;false;plains;1
4336;33;32;8;land;false;plains;1
4337;250;143;142;land;false;plains;1
4338;212;147;156;land;false;plains;1
4339;212;248;99;land;false;plains;1
4340;9;9;72;land;false;plains;1
4341;215;103;203;land;false;plains;1
4342;203;135;193;land;false;plains;1
4343;13;24;47;land;false;plains;1
4344;184;234;202;land;false;plains;1
4345;248;190;165;land;false;plains;1
4346;240;197;146;land;false;plains;1
4347;185;232;211;land;false;plains;1
4348;252;217;191;land;false;plains;1
4349;33;17;15;land;false;plains;1
4350;254;235;141;land;false;plains;1
4351;0;34;35;land;false;plains;1
4352;173;80;251;land;false;plains;1
4353;196;161;233;land;false;plains;1
4354;191;182;227;land;false;plains;1
4355;8;51;10;land;false;plains;1
4356;251;199;75;land;false;plains;1
4357;217;128;221;land;false;plains;1
4358;252;86;237;land;false;plains;1
4359;235;192;204;land;false;plains;1
4360;151;234;227;land;false;plains;1
4361;223;207;161;land;false;plains;1
4362;241;170;158;land;false;plains;1
4363;2;33;8;land;false;plains;1
4364;165;228;124;land;false;plains;1
4365;64;15;11;land;false;plains;1
4366;249;215;150;land;false;plains;1
4367;193;166;240;land;false;plains;1
4368;106;190;208;land;false;plains;1
4369;240;254;32;land;false;plains;1
4370;199;176;235;land;false;plains;1
4371;29;40;1;land;false;plains;1
4372;102;242;168;land;false;plains;1
4373;188;209;117;land;false;plains;1
4374;35;19;7;land;false;plains;1
4375;216;136;207;land;false;plains;1
4376;232;218;223;land;false;plains;1
4377;248;49;251;land;false;plains;1
4378;174;244;137;land;false;plains;1
4379;182;241;181;land;false;plains;1
4380;4;36;30;land;false;plains;1
4381;141;167;242;land;false;plains;1
4382;137;238;189;land;false;plains;1
4383;209;236;195;land;false;plains;1
4384;164;185;212;land;false;plains;1
4385;187;234;128;land;false;plains;1
4386;250;224;208;land;false;plains;1
4387;246;221;40;land;false;plains;1
4388;220;215;81;land;false;plains;1
4389;18;4;16;land;false;plains;1
4390;210;229;124;land;false;plains;1
4391;100;252;253;land;false;plains;1
4392;248;95;192;land;false;plains;1
4393;204;250;94;land;false;plains;1
4394;151;240;212;land;false;plains;1
4395;182;165;235;land;false;plains;1
4396;203;177;230;land;false;plains;1
4397;71;18;7;land;false;plains;1
4398;184;135;225;land;false;plains;1
4399;198;226;131;land;false;plains;1
4400;99;226;249;land;false;plains;1
4401;54;9;2;land;false;plains;1
4402;53;0;15;land;false;plains;1
4403;2;10;10;land;false;plains;1
4404;222;175;120;land;false;plains;1
4405;148;244;156;land;false;plains;1
4406;175;140;234;land;false;plains;1
4407;148;131;239;land;false;plains;1
4408;152;236;195;land;false;plains;1
4409;203;100;201;land;false;plains;1
4410;35;11;29;land;false;plains;1
4411;12;35;11;land;false;plains;1
4412;23;46;30;land;false;plains;1
4413;10;44;5;land;false;plains;1
4414;243;212;69;land;false;plains;1
4415;25;41;26;land;false;plains;1
4416;182;138;244;land;false;plains;1
4417;183;204;138;land;false;plains;1
4418;40;25;23;land;false;plains;1
4419;187;131;193;land;false;plains;1
4420;165;191;156;land;false;plains;1
4421;241;90;201;land;false;plains;1
4422;194;124;211;land;false;plains;1
4423;143;187;226;land;false;plains;1
4424;246;181;95;land;false;plains;1
4425;229;109;247;land;false;plains;1
4426;171;196;186;land;false;plains;1
4427;214;206;252;land;false;plains;1
4428;225;80;209;land;false;plains;1
4429;62;0;7;land;false;plains;1
4430;217;178;145;land;false;plains;1
4431;112;242;201;land;false;plains;1
4432;212;196;163;land;false;plains;1
4433;230;204;150;land;false;plains;1
4434;156;110;239;land;false;plains;1
4435;147;174;224;land;false;plains;1
4436;158;197;244;land;false;plains;1
4437;116;242;163;land;false;plains;1
4438;96;166;248;land;false;plains;1
4439;182;250;160;land;false;plains;1
4440;4;1;64;land;false;plains;1
4441;172;164;177;land;false;plains;1
4442;223;187;153;land;false;plains;1
4443;8;1;58;land;false;plains;1
4444;154;137;251;land;false;plains;1
4445;56;215;253;land;false;plains;1
4446;218;215;226;land;false;plains;1
4447;159;253;100;land;false;plains;1
4448;39;230;243;land;false;plains;1
4449;221;183;109;land;false;plains;1
4450;133;242;235;land;false;plains;1
4451;212;219;142;land;false;plains;1
4452;217;233;69;land;false;plains;1
4453;137;189;226;land;false;plains;1
4454;59;214;238;land;false;plains;1
4455;232;95;188;land;false;plains;1
4456;209;71;252;land;false;plains;1
4457;181;254;139;land;false;plains;1
4458;173;236;191;land;false;plains;1
4459;196;180;147;land;false;plains;1
4460;136;246;247;land;false;plains;1
4461;28;28;2;land;false;plains;1
4462;180;72;254;land;false;plains;1
4463;160;218;169;land;false;plains;1
4464;208;234;235;land;false;plains;1
4465;178;166;220;land;false;plains;1
4466;17;3;18;land;false;plains;1
4467;192;158;202;land;false;plains;1
4468;222;234;81;land;false;plains;1
4469;197;178;218;land;false;plains;1
4470;102;232;209;land;false;plains;1
4471;215;196;189;land;false;plains;1
4472;185;224;249;land;false;plains;1
4473;221;199;153;land;false;plains;1
4474;55;4;23;land;false;plains;1
4475;252;183;68;land;false;plains;1
4476;238;97;180;land;false;plains;1
4477;9;6;13;land;false;plains;1
4478;18;62;12;land;false;plains;1
4479;191;192;241;land;false;plains;1
4480;204;145;190;land;false;plains;1
4481;115;205;193;land;false;plains;1
4482;234;213;248;land;false;plains;1
4483;187;230;109;land;false;plains;1
4484;140;222;253;land;false;plains;1
4485;172;128;248;land;false;plains;1
4486;172;142;192;land;false;plains;1
4487;217;89;232;land;false;plains;1
4488;10;50;25;land;false;plains;1
4489;237;196;229;land;false;plains;1
4490;242;169;240;land;false;plains;1
4491;177;184;173;land;false;plains;1
4492;55;221;227;land;false;plains;1
4493;172;237;151;land;false;plains;1
4494;224;250;232;land;false;plains;1
4495;117;170;234;land;false;plains;1
4496;137;182;191;land;false;plains;1
4497;10;66;1;land;false;plains;1
4498;213;185;111;land;false;plains;1
4499;6;48;11;land;false;plains;1
4500;236;91;202;land;false;plains;1
4501;75;22;2;land;false;plains;1
4502;232;232;80;land;false;plains;1
4503;164;245;133;land;false;plains;1
4504;153;248;135;land;false;plains;1
4505;198;250;126;land;false;plains;1
4506;228;101;182;land;false;plains;1
4507;213;232;180;land;false;plains;1
4508;204;200;172;land;false;plains;1
4509;26;8;23;land;false;plains;1
4510;219;212;159;land;false;plains;1
4511;11;4;34;land;false;plains;1
4512;202;175;147;land;false;plains;1
4513;25;21;23;land;false;plains;1
4514;14;8;32;land;false;plains;1
4515;216;77;215;land;false;plains;1
4516;235;63;227;land;false;plains;1
4517;14;1;3;land;false;plains;1
4518;41;24;33;land;false;plains;1
4519;119;220;247;land;false;plains;1
4520;187;159;156;land;false;plains;1
4521;253;243;116;land;false;plains;1
4522;132;221;177;land;false;plains;1
4523;236;103;166;land;false;plains;1
4524;183;165;188;land;false;plains;1
4525;150;217;203;land;false;plains;1
4526;173;253;188;land;false;plains;1
4527;169;174;251;land;false;plains;1
4528;132;227;223;land;false;plains;1
4529;144;237;200;land;false;plains;1
4530;4;21;65;land;false;plains;1
4531;249;182;242;land;false;plains;1
4532;252;217;162;land;false;plains;1
4533;31;37;17;land;false;plains;1
4534;249;183;151;land;false;plains;1
4535;100;212;244;land;false;plains;1
4536;203;240;122;land;false;plains;1
4537;34;3;27;land;false;plains;1
4538;217;76;238;land;false;plains;1
4539;254;215;203;land;false;plains;1
4540;195;152;213;land;false;plains;1
4541;3;31;20;land;false;plains;1
4542;159;188;254;land;false;plains;1
4543;191;218;248;land;false;plains;1
4544;159;233;244;land;false;plains;1
4545;127;220;196;land;false;plains;1
4546;40;34;23;land;false;plains;1
4547;229;156;117;land;false;plains;1
4548;179;225;125;land;false;plains;1
4549;175;110;249;land;false;plains;1
4550;158;181;228;land;false;plains;1
4551;244;132;251;land;false;plains;1
4552;153;251;232;land;false;plains;1
4553;253;168;173;land;false;plains;1
4554;61;230;222;land;false;plains;1
4555;249;171;209;land;false;plains;1
4556;246;163;213;land;false;plains;1
4557;203;247;91;land;false;plains;1
4558;131;137;246;land;false;plains;1
4559;172;191;177;land;false;plains;1
4560;224;105;189;land;false;plains;1
4561;3;59;16;land;false;plains;1
4562;127;217;162;land;false;plains;1
4563;40;37;15;land;false;plains;1
4564;209;206;129;land;false;plains;1
4565;83;1;1;land;false;plains;1
4566;209;81;250;land;false;plains;1
4567;106;254;148;land;false;plains;1
4568;186;254;193;land;false;plains;1
4569;233;102;167;land;false;plains;1
4570;27;8;52;land;false;plains;1
4571;196;238;183;land;false;plains;1
4572;248;199;122;land;false;plains;1
4573;226;81;210;land;false;plains;1
4574;173;162;189;land;false;plains;1
4575;206;200;214;land;false;plains;1
4576;188;189;254;land;false;plains;1
4577;232;185;137;land;false;plains;1
4578;4;3;64;land;false;plains;1
4579;236;184;161;land;false;plains;1
4580;253;243;210;land;false;plains;1
4581;8;45;39;land;false;plains;1
4582;246;117;254;land;false;plains;1
4583;228;230;140;land;false;plains;1
4584;8;58;17;land;false;plains;1
4585;252;69;234;land;false;plains;1
4586;85;241;248;land;false;plains;1
4587;176;129;239;land;false;plains;1
4588;48;24;24;land;false;plains;1
4589;189;147;244;land;false;plains;1
4590;151;226;143;land;false;plains;1
4591;101;198;222;land;false;plains;1
4592;164;132;220;land;false;plains;1
4593;122;212;190;land;false;plains;1
4594;154;180;200;land;false;plains;1
4595;206;142;216;land;false;plains;1
4596;17;28;41;land;false;plains;1
4597;188;228;105;land;false;plains;1
4598;224;217;168;land;false;plains;1
4599;204;170;211;land;false;plains;1
4600;10;22;62;land;false;plains;1
4601;4;9;31;land;false;plains;1
4602;187;224;239;land;false;plains;1
4603;202;251;224;land;false;plains;1
4604;148;221;188;land;false;plains;1
4605;24;66;9;land;false;plains;1
4606;17;24;11;land;false;plains;1
4607;0;66;16;land;false;plains;1
4608;52;17;8;land;false;plains;1
4609;184;238;164;land;false;plains;1
4610;168;238;148;land;false;plains;1
4611;163;176;209;land;false;plains;1
4612;25;32;9;land;false;plains;1
4613;5;15;59;land;false;plains;1
4614;180;134;197;land;false;plains;1
4615;8;80;3;land;false;plains;1
4616;206;248;237;land;false;plains;1
4617;223;162;150;land;false;plains;1
4618;141;238;252;land;false;plains;1
4619;115;244;142;land;false;plains;1
4620;7;38;0;land;false;plains;1
4621;232;252;104;land;false;plains;1
4622;242;210;196;land;false;plains;1
4623;1;29;50;land;false;plains;1
4624;219;157;201;land;false;plains;1
4625;236;148;167;land;false;plains;1
4626;173;195;176;land;false;plains;1
4627;226;100;175;land;false;plains;1
4628;239;179;168;land;false;plains;1
4629;202;216;98;land;false;plains;1
4630;97;194;222;land;false;plains;1
4631;168;254;101;land;false;plains;1
4632;105;237;190;land;false;plains;1
4633;242;204;106;land;false;plains;1
4634;128;248;159;land;false;plains;1
4635;6;3;30;land;false;plains;1
4636;243;170;249;land;false;plains;1
4637;236;247;190;land;false;plains;1
4638;157;194;196;land;false;plains;1
4639;182;75;245;land;false;plains;1
4640;246;243;34;land;false;plains;1
4641;3;26;1;land;false;plains;1
4642;45;2;42;land;false;plains;1
4643;241;187;120;land;false;plains;1
4644;228;182;133;land;false;plains;1
4645;178;231;155;land;false;plains;1
4646;39;18;37;land;false;plains;1
4647;28;32;1;land;false;plains;1
4648;252;250;201;land;false;plains;1
4649;247;132;128;land;false;plains;1
4650;110;197;249;land;false;plains;1
4651;11;7;53;land;false;plains;1
4652;244;218;189;land;false;plains;1
4653;199;213;142;land;false;plains;1
4654;28;29;5;land;false;plains;1
4655;2;20;74;land;false;plains;1
4656;159;128;228;land;false;plains;1
4657;155;199;245;land;false;plains;1
4658;208;184;144;land;false;plains;1
4659;161;249;129;land;false;plains;1
4660;252;217;129;land;false;plains;1
4661;48;3;45;land;false;plains;1
4662;1;16;12;land;false;plains;1
4663;195;121;243;land;false;plains;1
4664;119;173;233;land;false;plains;1
4665;176;180;238;land;false;plains;1
4666;249;176;196;land;false;plains;1
4667;26;32;21;land;false;plains;1
4668;100;193;215;land;false;plains;1
4669;242;144;119;land;false;plains;1
4670;107;237;159;land;false;plains;1
4671;254;240;89;land;false;plains;1
4672;250;79;253;land;false;plains;1
4673;245;238;20;land;false;plains;1
4674;225;174;180;land;false;plains;1
4675;40;38;19;land;false;plains;1
4676;249;95;246;land;false;plains;1
4677;186;242;126;land;false;plains;1
4678;235;254;114;land;false;plains;1
4679;237;221;179;land;false;plains;1
4680;237;201;179;land;false;plains;1
4681;20;9;63;land;false;plains;1
4682;211;207;157;land;false;plains;1
4683;215;254;37;land;false;plains;1
4684;173;196;132;land;false;plains;1
4685;254;64;207;land;false;plains;1
4686;246;201;81;land;false;plains;1
4687;235;165;133;land;false;plains;1
4688;246;247;124;land;false;plains;1
4689;26;14;50;land;false;plains;1
4690;254;151;226;land;false;plains;1
4691;213;141;180;land;false;plains;1
4692;137;130;253;land;false;plains;1
4693;206;184;231;land;false;plains;1
4694;210;175;250;land;false;plains;1
4695;19;23;27;land;false;plains;1
4696;40;29;3;land;false;plains;1
4697;47;240;219;land;false;plains;1
4698;239;194;203;land;false;plains;1
4699;23;45;28;land;false;plains;1
4700;66;17;15;land;false;plains;1
4701;0;2;5;land;false;plains;1
4702;89;229;214;land;false;plains;1
4703;207;141;224;land;false;plains;1
4704;244;254;206;land;false;plains;1
4705;31;3;40;land;false;plains;1
4706;243;248;213;land;false;plains;1
4707;203;151;207;land;false;plains;1
4708;21;16;12;land;false;plains;1
4709;218;229;95;land;false;plains;1
4710;99;207;244;land;false;plains;1
4711;203;188;217;land;false;plains;1
4712;160;253;132;land;false;plains;1
4713;183;227;215;land;false;plains;1
4714;1;65;26;land;false;plains;1
4715;152;190;162;land;false;plains;1
4716;251;240;68;land;false;plains;1
4717;47;37;8;land;false;plains;1
4718;151;248;108;land;false;plains;1
4719;158;224;204;land;false;plains;1
4720;228;84;251;land;false;plains;1
4721;135;207;243;land;false;plains;1
4722;25;13;13;land;false;plains;1
4723;119;253;142;land;false;plains;1
4724;20;22;43;land;false;plains;1
4725;189;240;191;land;false;plains;1
4726;240;224;122;land;false;plains;1
4727;27;0;47;land;false;plains;1
4728;8;43;43;land;false;plains;1
4729;129;253;254;land;false;plains;1
4730;232;203;234;land;false;plains;1
4731;176;194;133;land;false;plains;1
4732;74;187;243;land;false;plains;1
4733;223;205;159;land;false;plains;1
4734;194;163;154;land;false;plains;1
4735;248;142;138;land;false;plains;1
4736;237;204;202;land;false;plains;1
4737;230;216;162;land;false;plains;1
4738;170;158;228;land;false;plains;1
4739;7;26;34;land;false;plains;1
4740;54;17;17;land;false;plains;1
4741;235;194;167;land;false;plains;1
4742;168;147;241;land;false;plains;1
4743;227;41;233;land;false;plains;1
4744;2;33;49;land;false;plains;1
4745;200;228;244;land;false;plains;1
4746;25;23;24;land;false;plains;1
4747;195;235;242;land;false;plains;1
4748;229;124;187;land;false;plains;1
4749;224;173;176;land;false;plains;1
4750;233;182;153;land;false;plains;1
4751;198;197;229;land;false;plains;1
4752;48;17;33;land;false;plains;1
4753;80;2;15;land;false;plains;1
4754;84;228;246;land;false;plains;1
4755;119;204;192;land;false;plains;1
4756;214;252;165;land;false;plains;1
4757;118;212;197;land;false;plains;1
4758;189;119;225;land;false;plains;1
4759;208;170;147;land;false;plains;1
4760;80;196;238;land;false;plains;1
4761;176;121;204;land;false;plains;1
4762;207;169;225;land;false;plains;1
4763;209;198;236;land;false;plains;1
4764;189;87;234;land;false;plains;1
4765;227;222;67;land;false;plains;1
4766;252;191;172;land;false;plains;1
4767;26;9;1;land;false;plains;1
4768;253;121;204;land;false;plains;1
4769;247;169;166;land;false;plains;1
4770;175;195;136;land;false;plains;1
4771;140;202;215;land;false;plains;1
4772;220;226;145;land;false;plains;1
4773;227;253;28;land;false;plains;1
4774;31;35;12;land;false;plains;1
4775;209;182;210;land;false;plains;1
4776;157;143;243;land;false;plains;1
4777;151;222;175;land;false;plains;1
4778;135;186;250;land;false;plains;1
4779;80;10;8;land;false;plains;1
4780;9;37;2;land;false;plains;1
4781;32;40;20;land;false;plains;1
4782;123;183;222;land;false;plains;1
4783;181;155;185;land;false;plains;1
4784;130;222;189;land;false;plains;1
4785;84;239;227;land;false;plains;1
4786;20;27;35;land;false;plains;1
4787;13;31;50;land;false;plains;1
4788;17;7;16;land;false;plains;1
4789;252;219;48;land;false;plains;1
4790;21;50;5;land;false;plains;1
4791;136;230;236;land;false;plains;1
4792;28;16;39;land;false;plains;1
4793;205;209;229;land;false;plains;1
4794;199;209;96;land;false;plains;1
4795;75;9;8;land;false;plains;1
4796;3;60;31;land;false;plains;1
4797;114;204;248;land;false;plains;1
4798;244;151;236;land;false;plains;1
4799;242;182;174;land;false;plains;1
4800;230;28;250;land;false;plains;1
4801;35;3;11;land;false;plains;1
4802;149;249;254;land;false;plains;1
4803;24;34;32;land;false;plains;1
4804;1;0;73;land;false;plains;1
4805;97;202;224;land;false;plains;1
4806;7;7;16;land;false;plains;1
4807;149;229;231;land;false;plains;1
4808;191;248;240;land;false;plains;1
4809;228;24;253;land;false;plains;1
4810;237;249;72;land;false;plains;1
4811;214;204;138;land;false;plains;1
4812;3;14;34;land;false;plains;1
4813;16;14;23;land;false;plains;1
4814;218;203;84;land;false;plains;1
4815;250;151;101;land;false;plains;1
4816;15;1;13;land;false;plains;1
4817;209;244;118;land;false;plains;1
4818;30;1;51;land;false;plains;1
4819;191;107;253;land;false;plains;1
4820;199;229;198;land;false;plains;1
4821;129;232;150;land;false;plains;1
4822;29;14;41;land;false;plains;1
4823;244;221;125;land;false;plains;1
4824;150;212;244;land;false;plains;1
4825;64;226;231;land;false;plains;1
4826;158;246;239;land;false;plains;1
4827;40;4;4;land;false;plains;1
4828;225;200;151;land;false;plains;1
4829;43;22;15;land;false;plains;1
4830;17;65;10;land;false;plains;1
4831;2;17;12;land;false;plains;1
4832;7;52;29;land;false;plains;1
4833;116;232;233;land;false;plains;1
4834;23;249;242;land;false;plains;1
4835;29;6;62;land;false;plains;1
4836;180;182;247;land;false;plains;1
4837;203;199;205;land;false;plains;1
4838;170;230;219;land;false;plains;1
4839;101;200;251;land;false;plains;1
4840;89;251;242;land;false;plains;1
4841;15;43;11;land;false;plains;1
4842;244;206;56;land;false;plains;1
4843;198;189;209;land;false;plains;1
4844;226;208;227;land;false;plains;1
4845;204;78;236;land;false;plains;1
4846;193;103;251;land;false;plains;1
4847;32;51;8;land;false;plains;1
4848;151;150;215;land;false;plains;1
4849;247;65;203;land;false;plains;1
4850;15;15;42;land;false;plains;1
4851;205;99;206;land;false;plains;1
4852;151;186;175;land;false;plains;1
4853;61;232;226;land;false;plains;1
4854;69;252;248;land;false;plains;1
4855;214;77;247;land;false;plains;1
4856;114;178;244;land;false;plains;1
4857;236;146;135;land;false;plains;1
4858;241;180;146;land;false;plains;1
4859;234;197;122;land;false;plains;1
4860;140;235;244;land;false;plains;1
4861;212;232;76;land;false;plains;1
4862;248;206;130;land;false;plains;1
4863;203;210;197;land;false;plains;1
4864;248;143;236;land;false;plains;1
4865;10;51;35;land;false;plains;1
4866;201;243;182;land;false;plains;1
4867;148;253;109;land;false;plains;1
4868;36;248;230;land;false;plains;1
4869;228;87;218;land;false;plains;1
4870;212;210;155;land;false;plains;1
4871;185;117;228;land;false;plains;1
4872;74;251;241;land;false;plains;1
4873;86;190;228;land;false;plains;1
4874;5;81;9;land;false;plains;1
4875;156;219;218;land;false;plains;1
4876;219;193;198;land;false;plains;1
4877;37;252;244;land;false;plains;1
4878;173;210;183;land;false;plains;1
4879;23;53;3;land;false;plains;1
4880;198;208;131;land;false;plains;1
4881;212;153;217;land;false;plains;1
4882;44;44;9;land;false;plains;1
4883;17;11;24;land;false;plains;1
4884;245;248;146;land;false;plains;1
4885;114;236;169;land;false;plains;1
4886;12;40;44;land;false;plains;1
4887;131;235;174;land;false;plains;1
4888;14;65;5;land;false;plains;1
4889;177;158;219;land;false;plains;1
4890;115;209;183;land;false;plains;1
4891;111;152;251;land;false;plains;1
4892;242;185;104;land;false;plains;1
4893;182;214;158;land;false;plains;1
4894;229;177;248;land;false;plains;1
4895;103;251;179;land;false;plains;1
4896;140;120;249;land;false;plains;1
4897;232;82;190;land;false;plains;1
4898;211;216;167;land;false;plains;1
4899;120;222;193;land;false;plains;1
4900;143;121;252;land;false;plains;1
4901;254;243;34;land;false;plains;1
4902;226;84;195;land;false;plains;1
4903;221;172;153;land;false;plains;1
4904;114;203;236;land;false;plains;1
4905;154;206;156;land;false;plains;1
4906;253;222;172;land;false;plains;1
4907;21;10;37;land;false;plains;1
4908;58;27;2;land;false;plains;1
4909;99;204;235;land;false;plains;1
4910;124;196;207;land;false;plains;1
4911;204;198;213;land;false;plains;1
4912;85;11;3;land;false;plains;1
4913;3;48;0;land;false;plains;1
4914;243;86;235;land;false;plains;1
4915;7;16;55;land;false;plains;1
4916;157;254;251;land;false;plains;1
4917;92;232;220;land;false;plains;1
4918;93;205;218;land;false;plains;1
4919;219;84;226;land;false;plains;1
4920;4;30;42;land;false;plains;1
4921;46;9;6;land;false;plains;1
4922;31;20;36;land;false;plains;1
4923;238;248;250;land;false;plains;1
4924;214;81;237;land;false;plains;1
4925;222;155;232;land;false;plains;1
4926;214;252;45;land;false;plains;1
4927;254;238;64;land;false;plains;1
4928;234;226;53;land;false;plains;1
4929;44;31;2;land;false;plains;1
4930;194;140;229;land;false;plains;1
4931;158;158;189;land;false;plains;1
4932;251;183;251;land;false;plains;1
4933;253;246;225;land;false;plains;1
4934;26;36;34;land;false;plains;1
4935;219;126;210;land;false;plains;1
4936;199;119;187;land;false;plains;1
4937;184;200;134;land;false;plains;1
4938;252;194;62;land;false;plains;1
4939;43;43;6;land;false;plains;1
4940;29;61;8;land;false;plains;1
4941;125;210;236;land;false;plains;1
4942;232;177;145;land;false;plains;1
4943;178;148;215;land;false;plains;1
4944;201;94;246;land;false;plains;1
4945;92;196;224;land;false;plains;1
4946;173;236;245;land;false;plains;1
4947;114;208;190;land;false;plains;1
4948;225;172;159;land;false;plains;1
4949;1;12;59;land;false;plains;1
4950;245;220;235;land;false;plains;1
4951;238;105;166;land;false;plains;1
4952;160;225;140;land;false;plains;1
4953;116;220;219;land;false;plains;1
4954;231;224;182;land;false;plains;1
4955;139;233;130;land;false;plains;1
4956;244;61;218;land;false;plains;1
4957;120;201;228;land;false;plains;1
4958;194;89;222;land;false;plains;1
4959;244;230;211;land;false;plains;1
4960;213;125;180;land;false;plains;1
4961;185;213;141;land;false;plains;1
4962;198;177;147;land;false;plains;1
4963;8;35;30;land;false;plains;1
4964;189;190;186;land;false;plains;1
4965;207;67;229;land;false;plains;1
4966;115;210;207;land;false;plains;1
4967;216;141;179;land;false;plains;1
4968;215;200;226;land;false;plains;1
4969;154;227;183;land;false;plains;1
4970;11;66;17;land;false;plains;1
4971;22;8;34;land;false;plains;1
4972;217;195;192;land;false;plains;1
4973;103;241;177;land;false;plains;1
4974;69;241;202;land;false;plains;1
4975;251;252;99;land;false;plains;1
4976;35;9;47;land;false;plains;1
4977;211;235;236;land;false;plains;1
4978;147;174;208;land;false;plains;1
4979;231;217;240;land;false;plains;1
4980;51;5;37;land;false;plains;1
4981;93;247;234;land;false;plains;1
4982;183;222;170;land;false;plains;1
4983;120;240;152;land;false;plains;1
4984;186;254;245;land;false;plains;1
4985;148;223;193;land;false;plains;1
4986;213;104;223;land;false;plains;1
4987;211;180;155;land;false;plains;1
4988;200;191;231;land;false;plains;1
4989;248;191;229;land;false;plains;1
4990;24;53;11;land;false;plains;1
4991;250;218;213;land;false;plains;1
4992;100;161;243;land;false;plains;1
4993;157;251;140;land;false;plains;1
4994;4;44;21;land;false;plains;1
4995;26;31;34;land;false;plains;1
4996;230;226;252;land;false;plains;1
4997;190;215;98;land;false;plains;1
4998;246;169;216;land;false;plains;1
4999;206;61;236;land;false;plains;1
5000;205;100;244;land;false;plains;1
5001;234;240;54;land;false;plains;1
5002;215;239;69;land;false;plains;1
5003;232;96;183;land;false;plains;1
5004;199;184;244;land;false;plains;1
5005;205;209;139;land;false;plains;1
5006;59;4;4;land;false;plains;1
5007;87;177;253;land;false;plains;1
5008;172;252;231;land;false;plains;1
5009;146;240;226;land;false;plains;1
5010;207;123;236;land;false;plains;1
5011;23;46;22;land;false;plains;1
5012;139;224;235;land;false;plains;1
5013;219;194;154;land;false;plains;1
5014;23;20;9;land;false;plains;1
5015;109;226;181;land;false;plains;1
5016;19;110;11;land;false;plains;1
5017;190;197;165;land;false;plains;1
5018;167;248;244;land;false;plains;1
5019;233;248;175;land;false;plains;1
5020;0;4;75;land;false;plains;1
5021;61;237;209;land;false;plains;1
5022;252;54;244;land;false;plains;1
5023;101;237;176;land;false;plains;1
5024;125;207;238;land;false;plains;1
5025;247;245;71;land;false;plains;1
5026;250;115;153;land;false;plains;1
5027;243;194;188;land;false;plains;1
5028;23;58;12;land;false;plains;1
5029;7;24;0;land;false;plains;1
5030;175;252;131;land;false;plains;1
5031;118;215;207;land;false;plains;1
5032;11;49;27;land;false;plains;1
5033;243;65;237;land;false;plains;1
5034;158;104;246;land;false;plains;1
5035;168;163;179;land;false;plains;1
5036;240;60;220;land;false;plains;1
5037;145;239;209;land;false;plains;1
5038;6;68;8;land;false;plains;1
5039;36;5;16;land;false;plains;1
5040;214;237;115;land;false;plains;1
5041;14;58;16;land;false;plains;1
5042;102;213;209;land;false;plains;1
5043;177;251;246;land;false;plains;1
5044;226;234;235;land;false;plains;1
5045;217;185;111;land;false;plains;1
5046;219;242;168;land;false;plains;1
5047;241;158;188;land;false;plains;1
5048;243;174;246;land;false;plains;1
5049;254;237;221;land;false;plains;1
5050;107;234;192;land;false;plains;1
5051;198;226;190;land;false;plains;1
5052;49;216;248;land;false;plains;1
5053;244;205;142;land;false;plains;1
5054;160;250;139;land;false;plains;1
5055;184;253;75;land;false;plains;1
5056;189;164;245;land;false;plains;1
5057;156;210;216;land;false;plains;1
5058;200;213;97;land;false;plains;1
5059;178;212;252;land;false;plains;1
5060;224;207;202;land;false;plains;1
5061;228;196;151;land;false;plains;1
5062;23;40;3;land;false;plains;1
5063;254;226;184;land;false;plains;1
5064;141;223;160;land;false;plains;1
5065;187;230;153;land;false;plains;1
5066;160;224;180;land;false;plains;1
5067;20;4;37;land;false;plains;1
5068;244;117;144;land;false;plains;1
5069;4;2;39;land;false;plains;1
5070;22;9;13;land;false;plains;1
5071;209;246;173;land;false;plains;1
5072;22;15;4;land;false;plains;1
5073;181;216;229;land;false;plains;1
5074;242;215;148;land;false;plains;1
5075;126;231;169;land;false;plains;1
5076;172;129;205;land;false;plains;1
5077;184;142;182;land;false;plains;1
5078;207;95;247;land;false;plains;1
5079;250;168;118;land;false;plains;1
5080;245;154;235;land;false;plains;1
5081;117;190;208;land;false;plains;1
5082;180;92;239;land;false;plains;1
5083;122;247;146;land;false;plains;1
5084;224;246;232;land;false;plains;1
5085;247;247;100;land;false;plains;1
5086;252;118;196;land;false;plains;1
5087;124;210;238;land;false;plains;1
5088;161;218;174;land;false;plains;1
5089;70;9;20;land;false;plains;1
5090;210;55;241;land;false;plains;1
5091;4;37;11;land;false;plains;1
5092;207;132;209;land;false;plains;1
5093;190;182;143;land;false;plains;1
5094;216;204;221;land;false;plains;1
5095;215;171;204;land;false;plains;1
5096;141;231;227;land;false;plains;1
5097;0;21;43;land;false;plains;1
5098;246;140;202;land;false;plains;1
5099;16;19;9;land;false;plains;1
5100;8;76;9;land;false;plains;1
5101;229;250;63;land;false;plains;1
5102;178;215;207;land;false;plains;1
5103;201;196;135;land;false;plains;1
5104;185;234;175;land;false;plains;1
5105;218;100;231;land;false;plains;1
5106;144;238;212;land;false;plains;1
5107;36;9;45;land;false;plains;1
5108;178;195;237;land;false;plains;1
5109;33;29;14;land;false;plains;1
5110;232;135;144;land;false;plains;1
5111;54;200;254;land;false;plains;1
5112;153;245;123;land;false;plains;1
5113;239;44;219;land;false;plains;1
5114;203;174;172;land;false;plains;1
5115;179;250;221;land;false;plains;1
5116;50;18;7;land;false;plains;1
5117;130;233;189;land;false;plains;1
5118;208;110;230;land;false;plains;1
5119;209;200;242;land;false;plains;1
5120;221;227;176;land;false;plains;1
5121;14;6;32;land;false;plains;1
5122;230;86;221;land;false;plains;1
5123;140;155;215;land;false;plains;1
5124;165;147;213;land;false;plains;1
5125;188;180;164;land;false;plains;1
5126;218;203;145;land;false;plains;1
5127;36;11;9;land;false;plains;1
5128;111;252;173;land;false;plains;1
5129;212;189;198;land;false;plains;1
5130;84;193;251;land;false;plains;1
5131;222;210;222;land;false;plains;1
5132;170;197;215;land;false;plains;1
5133;240;124;184;land;false;plains;1
5134;217;206;194;land;false;plains;1
5135;196;135;175;land;false;plains;1
5136;122;243;189;land;false;plains;1
5137;193;242;195;land;false;plains;1
5138;209;80;225;land;false;plains;1
5139;151;222;193;land;false;plains;1
5140;183;129;237;land;false;plains;1
5141;251;109;166;land;false;plains;1
5142;134;204;165;land;false;plains;1
5143;236;111;244;land;false;plains;1
5144;10;25;52;land;false;plains;1
5145;92;0;4;land;false;plains;1
5146;236;164;154;land;false;plains;1
5147;247;192;188;land;false;plains;1
5148;0;54;29;land;false;plains;1
5149;148;249;122;land;false;plains;1
5150;160;240;119;land;false;plains;1
5151;16;32;28;land;false;plains;1
5152;182;239;87;land;false;plains;1
5153;244;31;242;land;false;plains;1
5154;67;231;212;land;false;plains;1
5155;135;247;190;land;false;plains;1
5156;11;24;63;land;false;plains;1
5157;196;207;228;land;false;plains;1
5158;180;188;165;land;false;plains;1
5159;114;185;202;land;false;plains;1
5160;100;187;247;land;false;plains;1
5161;49;33;3;land;false;plains;1
5162;108;249;248;land;false;plains;1
5163;221;223;117;land;false;plains;1
5164;20;9;65;land;false;plains;1
5165;53;12;13;land;false;plains;1
5166;229;231;243;land;false;plains;1
5167;101;251;187;land;false;plains;1
5168;224;242;59;land;false;plains;1
5169;7;47;44;land;false;plains;1
5170;167;197;162;land;false;plains;1
5171;188;121;199;land;false;plains;1
5172;58;248;195;land;false;plains;1
5173;38;25;4;land;false;plains;1
5174;188;241;221;land;false;plains;1
5175;201;249;102;land;false;plains;1
5176;206;213;105;land;false;plains;1
5177;205;247;52;land;false;plains;1
5178;28;26;16;land;false;plains;1
5179;236;155;159;land;false;plains;1
5180;170;196;236;land;false;plains;1
5181;253;76;190;land;false;plains;1
5182;144;170;227;land;false;plains;1
5183;174;140;232;land;false;plains;1
5184;220;241;92;land;false;plains;1
5185;205;174;159;land;false;plains;1
5186;0;44;49;land;false;plains;1
5187;252;101;171;land;false;plains;1
5188;235;197;144;land;false;plains;1
5189;2;12;75;land;false;plains;1
5190;13;29;34;land;false;plains;1
5191;226;175;214;land;false;plains;1
5192;80;229;230;land;false;plains;1
5193;247;174;253;land;false;plains;1
5194;139;216;154;land;false;plains;1
5195;238;95;214;land;false;plains;1
5196;15;17;39;land;false;plains;1
5197;170;110;222;land;false;plains;1
5198;253;243;21;land;false;plains;1
5199;239;213;172;land;false;plains;1
5200;165;115;222;land;false;plains;1
5201;207;252;85;land;false;plains;1
5202;11;45;19;land;false;plains;1
5203;129;249;190;land;false;plains;1
5204;186;162;205;land;false;plains;1
5205;206;113;221;land;false;plains;1
5206;177;235;131;land;false;plains;1
5207;56;5;15;land;false;plains;1
5208;251;37;252;land;false;plains;1
5209;9;37;6;land;false;plains;1
5210;179;198;243;land;false;plains;1
5211;182;204;120;land;false;plains;1
5212;136;238;129;land;false;plains;1
5213;224;188;100;land;false;plains;1
5214;209;243;157;land;false;plains;1
5215;108;252;188;land;false;plains;1
5216;62;236;248;land;false;plains;1
5217;88;187;246;land;false;plains;1
5218;15;27;26;land;false;plains;1
5219;236;206;253;land;false;plains;1
5220;107;223;193;land;false;plains;1
5221;153;148;217;land;false;plains;1
5222;240;181;115;land;false;plains;1
5223;252;122;208;land;false;plains;1
5224;234;231;187;land;false;plains;1
5225;237;220;48;land;false;plains;1
5226;142;219;177;land;false;plains;1
5227;229;239;143;land;false;plains;1
5228;39;26;0;land;false;plains;1
5229;205;160;164;land;false;plains;1
5230;55;19;15;land;false;plains;1
5231;103;238;174;land;false;plains;1
5232;146;238;178;land;false;plains;1
5233;8;27;18;land;false;plains;1
5234;15;59;17;land;false;plains;1
5235;238;164;118;land;false;plains;1
5236;60;25;4;land;false;plains;1
5237;153;125;230;land;false;plains;1
5238;217;112;176;land;false;plains;1
5239;98;190;228;land;false;plains;1
5240;135;248;215;land;false;plains;1
5241;173;234;180;land;false;plains;1
5242;146;244;179;land;false;plains;1
5243;234;230;97;land;false;plains;1
5244;157;135;250;land;false;plains;1
5245;6;14;65;land;false;plains;1
5246;238;192;173;land;false;plains;1
5247;226;211;221;land;false;plains;1
5248;222;216;107;land;false;plains;1
5249;238;123;213;land;false;plains;1
5250;250;115;218;land;false;plains;1
5251;175;240;135;land;false;plains;1
5252;189;218;152;land;false;plains;1
5253;4;55;20;land;false;plains;1
5254;251;132;253;land;false;plains;1
5255;126;240;242;land;false;plains;1
5256;251;108;185;land;false;plains;1
5257;233;138;229;land;false;plains;1
5258;111;181;209;land;false;plains;1
5259;238;174;247;land;false;plains;1
5260;247;162;108;land;false;plains;1
5261;143;175;242;land;false;plains;1
5262;106;204;213;land;false;plains;1
5263;234;235;147;land;false;plains;1
5264;253;86;204;land;false;plains;1
5265;237;157;187;land;false;plains;1
5266;69;232;204;land;false;plains;1
5267;77;216;232;land;false;plains;1
5268;45;12;16;land;false;plains;1
5269;218;239;169;land;false;plains;1
5270;136;240;222;land;false;plains;1
5271;3;63;1;land;false;plains;1
5272;193;243;112;land;false;plains;1
5273;69;253;206;land;false;plains;1
5274;233;252;212;land;false;plains;1
5275;123;221;186;land;false;plains;1
5276;15;34;6;land;false;plains;1
5277;111;160;245;land;false;plains;1
5278;209;161;195;land;false;plains;1
5279;109;221;217;land;false;plains;1
5280;8;30;46;land;false;plains;1
5281;218;178;231;land;false;plains;1
5282;44;31;3;land;false;plains;1
5283;18;3;45;land;false;plains;1
5284;254;93;221;land;false;plains;1
5285;147;208;218;land;false;plains;1
5286;73;211;243;land;false;plains;1
5287;222;175;123;land;false;plains;1
5288;13;15;2;land;false;plains;1
5289;208;182;225;land;false;plains;1
5290;135;133;236;land;false;plains;1
5291;192;168;238;land;false;plains;1
5292;137;186;249;land;false;plains;1
5293;221;142;169;land;false;plains;1
5294;214;211;222;land;false;plains;1
5295;238;163;247;land;false;plains;1
5296;18;18;33;land;false;plains;1
5297;18;34;10;land;false;plains;1
5298;233;105;181;land;false;plains;1
5299;221;156;220;land;false;plains;1
5300;237;101;174;land;false;plains;1
5301;229;215;149;land;false;plains;1
5302;107;230;168;land;false;plains;1
5303;36;0;27;land;false;plains;1
5304;224;168;177;land;false;plains;1
5305;200;76;243;land;false;plains;1
5306;254;232;170;land;false;plains;1
5307;188;251;200;land;false;plains;1
5308;230;126;206;land;false;plains;1
5309;233;247;47;land;false;plains;1
5310;127;240;229;land;false;plains;1
5311;13;9;59;land;false;plains;1
5312;188;216;169;land;false;plains;1
5313;39;253;225;land;false;plains;1
5314;207;175;142;land;false;plains;1
5315;36;7;9;land;false;plains;1
5316;29;19;30;land;false;plains;1
5317;217;183;148;land;false;plains;1
5318;126;204;247;land;false;plains;1
5319;215;175;144;land;false;plains;1
5320;217;226;108;land;false;plains;1
5321;170;167;230;land;false;plains;1
5322;8;24;51;land;false;plains;1
5323;238;218;63;land;false;plains;1
5324;184;246;124;land;false;plains;1
5325;186;237;156;land;false;plains;1
5326;79;217;245;land;false;plains;1
5327;219;127;214;land;false;plains;1
5328;145;129;244;land;false;plains;1
5329;69;3;13;land;false;plains;1
5330;212;240;252;land;false;plains;1
5331;249;97;207;land;false;plains;1
5332;153;124;227;land;false;plains;1
5333;139;216;165;land;false;plains;1
5334;216;225;98;land;false;plains;1
5335;0;19;78;land;false;plains;1
5336;234;196;191;land;false;plains;1
5337;118;176;228;land;false;plains;1
5338;239;153;246;land;false;plains;1
5339;39;40;12;land;false;plains;1
5340;163;213;157;land;false;plains;1
5341;207;240;141;land;false;plains;1
5342;24;25;9;land;false;plains;1
5343;27;27;43;land;false;plains;1
5344;93;223;212;land;false;plains;1
5345;221;210;196;land;false;plains;1
5346;12;22;54;land;false;plains;1
5347;32;23;18;land;false;plains;1
5348;91;217;201;land;false;plains;1
5349;122;251;155;land;false;plains;1
5350;201;149;187;land;false;plains;1
5351;26;54;4;land;false;plains;1
5352;248;196;161;land;false;plains;1
5353;235;247;71;land;false;plains;1
5354;180;143;237;land;false;plains;1
5355;6;34;24;land;false;plains;1
5356;26;50;23;land;false;plains;1
5357;196;250;198;land;false;plains;1
5358;247;243;26;land;false;plains;1
5359;181;167;247;land;false;plains;1
5360;213;199;146;land;false;plains;1
5361;101;186;216;land;false;plains;1
5362;4;53;32;land;false;plains;1
5363;0;10;4;land;false;plains;1
5364;220;128;239;land;false;plains;1
5365;134;159;234;land;false;plains;1
5366;141;222;138;land;false;plains;1
5367;249;170;145;land;false;plains;1
5368;174;140;238;land;false;plains;1
5369;113;193;229;land;false;plains;1
5370;242;236;82;land;false;plains;1
5371;247;198;173;land;false;plains;1
5372;134;185;208;land;false;plains;1
5373;195;203;134;land;false;plains;1
5374;224;228;171;land;false;plains;1
5375;107;234;162;land;false;plains;1
5376;171;147;225;land;false;plains;1
5377;204;172;230;land;false;plains;1
5378;245;112;211;land;false;plains;1
5379;221;193;210;land;false;plains;1
5380;12;8;45;land;false;plains;1
5381;249;49;209;land;false;plains;1
5382;57;250;219;land;false;plains;1
5383;173;218;123;land;false;plains;1
5384;54;13;26;land;false;plains;1
5385;19;8;17;land;false;plains;1
5386;242;158;247;land;false;plains;1
5387;52;25;16;land;false;plains;1
5388;55;2;31;land;false;plains;1
5389;165;241;198;land;false;plains;1
5390;195;243;232;land;false;plains;1
5391;147;174;228;land;false;plains;1
5392;22;24;6;land;false;plains;1
5393;8;15;3;land;false;plains;1
5394;191;236;165;land;false;plains;1
5395;2;22;34;land;false;plains;1
5396;106;202;211;land;false;plains;1
5397;10;9;52;land;false;plains;1
5398;150;131;241;land;false;plains;1
5399;53;247;231;land;false;plains;1
5400;118;188;224;land;false;plains;1
5401;165;245;182;land;false;plains;1
5402;233;247;238;land;false;plains;1
5403;206;240;239;land;false;plains;1
5404;249;38;225;land;false;plains;1
5405;89;219;205;land;false;plains;1
5406;12;74;1;land;false;plains;1
5407;184;143;182;land;false;plains;1
5408;210;230;122;land;false;plains;1
5409;220;200;128;land;false;plains;1
5410;204;137;205;land;false;plains;1
5411;240;204;125;land;false;plains;1
5412;1;33;34;land;false;plains;1
5413;13;52;12;land;false;plains;1
5414;177;168;182;land;false;plains;1
5415;226;253;186;land;false;plains;1
5416;241;198;79;land;false;plains;1
5417;115;217;200;land;false;plains;1
5418;240;111;150;land;false;plains;1
5419;198;193;235;land;false;plains;1
5420;238;102;241;land;false;plains;1
5421;238;173;197;land;false;plains;1
5422;237;235;42;land;false;plains;1
5423;233;147;203;land;false;plains;1
5424;178;226;250;land;false;plains;1
5425;204;225;159;land;false;plains;1
5426;222;209;217;land;false;plains;1
5427;159;238;241;land;false;plains;1
5428;144;211;163;land;false;plains;1
5429;130;162;234;land;false;plains;1
5430;211;175;221;land;false;plains;1
5431;122;228;186;land;false;plains;1
5432;4;4;37;land;false;plains;1
5433;50;6;23;land;false;plains;1
5434;229;169;228;land;false;plains;1
5435;183;172;212;land;false;plains;1
5436;191;218;125;land;false;plains;1
5437;186;184;212;land;false;plains;1
5438;235;238;222;land;false;plains;1
5439;10;57;31;land;false;plains;1
5440;40;244;248;land;false;plains;1
5441;222;216;115;land;false;plains;1
5442;64;224;250;land;false;plains;1
5443;161;240;253;land;false;plains;1
5444;238;194;164;land;false;plains;1
5445;136;133;252;land;false;plains;1
5446;232;133;160;land;false;plains;1
5447;249;226;154;land;false;plains;1
5448;223;104;231;land;false;plains;1
5449;198;239;78;land;false;plains;1
5450;244;121;249;land;false;plains;1
5451;171;153;207;land;false;plains;1
5452;234;226;141;land;false;plains;1
5453;169;166;240;land;false;plains;1
5454;137;217;252;land;false;plains;1
5455;226;180;213;land;false;plains;1
5456;226;146;229;land;false;plains;1
5457;6;52;14;land;false;plains;1
5458;174;186;204;land;false;plains;1
5459;208;249;65;land;false;plains;1
5460;6;43;0;land;false;plains;1
5461;44;249;222;land;false;plains;1
5462;7;12;47;land;false;plains;1
5463;209;191;165;land;false;plains;1
5464;190;146;229;land;false;plains;1
5465;160;236;150;land;false;plains;1
5466;10;78;2;land;false;plains;1
5467;165;200;253;land;false;plains;1
5468;117;157;230;land;false;plains;1
5469;0;30;54;land;false;plains;1
5470;66;5;8;land;false;plains;1
5471;172;200;151;land;false;plains;1
5472;153;206;235;land;false;plains;1
5473;221;164;150;land;false;plains;1
5474;248;199;153;land;false;plains;1
5475;220;155;155;land;false;plains;1
5476;85;175;243;land;false;plains;1
5477;29;34;23;land;false;plains;1
5478;153;224;243;land;false;plains;1
5479;234;147;188;land;false;plains;1
5480;49;13;11;land;false;plains;1
5481;249;183;180;land;false;plains;1
5482;224;216;145;land;false;plains;1
5483;107;196;221;land;false;plains;1
5484;220;116;208;land;false;plains;1
5485;164;245;144;land;false;plains;1
5486;5;57;18;land;false;plains;1
5487;179;242;207;land;false;plains;1
5488;13;29;31;land;false;plains;1
5489;233;250;124;land;false;plains;1
5490;247;223;114;land;false;plains;1
5491;218;170;191;land;false;plains;1
5492;238;214;208;land;false;plains;1
5493;180;217;119;land;false;plains;1
5494;86;189;238;land;false;plains;1
5495;253;169;186;land;false;plains;1
5496;4;22;37;land;false;plains;1
5497;25;21;19;land;false;plains;1
5498;145;237;138;land;false;plains;1
5499;10;6;33;land;false;plains;1
5500;234;127;242;land;false;plains;1
5501;222;237;59;land;false;plains;1
5502;163;219;201;land;false;plains;1
5503;238;161;102;land;false;plains;1
5504;50;15;24;land;false;plains;1
5505;215;50;239;land;false;plains;1
5506;234;224;135;land;false;plains;1
5507;248;222;243;land;false;plains;1
5508;228;223;222;land;false;plains;1
5509;176;139;236;land;false;plains;1
5510;186;198;155;land;false;plains;1
5511;213;141;190;land;false;plains;1
5512;210;183;197;land;false;plains;1
5513;18;34;8;land;false;plains;1
5514;24;45;5;land;false;plains;1
5515;198;54;252;land;false;plains;1
5516;149;150;215;land;false;plains;1
5517;220;246;215;land;false;plains;1
5518;204;250;79;land;false;plains;1
5519;219;78;230;land;false;plains;1
5520;184;179;199;land;false;plains;1
5521;220;199;120;land;false;plains;1
5522;198;54;249;land;false;plains;1
5523;133;202;175;land;false;plains;1
5524;80;4;5;land;false;plains;1
5525;191;129;187;land;false;plains;1
5526;161;225;228;land;false;plains;1
5527;16;7;43;land;false;plains;1
5528;184;152;169;land;false;plains;1
5529;231;113;157;land;false;plains;1
5530;169;119;243;land;false;plains;1
5531;198;223;91;land;false;plains;1
5532;10;48;5;land;false;plains;1
5533;246;209;79;land;false;plains;1
5534;76;209;221;land;false;plains;1
5535;202;216;151;land;false;plains;1
5536;206;243;91;land;false;plains;1
5537;209;194;163;land;false;plains;1
5538;246;245;77;land;false;plains;1
5539;224;242;49;land;false;plains;1
5540;142;251;204;land;false;plains;1
5541;185;106;220;land;false;plains;1
5542;148;186;167;land;false;plains;1
5543;149;185;201;land;false;plains;1
5544;231;152;226;land;false;plains;1
5545;250;202;240;land;false;plains;1
5546;243;183;105;land;false;plains;1
5547;91;230;205;land;false;plains;1
5548;210;227;134;land;false;plains;1
5549;212;191;132;land;false;plains;1
5550;165;239;132;land;false;plains;1
5551;173;173;182;land;false;plains;1
5552;186;221;150;land;false;plains;1
5553;199;254;243;land;false;plains;1
5554;10;55;7;land;false;plains;1
5555;141;253;161;land;false;plains;1
5556;55;36;3;land;false;plains;1
5557;70;245;244;land;false;plains;1
5558;221;131;224;land;false;plains;1
5559;16;12;63;land;false;plains;1
5560;238;124;161;land;false;plains;1
5561;207;68;240;land;false;plains;1
5562;214;251;80;land;false;plains;1
5563;12;22;13;land;false;plains;1
5564;13;30;7;land;false;plains;1
5565;220;93;216;land;false;plains;1
5566;127;252;138;land;false;plains;1
5567;129;183;215;land;false;plains;1
5568;202;144;227;land;false;plains;1
5569;29;28;39;land;false;plains;1
5570;62;19;18;land;false;plains;1
5571;200;132;221;land;false;plains;1
5572;126;176;251;land;false;plains;1
5573;183;126;237;land;false;plains;1
5574;247;174;150;land;false;plains;1
5575;184;204;250;land;false;plains;1
5576;15;67;17;land;false;plains;1
5577;37;18;19;land;false;plains;1
5578;46;17;6;land;false;plains;1
5579;20;1;24;land;false;plains;1
5580;251;70;237;land;false;plains;1
5581;183;163;157;land;false;plains;1
5582;20;34;21;land;false;plains;1
5583;94;252;200;land;false;plains;1
5584;244;197;227;land;false;plains;1
5585;215;117;238;land;false;plains;1
5586;152;137;237;land;false;plains;1
5587;15;70;3;land;false;plains;1
5588;238;27;247;land;false;plains;1
5589;254;232;98;land;false;plains;1
5590;220;245;242;land;false;plains;1
5591;57;9;0;land;false;plains;1
5592;135;246;182;land;false;plains;1
5593;208;242;209;land;false;plains;1
5594;167;184;201;land;false;plains;1
5595;32;18;36;land;false;plains;1
5596;246;47;222;land;false;plains;1
5597;161;239;169;land;false;plains;1
5598;57;0;0;land;false;plains;1
5599;120;247;171;land;false;plains;1
5600;244;201;233;land;false;plains;1
5601;107;223;252;land;false;plains;1
5602;30;35;33;land;false;plains;1
5603;41;24;6;land;false;plains;1
5604;184;204;142;land;false;plains;1
5605;1;66;30;land;false;plains;1
5606;91;209;234;land;false;plains;1
5607;190;245;248;land;false;plains;1
5608;155;236;178;land;false;plains;1
5609;211;99;209;land;false;plains;1
5610;203;231;95;land;false;plains;1
5611;9;15;54;land;false;plains;1
5612;217;246;62;land;false;plains;1
5613;210;152;176;land;false;plains;1
5614;237;241;42;land;false;plains;1
5615;17;26;6;land;false;plains;1
5616;199;103;235;land;false;plains;1
5617;141;185;190;land;false;plains;1
5618;17;23;11;land;false;plains;1
5619;223;61;248;land;false;plains;1
5620;158;251;125;land;false;plains;1
5621;254;196;164;land;false;plains;1
5622;18;8;64;land;false;plains;1
5623;247;227;89;land;false;plains;1
5624;147;204;198;land;false;plains;1
5625;122;252;152;land;false;plains;1
5626;138;191;222;land;false;plains;1
5627;126;230;188;land;false;plains;1
5628;32;7;38;land;false;plains;1
5629;185;175;237;land;false;plains;1
5630;39;0;14;land;false;plains;1
5631;180;199;220;land;false;plains;1
5632;63;5;29;land;false;plains;1
5633;153;221;212;land;false;plains;1
5634;189;189;181;land;false;plains;1
5635;1;80;11;land;false;plains;1
5636;251;230;174;land;false;plains;1
5637;124;229;166;land;false;plains;1
5638;231;207;150;land;false;plains;1
5639;205;211;106;land;false;plains;1
5640;15;42;41;land;false;plains;1
5641;123;214;184;land;false;plains;1
5642;239;162;117;land;false;plains;1
5643;224;253;115;land;false;plains;1
5644;180;108;251;land;false;plains;1
5645;204;84;221;land;false;plains;1
5646;37;2;7;land;false;plains;1
5647;178;221;104;land;false;plains;1
5648;132;201;211;land;false;plains;1
5649;236;246;27;land;false;plains;1
5650;250;206;190;land;false;plains;1
5651;88;186;229;land;false;plains;1
5652;62;11;19;land;false;plains;1
5653;17;14;36;land;false;plains;1
5654;172;242;133;land;false;plains;1
5655;234;241;35;land;false;plains;1
5656;8;21;6;land;false;plains;1
5657;126;225;219;land;false;plains;1
5658;108;244;186;land;false;plains;1
5659;116;252;147;land;false;plains;1
5660;171;209;125;land;false;plains;1
5661;224;215;160;land;false;plains;1
5662;110;253;246;land;false;plains;1
5663;24;20;53;land;false;plains;1
5664;250;150;185;land;false;plains;1
5665;206;230;225;land;false;plains;1
5666;231;227;105;land;false;plains;1
5667;201;160;204;land;false;plains;1
5668;85;227;229;land;false;plains;1
5669;226;228;223;land;false;plains;1
5670;224;145;172;land;false;plains;1
5671;207;228;185;land;false;plains;1
5672;17;58;10;land;false;plains;1
5673;250;225;112;land;false;plains;1
5674;222;216;239;land;false;plains;1
5675;100;186;225;land;false;plains;1
5676;251;219;129;land;false;plains;1
5677;252;121;199;land;false;plains;1
5678;128;160;220;land;false;plains;1
5679;188;250;106;land;false;plains;1
5680;236;177;150;land;false;plains;1
5681;201;182;173;land;false;plains;1
5682;79;212;210;land;false;plains;1
5683;251;246;92;land;false;plains;1
5684;28;38;24;land;false;plains;1
5685;229;234;98;land;false;plains;1
5686;18;17;7;land;false;plains;1
5687;168;169;206;land;false;plains;1
5688;165;191;228;land;false;plains;1
5689;254;26;253;land;false;plains;1
5690;135;231;198;land;false;plains;1
5691;234;183;87;land;false;plains;1
5692;63;12;6;land;false;plains;1
5693;227;163;219;land;false;plains;1
5694;253;160;163;land;false;plains;1
5695;217;215;75;land;false;plains;1
5696;115;197;217;land;false;plains;1
5697;209;241;163;land;false;plains;1
5698;241;219;84;land;false;plains;1
5699;207;129;169;land;false;plains;1
5700;191;236;91;land;false;plains;1
5701;30;59;0;land;false;plains;1
5702;10;59;1;land;false;plains;1
5703;87;219;216;land;false;plains;1
5704;203;87;251;land;false;plains;1
5705;26;11;58;land;false;plains;1
5706;72;217;248;land;false;plains;1
5707;202;189;154;land;false;plains;1
5708;231;211;150;land;false;plains;1
5709;204;226;199;land;false;plains;1
5710;241;224;167;land;false;plains;1
5711;234;117;219;land;false;plains;1
5712;158;120;224;land;false;plains;1
5713;127;171;203;land;false;plains;1
5714;228;144;179;land;false;plains;1
5715;241;113;162;land;false;plains;1
5716;7;12;75;land;false;plains;1
5717;6;81;9;land;false;plains;1
5718;15;16;55;land;false;plains;1
5719;142;232;212;land;false;plains;1
5720;30;5;13;land;false;plains;1
5721;6;8;50;land;false;plains;1
5722;18;19;34;land;false;plains;1
5723;214;213;86;land;false;plains;1
5724;254;250;20;land;false;plains;1
5725;105;163;246;land;false;plains;1
5726;12;37;7;land;false;plains;1
5727;20;63;1;land;false;plains;1
5728;237;177;219;land;false;plains;1
5729;249;236;247;land;false;plains;1
5730;230;254;224;land;false;plains;1
5731;32;17;28;land;false;plains;1
5732;251;113;158;land;false;plains;1
5733;252;64;226;land;false;plains;1
5734;174;160;177;land;false;plains;1
5735;177;209;160;land;false;plains;1
5736;253;150;99;land;false;plains;1
5737;15;54;22;land;false;plains;1
5738;7;30;49;land;false;plains;1
5739;192;200;115;land;false;plains;1
5740;38;14;25;land;false;plains;1
5741;242;218;197;land;false;plains;1
5742;163;135;228;land;false;plains;1
5743;207;220;117;land;false;plains;1
5744;151;231;202;land;false;plains;1
5745;135;185;216;land;false;plains;1
5746;54;31;13;land;false;plains;1
5747;223;187;223;land;false;plains;1
5748;195;228;108;land;false;plains;1
5749;253;91;205;land;false;plains;1
5750;252;229;244;land;false;plains;1
5751;191;200;164;land;false;plains;1
5752;17;68;3;land;false;plains;1
5753;247;135;188;land;false;plains;1
5754;181;242;151;land;false;plains;1
5755;194;171;204;land;false;plains;1
5756;21;36;10;land;false;plains;1
5757;8;53;13;land;false;plains;1
5758;33;29;24;land;false;plains;1
5759;167;236;122;land;false;plains;1
5760;242;221;136;land;false;plains;1
5761;180;194;212;land;false;plains;1
5762;194;235;106;land;false;plains;1
5763;204;215;218;land;false;plains;1
5764;26;14;59;land;false;plains;1
5765;248;111;251;land;false;plains;1
5766;47;10;22;land;false;plains;1
5767;219;244;122;land;false;plains;1
5768;179;184;206;land;false;plains;1
5769;233;33;249;land;false;plains;1
5770;223;174;239;land;false;plains;1
5771;249;200;237;land;false;plains;1
5772;28;52;7;land;false;plains;1
5773;213;149;175;land;false;plains;1
5774;161;218;175;land;false;plains;1
5775;190;213;194;land;false;plains;1
5776;164;165;253;land;false;plains;1
5777;146;167;212;land;false;plains;1
5778;236;99;250;land;false;plains;1
5779;180;185;146;land;false;plains;1
5780;211;245;177;land;false;plains;1
5781;250;251;99;land;false;plains;1
5782;131;210;214;land;false;plains;1
5783;171;197;154;land;false;plains;1
5784;51;23;9;land;false;plains;1
5785;5;22;20;land;false;plains;1
5786;23;11;7;land;false;plains;1
5787;193;203;170;land;false;plains;1
5788;34;3;8;land;false;plains;1
5789;40;7;9;land;false;plains;1
5790;244;160;115;land;false;plains;1
5791;50;8;5;land;false;plains;1
5792;226;251;208;land;false;plains;1
5793;233;237;110;land;false;plains;1
5794;207;192;140;land;false;plains;1
5795;211;215;100;land;false;plains;1
5796;238;218;140;land;false;plains;1
5797;134;219;164;land;false;plains;1
5798;70;224;243;land;false;plains;1
5799;183;212;157;land;false;plains;1
5800;138;241;136;land;false;plains;1
5801;0;17;36;land;false;plains;1
5802;133;173;239;land;false;plains;1
5803;195;159;201;land;false;plains;1
5804;20;21;10;land;false;plains;1
5805;223;201;165;land;false;plains;1
5806;10;15;57;land;false;plains;1
5807;13;16;65;land;false;plains;1
5808;145;148;211;land;false;plains;1
5809;30;20;15;land;false;plains;1
5810;10;44;15;land;false;plains;1
5811;209;171;239;land;false;plains;1
5812;201;138;251;land;false;plains;1
5813;226;131;175;land;false;plains;1
5814;194;93;222;land;false;plains;1
5815;202;178;172;land;false;plains;1
5816;177;254;94;land;false;plains;1
5817;50;19;6;land;false;plains;1
5818;254;125;135;land;false;plains;1
5819;199;105;231;land;false;plains;1
5820;143;219;169;land;false;plains;1
5821;104;206;224;land;false;plains;1
5822;181;179;206;land;false;plains;1
5823;246;164;218;land;false;plains;1
5824;18;31;46;land;false;plains;1
5825;214;188;132;land;false;plains;1
5826;5;68;18;land;false;plains;1
5827;199;202;131;land;false;plains;1
5828;164;142;200;land;false;plains;1
5829;252;162;89;land;false;plains;1
5830;33;38;28;land;false;plains;1
5831;97;244;177;land;false;plains;1
5832;243;95;239;land;false;plains;1
5833;250;92;173;land;false;plains;1
5834;200;227;165;land;false;plains;1
5835;198;213;121;land;false;plains;1
5836;17;37;33;land;false;plains;1
5837;117;232;172;land;false;plains;1
5838;171;171;160;land;false;plains;1
5839;253;207;162;land;false;plains;1
5840;133;191;182;land;false;plains;1
5841;174;162;202;land;false;plains;1
5842;36;5;34;land;false;plains;1
5843;165;238;236;land;false;plains;1
5844;222;171;119;land;false;plains;1
5845;227;110;250;land;false;plains;1
5846;57;20;5;land;false;plains;1
5847;12;54;30;land;false;plains;1
5848;229;136;230;land;false;plains;1
5849;195;216;95;land;false;plains;1
5850;236;185;137;land;false;plains;1
5851;218;251;176;land;false;plains;1
5852;100;250;229;land;false;plains;1
5853;197;204;209;land;false;plains;1
5854;240;249;73;land;false;plains;1
5855;138;200;198;land;false;plains;1
5856;198;187;150;land;false;plains;1
5857;185;202;229;land;false;plains;1
5858;92;213;248;land;false;plains;1
5859;239;241;244;land;false;plains;1
5860;143;243;151;land;false;plains;1
5861;44;31;15;land;false;plains;1
5862;20;14;53;land;false;plains;1
5863;21;7;47;land;false;plains;1
5864;21;75;2;land;false;plains;1
5865;197;116;197;land;false;plains;1
5866;248;181;175;land;false;plains;1
5867;224;244;93;land;false;plains;1
5868;97;226;228;land;false;plains;1
5869;222;120;241;land;false;plains;1
5870;38;1;8;land;false;plains;1
5871;253;137;216;land;false;plains;1
5872;40;3;11;land;false;plains;1
5873;150;254;134;land;false;plains;1
5874;210;250;75;land;false;plains;1
5875;235;129;151;land;false;plains;1
5876;23;29;34;land;false;plains;1
5877;219;67;253;land;false;plains;1
5878;188;235;159;land;false;plains;1
5879;32;248;233;land;false;plains;1
5880;21;40;5;land;false;plains;1
5881;177;166;208;land;false;plains;1
5882;211;167;164;land;false;plains;1
5883;189;244;142;land;false;plains;1
5884;20;46;23;land;false;plains;1
5885;253;113;217;land;false;plains;1
5886;228;239;102;land;false;plains;1
5887;165;224;166;land;false;plains;1
5888;46;28;0;land;false;plains;1
5889;200;186;203;land;false;plains;1
5890;191;206;141;land;false;plains;1
5891;251;248;49;land;false;plains;1
5892;20;63;15;land;false;plains;1
5893;48;2;34;land;false;plains;1
5894;46;25;25;land;false;plains;1
5895;235;142;180;land;false;plains;1
5896;186;226;124;land;false;plains;1
5897;232;87;231;land;false;plains;1
5898;235;206;242;land;false;plains;1
5899;37;30;18;land;false;plains;1
5900;231;122;192;land;false;plains;1
5901;197;165;155;land;false;plains;1
5902;238;253;99;land;false;plains;1
5903;183;213;194;land;false;plains;1
5904;227;237;90;land;false;plains;1
5905;246;209;93;land;false;plains;1
5906;173;135;212;land;false;plains;1
5907;238;204;79;land;false;plains;1
5908;226;160;182;land;false;plains;1
5909;29;4;62;land;false;plains;1
5910;164;143;221;land;false;plains;1
5911;170;193;182;land;false;plains;1
5912;204;207;119;land;false;plains;1
5913;242;222;77;land;false;plains;1
5914;192;216;195;land;false;plains;1
5915;194;213;205;land;false;plains;1
5916;57;1;13;land;false;plains;1
5917;200;120;215;land;false;plains;1
5918;10;17;14;land;false;plains;1
5919;173;208;212;land;false;plains;1
5920;231;186;152;land;false;plains;1
5921;132;232;165;land;false;plains;1
5922;236;127;200;land;false;plains;1
5923;243;251;140;land;false;plains;1
5924;242;159;126;land;false;plains;1
5925;247;222;77;land;false;plains;1
5926;19;31;31;land;false;plains;1
5927;49;7;37;land;false;plains;1
5928;14;26;35;land;false;plains;1
5929;126;245;252;land;false;plains;1
5930;186;196;222;land;false;plains;1
5931;244;208;185;land;false;plains;1
5932;237;133;178;land;false;plains;1
5933;186;111;222;land;false;plains;1
5934;28;13;3;land;false;plains;1
5935;246;178;179;land;false;plains;1
5936;164;230;109;land;false;plains;1
5937;7;19;45;land;false;plains;1
5938;20;2;66;land;false;plains;1
5939;191;248;169;land;false;plains;1
5940;220;237;131;land;false;plains;1
5941;174;230;191;land;false;plains;1
5942;95;181;225;land;false;plains;1
5943;224;147;239;land;false;plains;1
5944;168;212;239;land;false;plains;1
5945;147;182;209;land;false;plains;1
5946;6;2;64;land;false;plains;1
5947;19;6;7;land;false;plains;1
5948;228;200;248;land;false;plains;1
5949;238;54;228;land;false;plains;1
5950;245;40;226;land;false;plains;1
5951;116;243;190;land;false;plains;1
5952;214;230;114;land;false;plains;1
5953;13;5;41;land;false;plains;1
5954;14;11;54;land;false;plains;1
5955;16;47;22;land;false;plains;1
5956;244;110;153;land;false;plains;1
5957;192;183;150;land;false;plains;1
5958;145;177;247;land;false;plains;1
5959;155;111;235;land;false;plains;1
5960;20;39;4;land;false;plains;1
5961;154;196;251;land;false;plains;1
5962;234;222;198;land;false;plains;1
5963;219;200;160;land;false;plains;1
5964;137;234;231;land;false;plains;1
5965;8;23;18;land;false;plains;1
5966;226;181;191;land;false;plains;1
5967;219;221;162;land;false;plains;1
5968;208;203;102;land;false;plains;1
5969;253;109;206;land;false;plains;1
5970;82;211;248;land;false;plains;1
5971;188;208;132;land;false;plains;1
5972;27;17;42;land;false;plains;1
5973;12;34;14;land;false;plains;1
5974;101;250;218;land;false;plains;1
5975;140;245;194;land;false;plains;1
5976;93;245;228;land;false;plains;1
5977;234;140;235;land;false;plains;1
5978;4;15;30;land;false;plains;1
5979;221;112;216;land;false;plains;1
5980;6;12;59;land;false;plains;1
5981;26;46;1;land;false;plains;1
5982;179;212;251;land;false;plains;1
5983;26;45;6;land;false;plains;1
5984;241;152;214;land;false;plains;1
5985;127;239;193;land;false;plains;1
5986;251;128;249;land;false;plains;1
5987;89;220;209;land;false;plains;1
5988;201;208;114;land;false;plains;1
5989;1;35;6;land;false;plains;1
5990;220;215;183;land;false;plains;1
5991;200;109;232;land;false;plains;1
5992;240;162;161;land;false;plains;1
5993;15;43;18;land;false;plains;1
5994;15;21;47;land;false;plains;1
5995;242;198;137;land;false;plains;1
5996;241;70;229;land;false;plains;1
5997;219;193;201;land;false;plains;1
5998;58;24;0;land;false;plains;1
5999;56;24;16;land;false;plains;1
6000;21;43;9;land;false;plains;1
6001;200;199;241;land;false;plains;1
6002;200;158;238;land;false;plains;1
6003;143;243;181;land;false;plains;1
6004;178;235;196;land;false;plains;1
6005;207;221;74;land;false;plains;1
6006;208;244;90;land;false;plains;1
6007;131;187;236;land;false;plains;1
6008;232;123;246;land;false;plains;1
6009;217;137;198;land;false;plains;1
6010;105;223;227;land;false;plains;1
6011;203;217;154;land;false;plains;1
6012;83;168;253;land;false;plains;1
6013;65;18;16;land;false;plains;1
6014;10;21;41;land;false;plains;1
6015;5;16;3;land;false;plains;1
6016;118;177;217;land;false;plains;1
6017;201;179;135;land;false;plains;1
6018;244;109;200;land;false;plains;1
6019;236;120;151;land;false;plains;1
6020;210;193;253;land;false;plains;1
6021;151;124;249;land;false;plains;1
6022;229;231;179;land;false;plains;1
6023;165;153;196;land;false;plains;1
6024;156;159;204;land;false;plains;1
6025;235;145;244;land;false;plains;1
6026;251;86;171;land;false;plains;1
6027;31;29;23;land;false;plains;1
6028;24;48;4;land;false;plains;1
6029;78;211;230;land;false;plains;1
6030;4;60;10;land;false;plains;1
6031;218;196;106;land;false;plains;1
6032;183;184;135;land;false;plains;1
6033;232;170;252;land;false;plains;1
6034;17;31;32;land;false;plains;1
6035;150;192;169;land;false;plains;1
6036;172;173;217;land;false;plains;1
6037;192;148;222;land;false;plains;1
6038;20;63;11;land;false;plains;1
6039;48;2;37;land;false;plains;1
6040;44;3;22;land;false;plains;1
6041;224;128;248;land;false;plains;1
6042;103;199;253;land;false;plains;1
6043;132;142;229;land;false;plains;1
6044;49;12;4;land;false;plains;1
6045;200;90;233;land;false;plains;1
6046;244;181;166;land;false;plains;1
6047;0;36;24;land;false;plains;1
6048;28;19;21;land;false;plains;1
6049;9;31;30;land;false;plains;1
6050;113;247;184;land;false;plains;1
6051;228;63;226;land;false;plains;1
6052;229;212;148;land;false;plains;1
6053;165;229;138;land;false;plains;1
6054;192;208;173;land;false;plains;1
6055;185;196;123;land;false;plains;1
6056;172;195;167;land;false;plains;1
6057;62;29;1;land;false;plains;1
6058;214;249;146;land;false;plains;1
6059;223;160;175;land;false;plains;1
6060;179;143;204;land;false;plains;1
6061;229;227;73;land;false;plains;1
6062;17;16;4;land;false;plains;1
6063;5;23;3;land;false;plains;1
6064;213;246;189;land;false;plains;1
6065;184;204;122;land;false;plains;1
6066;59;18;3;land;false;plains;1
6067;69;2;10;land;false;plains;1
6068;115;238;184;land;false;plains;1
6069;76;42;28;land;false;plains;1
6070;248;198;112;land;false;plains;1
6071;252;199;69;land;false;plains;1
6072;222;152;136;land;false;plains;1
6073;239;231;244;land;false;plains;1
6074;31;0;13;land;false;plains;1
6075;250;182;110;land;false;plains;1
6076;89;199;214;land;false;plains;1
6077;130;204;241;land;false;plains;1
6078;190;105;238;land;false;plains;1
6079;12;1;23;land;false;plains;1
6080;204;212;98;land;false;plains;1
6081;28;28;32;land;false;plains;1
6082;85;211;247;land;false;plains;1
6083;136;212;207;land;false;plains;1
6084;239;236;188;land;false;plains;1
6085;124;223;162;land;false;plains;1
6086;203;142;190;land;false;plains;1
6087;42;239;238;land;false;plains;1
6088;252;192;104;land;false;plains;1
6089;4;1;42;land;false;plains;1
6090;4;28;24;land;false;plains;1
6091;3;8;32;land;false;plains;1
6092;173;165;200;land;false;plains;1
6093;225;183;240;land;false;plains;1
6094;196;117;203;land;false;plains;1
6095;105;200;196;land;false;plains;1
6096;46;27;18;land;false;plains;1
6097;27;14;12;land;false;plains;1
6098;36;12;13;land;false;plains;1
6099;202;227;245;land;false;plains;1
6100;182;135;239;land;false;plains;1
6101;192;113;204;land;false;plains;1
6102;230;202;81;land;false;plains;1
6103;64;231;207;land;false;plains;1
6104;198;198;236;land;false;plains;1
6105;187;233;219;land;false;plains;1
6106;113;197;193;land;false;plains;1
6107;119;153;237;land;false;plains;1
6108;226;178;152;land;false;plains;1
6109;215;163;184;land;false;plains;1
6110;167;240;236;land;false;plains;1
6111;38;36;22;land;false;plains;1
6112;54;253;220;land;false;plains;1
6113;164;155;216;land;false;plains;1
6114;244;108;219;land;false;plains;1
6115;135;206;184;land;false;plains;1
6116;113;169;222;land;false;plains;1
6117;206;129;171;land;false;plains;1
6118;129;207;242;land;false;plains;1
6119;8;18;51;land;false;plains;1
6120;202;122;224;land;false;plains;1
6121;55;26;7;land;false;plains;1
6122;218;193;210;land;false;plains;1
6123;248;248;101;land;false;plains;1
6124;236;205;74;land;false;plains;1
6125;100;233;235;land;false;plains;1
6126;249;169;135;land;false;plains;1
6127;235;252;54;land;false;plains;1
6128;207;72;226;land;false;plains;1
6129;242;244;185;land;false;plains;1
6130;109;239;167;land;false;plains;1
6131;226;120;238;land;false;plains;1
6132;45;26;19;land;false;plains;1
6133;3;84;8;land;false;plains;1
6134;145;232;203;land;false;plains;1
6135;189;248;144;land;false;plains;1
6136;228;222;155;land;false;plains;1
6137;39;40;20;land;false;plains;1
6138;23;8;46;land;false;plains;1
6139;61;11;12;land;false;plains;1
6140;201;180;228;land;false;plains;1
6141;238;198;246;land;false;plains;1
6142;184;211;186;land;false;plains;1
6143;237;253;155;land;false;plains;1
6144;191;252;153;land;false;plains;1
6145;234;236;219;land;false;plains;1
6146;227;249;60;land;false;plains;1
6147;5;34;47;land;false;plains;1
6148;58;4;17;land;false;plains;1
6149;8;6;13;land;false;plains;1
6150;247;189;74;land;false;plains;1
6151;13;0;55;land;false;plains;1
6152;246;230;48;land;false;plains;1
6153;50;12;27;land;false;plains;1
6154;47;33;16;land;false;plains;1
6155;249;251;205;land;false;plains;1
6156;184;161;236;land;false;plains;1
6157;253;235;134;land;false;plains;1
6158;128;226;187;land;false;plains;1
6159;40;12;40;land;false;plains;1
6160;233;132;188;land;false;plains;1
6161;129;143;250;land;false;plains;1
6162;104;229;232;land;false;plains;1
6163;3;30;16;land;false;plains;1
6164;40;11;35;land;false;plains;1
6165;185;226;247;land;false;plains;1
6166;232;219;237;land;false;plains;1
6167;203;225;161;land;false;plains;1
6168;160;106;252;land;false;plains;1
6169;207;223;88;land;false;plains;1
6170;205;52;249;land;false;plains;1
6171;226;239;140;land;false;plains;1
6172;139;240;158;land;false;plains;1
6173;34;7;0;land;false;plains;1
6174;132;234;192;land;false;plains;1
6175;33;3;11;land;false;plains;1
6176;190;170;184;land;false;plains;1
6177;254;134;218;land;false;plains;1
6178;55;216;233;land;false;plains;1
6179;13;41;37;land;false;plains;1
6180;181;236;114;land;false;plains;1
6181;60;13;12;land;false;plains;1
6182;72;216;217;land;false;plains;1
6183;209;95;243;land;false;plains;1
6184;14;37;3;land;false;plains;1
6185;139;224;160;land;false;plains;1
6186;235;227;119;land;false;plains;1
6187;163;251;154;land;false;plains;1
6188;40;249;226;land;false;plains;1
6189;196;224;154;land;false;plains;1
6190;105;235;223;land;false;plains;1
6191;199;177;213;land;false;plains;1
6192;99;223;216;land;false;plains;1
6193;131;156;223;land;false;plains;1
6194;132;245;239;land;false;plains;1
6195;252;114;156;land;false;plains;1
6196;48;12;15;land;false;plains;1
6197;50;238;222;land;false;plains;1
6198;243;193;239;land;false;plains;1
6199;233;46;225;land;false;plains;1
6200;62;3;1;land;false;plains;1
6201;206;210;250;land;false;plains;1
6202;8;32;11;land;false;plains;1
6203;249;130;241;land;false;plains;1
6204;161;151;221;land;false;plains;1
6205;167;176;241;land;false;plains;1
6206;83;250;193;land;false;plains;1
6207;147;241;249;land;false;plains;1
6208;229;211;221;land;false;plains;1
6209;220;252;176;land;false;plains;1
6210;223;198;137;land;false;plains;1
6211;62;20;14;land;false;plains;1
6212;236;174;95;land;false;plains;1
6213;235;175;226;land;false;plains;1
6214;230;222;165;land;false;plains;1
6215;184;179;183;land;false;plains;1
6216;18;12;6;land;false;plains;1
6217;5;23;1;land;false;plains;1
6218;192;217;244;land;false;plains;1
6219;204;97;229;land;false;plains;1
6220;198;240;106;land;false;plains;1
6221;233;226;53;land;false;plains;1
6222;2;44;24;land;false;plains;1
6223;81;244;247;land;false;plains;1
6224;4;34;43;land;false;plains;1
6225;186;249;141;land;false;plains;1
6226;1;19;25;land;false;plains;1
6227;50;13;1;land;false;plains;1
6228;240;148;152;land;false;plains;1
6229;6;32;21;land;false;plains;1
6230;44;7;31;land;false;plains;1
6231;195;220;98;land;false;plains;1
6232;244;233;38;land;false;plains;1
6233;235;157;138;land;false;plains;1
6234;212;120;246;land;false;plains;1
6235;170;168;192;land;false;plains;1
6236;238;202;128;land;false;plains;1
6237;254;97;188;land;false;plains;1
6238;152;153;211;land;false;plains;1
6239;219;245;105;land;false;plains;1
6240;10;54;30;land;false;plains;1
6241;31;41;26;land;false;plains;1
6242;219;196;210;land;false;plains;1
6243;13;34;1;land;false;plains;1
6244;133;247;164;land;false;plains;1
6245;148;199;254;land;false;plains;1
6246;121;206;216;land;false;plains;1
6247;41;27;3;land;false;plains;1
6248;24;30;22;land;false;plains;1
6249;27;23;8;land;false;plains;1
6250;113;250;252;land;false;plains;1
6251;238;187;137;land;false;plains;1
6252;247;119;159;land;false;plains;1
6253;246;23;242;land;false;plains;1
6254;234;132;227;land;false;plains;1
6255;0;7;21;land;false;plains;1
6256;2;37;10;land;false;plains;1
6257;53;8;38;land;false;plains;1
6258;10;21;65;land;false;plains;1
6259;92;182;240;land;false;plains;1
6260;211;241;231;land;false;plains;1
6261;8;63;1;land;false;plains;1
6262;236;229;212;land;false;plains;1
6263;2;37;15;land;false;plains;1
6264;178;194;192;land;false;plains;1
6265;238;144;140;land;false;plains;1
6266;173;193;219;land;false;plains;1
6267;229;197;159;land;false;plains;1
6268;212;144;205;land;false;plains;1
6269;245;224;85;land;false;plains;1
6270;21;28;11;land;false;plains;1
6271;152;170;224;land;false;plains;1
6272;13;6;14;land;false;plains;1
6273;24;25;40;land;false;plains;1
6274;20;25;10;land;false;plains;1
6275;184;244;141;land;false;plains;1
6276;25;4;58;land;false;plains;1
6277;244;206;216;land;false;plains;1
6278;168;214;231;land;false;plains;1
6279;91;242;197;land;false;plains;1
6280;2;43;9;land;false;plains;1
6281;240;201;98;land;false;plains;1
6282;9;23;21;land;false;plains;1
6283;249;242;253;land;false;plains;1
6284;246;133;196;land;false;plains;1
6285;13;51;12;land;false;plains;1
6286;12;13;29;land;false;plains;1
6287;218;177;231;land;false;plains;1
6288;26;41;26;land;false;plains;1
6289;87;230;208;land;false;plains;1
6290;14;32;52;land;false;plains;1
6291;17;248;252;land;false;plains;1
6292;241;137;148;land;false;plains;1
6293;212;122;246;land;false;plains;1
6294;9;24;59;land;false;plains;1
6295;29;12;13;land;false;plains;1
6296;16;24;26;land;false;plains;1
6297;143;223;174;land;false;plains;1
6298;237;133;164;land;false;plains;1
6299;234;200;88;land;false;plains;1
6300;23;2;4;land;false;plains;1
6301;232;159;199;land;false;plains;1
6302;184;200;243;land;false;plains;1
6303;96;228;178;land;false;plains;1
6304;249;208;105;land;false;plains;1
6305;198;138;219;land;false;plains;1
6306;40;3;29;land;false;plains;1
6307;69;201;249;land;false;plains;1
6308;233;232;211;land;false;plains;1
6309;220;74;238;land;false;plains;1
6310;229;251;246;land;false;plains;1
6311;211;178;127;land;false;plains;1
6312;33;19;47;land;false;plains;1
6313;11;75;3;land;false;plains;1
6314;91;220;210;land;false;plains;1
6315;184;200;250;land;false;plains;1
6316;234;188;187;land;false;plains;1
6317;216;223;171;land;false;plains;1
6318;254;219;154;land;false;plains;1
6319;169;249;164;land;false;plains;1
6320;159;178;206;land;false;plains;1
6321;147;213;188;land;false;plains;1
6322;53;15;31;land;false;plains;1
6323;170;244;111;land;false;plains;1
6324;174;101;250;land;false;plains;1
6325;101;221;224;land;false;plains;1
6326;224;181;253;land;false;plains;1
6327;200;121;220;land;false;plains;1
6328;219;233;179;land;false;plains;1
6329;19;2;40;land;false;plains;1
6330;179;105;239;land;false;plains;1
6331;142;240;186;land;false;plains;1
6332;211;245;253;land;false;plains;1
6333;238;176;235;land;false;plains;1
6334;77;239;232;land;false;plains;1
6335;244;155;130;land;false;plains;1
6336;21;47;6;land;false;plains;1
6337;193;244;109;land;false;plains;1
6338;26;34;23;land;false;plains;1
6339;24;4;51;land;false;plains;1
6340;19;16;48;land;false;plains;1
6341;42;27;10;land;false;plains;1
6342;183;248;186;land;false;plains;1
6343;181;249;73;land;false;plains;1
6344;40;29;22;land;false;plains;1
6345;211;152;232;land;false;plains;1
6346;79;214;246;land;false;plains;1
6347;236;239;129;land;false;plains;1
6348;92;219;253;land;false;plains;1
6349;201;213;204;land;false;plains;1
6350;55;1;35;land;false;plains;1
6351;144;175;182;land;false;plains;1
6352;247;132;188;land;false;plains;1
6353;238;46;239;land;false;plains;1
6354;253;240;49;land;false;plains;1
6355;17;22;14;land;false;plains;1
6356;125;176;200;land;false;plains;1
6357;58;2;8;land;false;plains;1
6358;65;207;240;land;false;plains;1
6359;243;235;107;land;false;plains;1
6360;127;236;179;land;false;plains;1
6361;76;18;4;land;false;plains;1
6362;178;123;210;land;false;plains;1
6363;10;44;6;land;false;plains;1
6364;254;168;134;land;false;plains;1
6365;115;247;247;land;false;plains;1
6366;240;71;249;land;false;plains;1
6367;128;154;238;land;false;plains;1
6368;2;35;35;land;false;plains;1
6369;8;28;24;land;false;plains;1
6370;186;214;178;land;false;plains;1
6371;173;123;243;land;false;plains;1
6372;250;104;233;land;false;plains;1
6373;247;249;178;land;false;plains;1
6374;204;166;254;land;false;plains;1
6375;165;175;178;land;false;plains;1
6376;59;225;238;land;false;plains;1
6377;39;52;7;land;false;plains;1
6378;230;207;197;land;false;plains;1
6379;224;229;132;land;false;plains;1
6380;11;13;40;land;false;plains;1
6381;18;12;44;land;false;plains;1
6382;16;4;69;land;false;plains;1
6383;247;148;181;land;false;plains;1
6384;108;253;165;land;false;plains;1
6385;19;23;6;land;false;plains;1
6386;80;175;251;land;false;plains;1
6387;175;253;84;land;false;plains;1
6388;45;8;16;land;false;plains;1
6389;9;60;16;land;false;plains;1
6390;229;232;184;land;false;plains;1
6391;157;211;143;land;false;plains;1
6392;229;31;252;land;false;plains;1
6393;133;249;193;land;false;plains;1
6394;9;36;2;land;false;plains;1
6395;30;13;5;land;false;plains;1
6396;196;179;247;land;false;plains;1
6397;217;231;245;land;false;plains;1
6398;251;205;128;land;false;plains;1
6399;127;194;194;land;false;plains;1
6400;1;3;18;land;false;plains;1
6401;230;131;202;land;false;plains;1
6402;229;174;244;land;false;plains;1
6403;120;233;219;land;false;plains;1
6404;166;204;161;land;false;plains;1
6405;115;244;187;land;false;plains;1
6406;179;244;173;land;false;plains;1
6407;159;160;254;land;false;plains;1
6408;3;38;3;land;false;plains;1
6409;180;253;218;land;false;plains;1
6410;204;201;226;land;false;plains;1
6411;206;204;99;land;false;plains;1
6412;8;32;50;land;false;plains;1
6413;3;27;52;land;false;plains;1
6414;11;2;49;land;false;plains;1
6415;122;235;189;land;false;plains;1
6416;165;191;224;land;false;plains;1
6417;222;135;160;land;false;plains;1
6418;238;226;131;land;false;plains;1
6419;4;11;45;land;false;plains;1
6420;4;17;22;land;false;plains;1
6421;1;23;46;land;false;plains;1
6422;160;193;233;land;false;plains;1
6423;161;216;156;land;false;plains;1
6424;12;15;24;land;false;plains;1
6425;110;220;193;land;false;plains;1
6426;6;7;43;land;false;plains;1
6427;12;31;49;land;false;plains;1
6428;169;143;195;land;false;plains;1
6429;223;183;105;land;false;plains;1
6430;77;5;7;land;false;plains;1
6431;148;227;135;land;false;plains;1
6432;216;165;122;land;false;plains;1
6433;2;1;35;land;false;plains;1
6434;10;58;11;land;false;plains;1
6435;230;249;33;land;false;plains;1
6436;225;172;197;land;false;plains;1
6437;234;136;217;land;false;plains;1
6438;36;33;4;land;false;plains;1
6439;37;18;26;land;false;plains;1
6440;26;32;33;land;false;plains;1
6441;212;223;184;land;false;plains;1
6442;129;153;250;land;false;plains;1
6443;8;76;14;land;false;plains;1
6444;17;36;23;land;false;plains;1
6445;11;23;1;land;false;plains;1
6446;27;52;6;land;false;plains;1
6447;251;120;225;land;false;plains;1
6448;89;244;212;land;false;plains;1
6449;237;254;99;land;false;plains;1
6450;47;17;11;land;false;plains;1
6451;242;51;209;land;false;plains;1
6452;187;143;235;land;false;plains;1
6453;143;224;146;land;false;plains;1
6454;34;50;0;land;false;plains;1
6455;154;154;210;land;false;plains;1
6456;35;14;23;land;false;plains;1
6457;248;207;57;land;false;plains;1
6458;213;208;123;land;false;plains;1
6459;28;4;11;land;false;plains;1
6460;52;16;26;land;false;plains;1
6461;215;170;251;land;false;plains;1
6462;234;152;117;land;false;plains;1
6463;145;233;131;land;false;plains;1
6464;3;7;58;land;false;plains;1
6465;17;7;2;land;false;plains;1
6466;6;88;0;land;false;plains;1
6467;213;183;157;land;false;plains;1
6468;6;80;6;land;false;plains;1
6469;216;167;253;land;false;plains;1
6470;197;206;133;land;false;plains;1
6471;191;241;125;land;false;plains;1
6472;250;166;181;land;false;plains;1
6473;7;45;39;land;false;plains;1
6474;195;217;182;land;false;plains;1
6475;230;242;193;land;false;plains;1
6476;30;22;44;land;false;plains;1
6477;252;230;171;land;false;plains;1
6478;6;16;20;land;false;plains;1
6479;212;169;218;land;false;plains;1
6480;88;209;231;land;false;plains;1
6481;199;128;216;land;false;plains;1
6482;239;233;55;land;false;plains;1
6483;160;233;175;land;false;plains;1
6484;242;233;164;land;false;plains;1
6485;138;158;249;land;false;plains;1
6486;201;138;224;land;false;plains;1
6487;243;209;145;land;false;plains;1
6488;209;238;175;land;false;plains;1
6489;17;36;42;land;false;plains;1
6490;24;50;19;land;false;plains;1
6491;168;218;199;land;false;plains;1
6492;31;1;19;land;false;plains;1
6493;154;122;237;land;false;plains;1
6494;246;246;76;land;false;plains;1
6495;32;27;24;land;false;plains;1
6496;10;37;37;land;false;plains;1
6497;129;146;226;land;false;plains;1
6498;202;116;189;land;false;plains;1
6499;182;239;196;land;false;plains;1
6500;71;248;184;land;false;plains;1
6501;173;221;207;land;false;plains;1
6502;187;173;161;land;false;plains;1
6503;31;38;28;land;false;plains;1
6504;8;15;31;land;false;plains;1
6505;172;116;237;land;false;plains;1
6506;17;38;14;land;false;plains;1
6507;22;53;21;land;false;plains;1
6508;175;241;130;land;false;plains;1
6509;170;203;233;land;false;plains;1
6510;120;203;209;land;false;plains;1
6511;232;139;136;land;false;plains;1
6512;245;61;212;land;false;plains;1
6513;218;192;177;land;false;plains;1
6514;222;64;243;land;false;plains;1
6515;23;45;17;land;false;plains;1
6516;2;48;37;land;false;plains;1
6517;23;32;22;land;false;plains;1
6518;226;167;237;land;false;plains;1
6519;11;23;6;land;false;plains;1
6520;199;83;226;land;false;plains;1
6521;15;37;2;land;false;plains;1
6522;141;236;135;land;false;plains;1
6523;171;192;235;land;false;plains;1
6524;146;164;203;land;false;plains;1
6525;69;224;212;land;false;plains;1
6526;233;215;124;land;false;plains;1
6527;15;10;11;land;false;plains;1
6528;34;36;19;land;false;plains;1
6529;57;29;13;land;false;plains;1
6530;57;204;246;land;false;plains;1
6531;191;187;248;land;false;plains;1
6532;3;28;18;land;false;plains;1
6533;23;32;27;land;false;plains;1
6534;0;2;2;land;false;plains;1
6535;19;3;10;land;false;plains;1
6536;164;172;194;land;false;plains;1
6537;102;168;246;land;false;plains;1
6538;141;149;241;land;false;plains;1
6539;35;40;1;land;false;plains;1
6540;233;182;88;land;false;plains;1
6541;250;199;114;land;false;plains;1
6542;227;84;200;land;false;plains;1
6543;167;112;250;land;false;plains;1
6544;220;84;211;land;false;plains;1
6545;2;69;28;land;false;plains;1
6546;132;181;237;land;false;plains;1
6547;199;250;122;land;false;plains;1
6548;136;246;119;land;false;plains;1
6549;165;245;159;land;false;plains;1
6550;192;176;215;land;false;plains;1
6551;174;196;249;land;false;plains;1
6552;15;17;38;land;false;plains;1
6553;22;13;2;land;false;plains;1
6554;207;110;206;land;false;plains;1
6555;206;138;188;land;false;plains;1
6556;143;226;173;land;false;plains;1
6557;245;93;204;land;false;plains;1
6558;166;249;231;land;false;plains;1
6559;191;159;238;land;false;plains;1
6560;25;7;49;land;false;plains;1
6561;142;148;241;land;false;plains;1
6562;2;30;25;land;false;plains;1
6563;182;107;237;land;false;plains;1
6564;221;181;199;land;false;plains;1
6565;206;215;152;land;false;plains;1
6566;216;227;99;land;false;plains;1
6567;246;91;177;land;false;plains;1
6568;20;24;3;land;false;plains;1
6569;2;63;14;land;false;plains;1
6570;116;235;163;land;false;plains;1
6571;251;196;151;land;false;plains;1
6572;248;204;101;land;false;plains;1
6573;182;249;225;land;false;plains;1
6574;131;210;243;land;false;plains;1
6575;176;201;171;land;false;plains;1
6576;250;165;214;land;false;plains;1
6577;232;208;80;land;false;plains;1
6578;84;9;5;land;false;plains;1
6579;4;55;27;land;false;plains;1
6580;230;201;181;land;false;plains;1
6581;221;224;203;land;false;plains;1
6582;2;35;44;land;false;plains;1
6583;246;171;221;land;false;plains;1
6584;88;238;246;land;false;plains;1
6585;231;182;101;land;false;plains;1
6586;179;83;246;land;false;plains;1
6587;154;242;129;land;false;plains;1
6588;44;36;3;land;false;plains;1
6589;164;221;161;land;false;plains;1
6590;21;22;35;land;false;plains;1
6591;93;202;227;land;false;plains;1
6592;31;0;12;land;false;plains;1
6593;19;52;7;land;false;plains;1
6594;99;225;201;land;false;plains;1
6595;40;24;27;land;false;plains;1
6596;248;216;171;land;false;plains;1
6597;239;204;119;land;false;plains;1
6598;3;53;3;land;false;plains;1
6599;25;48;4;land;false;plains;1
6600;91;250;220;land;false;plains;1
6601;177;140;200;land;false;plains;1
6602;3;49;22;land;false;plains;1
6603;250;87;253;land;false;plains;1
6604;20;3;31;land;false;plains;1
6605;254;253;236;land;false;plains;1
6606;233;230;199;land;false;plains;1
6607;236;243;39;land;false;plains;1
6608;202;249;152;land;false;plains;1
6609;246;114;213;land;false;plains;1
6610;40;7;18;land;false;plains;1
6611;0;64;2;land;false;plains;1
6612;142;171;217;land;false;plains;1
6613;152;167;236;land;false;plains;1
6614;36;16;23;land;false;plains;1
6615;183;198;140;land;false;plains;1
6616;27;30;1;land;false;plains;1
6617;153;207;233;land;false;plains;1
6618;66;245;213;land;false;plains;1
6619;243;242;238;land;false;plains;1
6620;128;253;228;land;false;plains;1
6621;176;207;129;land;false;plains;1
6622;231;242;240;land;false;plains;1
6623;236;195;218;land;false;plains;1
6624;0;0;84;land;false;plains;1
6625;101;202;253;land;false;plains;1
6626;199;224;231;land;false;plains;1
6627;236;235;117;land;false;plains;1
6628;0;55;5;land;false;plains;1
6629;57;13;1;land;false;plains;1
6630;25;29;15;land;false;plains;1
6631;237;109;246;land;false;plains;1
6632;222;103;238;land;false;plains;1
6633;225;51;248;land;false;plains;1
6634;14;63;5;land;false;plains;1
6635;186;179;196;land;false;plains;1
6636;27;35;35;land;false;plains;1
6637;86;2;11;land;false;plains;1
6638;210;186;141;land;false;plains;1
6639;248;253;251;land;false;plains;1
6640;230;63;212;land;false;plains;1
6641;6;73;7;land;false;plains;1
6642;32;35;14;land;false;plains;1
6643;187;187;189;land;false;plains;1
6644;222;159;241;land;false;plains;1
6645;73;4;1;land;false;plains;1
6646;206;160;138;land;false;plains;1
6647;105;190;248;land;false;plains;1
6648;45;0;8;land;false;plains;1
6649;156;222;129;land;false;plains;1
6650;172;243;142;land;false;plains;1
6651;22;52;15;land;false;plains;1
6652;99;188;248;land;false;plains;1
6653;202;215;198;land;false;plains;1
6654;211;242;225;land;false;plains;1
6655;39;1;57;land;false;plains;1
6656;104;190;243;land;false;plains;1
6657;57;21;21;land;false;plains;1
6658;249;41;238;land;false;plains;1
6659;167;219;217;land;false;plains;1
6660;180;193;248;land;false;plains;1
6661;186;161;245;land;false;plains;1
6662;44;29;19;land;false;plains;1
6663;182;127;247;land;false;plains;1
6664;224;139;175;land;false;plains;1
6665;228;202;136;land;false;plains;1
6666;1;14;12;land;false;plains;1
6667;252;162;165;land;false;plains;1
6668;146;218;253;land;false;plains;1
6669;201;245;224;land;false;plains;1
6670;195;216;148;land;false;plains;1
6671;135;254;215;land;false;plains;1
6672;101;238;253;land;false;plains;1
6673;0;39;9;land;false;plains;1
6674;210;242;168;land;false;plains;1
6675;194;209;227;land;false;plains;1
6676;43;31;15;land;false;plains;1
6677;2;8;41;land;false;plains;1
6678;252;225;184;land;false;plains;1
6679;254;121;254;land;false;plains;1
6680;6;28;14;land;false;plains;1
6681;6;6;86;land;false;plains;1
6682;226;216;93;land;false;plains;1
6683;208;149;219;land;false;plains;1
6684;3;71;20;land;false;plains;1
6685;187;162;253;land;false;plains;1
6686;238;196;252;land;false;plains;1
6687;249;79;213;land;false;plains;1
6688;36;16;10;land;false;plains;1
6689;44;15;33;land;false;plains;1
6690;29;12;9;land;false;plains;1
6691;22;35;20;land;false;plains;1
6692;2;24;49;land;false;plains;1
6693;197;220;112;land;false;plains;1
6694;232;192;242;land;false;plains;1
6695;106;216;235;land;false;plains;1
6696;185;139;246;land;false;plains;1
6697;28;40;1;land;false;plains;1
6698;254;213;159;land;false;plains;1
6699;197;184;167;land;false;plains;1
6700;196;244;115;land;false;plains;1
6701;177;192;202;land;false;plains;1
6702;102;232;252;land;false;plains;1
6703;175;184;199;land;false;plains;1
6704;237;245;121;land;false;plains;1
6705;208;181;208;land;false;plains;1
6706;243;120;172;land;false;plains;1
6707;224;185;162;land;false;plains;1
6708;238;164;142;land;false;plains;1
6709;202;241;217;land;false;plains;1
6710;199;114;202;land;false;plains;1
6711;45;12;17;land;false;plains;1
6712;11;19;20;land;false;plains;1
6713;34;23;10;land;false;plains;1
6714;243;182;82;land;false;plains;1
6715;189;249;151;land;false;plains;1
6716;25;6;3;land;false;plains;1
6717;43;237;232;land;false;plains;1
6718;249;252;8;land;false;plains;1
6719;121;215;233;land;false;plains;1
6720;22;46;12;land;false;plains;1
6721;192;251;251;land;false;plains;1
6722;138;237;239;land;false;plains;1
6723;76;215;221;land;false;plains;1
6724;17;44;25;land;false;plains;1
6725;24;38;26;land;false;plains;1
6726;175;239;127;land;false;plains;1
6727;97;235;170;land;false;plains;1
6728;103;242;222;land;false;plains;1
6729;196;231;226;land;false;plains;1
6730;212;251;152;land;false;plains;1
6731;246;221;96;land;false;plains;1
6732;214;231;126;land;false;plains;1
6733;187;245;185;land;false;plains;1
6734;188;247;143;land;false;plains;1
6735;21;33;28;land;false;plains;1
6736;36;19;8;land;false;plains;1
6737;222;124;237;land;false;plains;1
6738;102;253;247;land;false;plains;1
6739;146;243;155;land;false;plains;1
6740;211;231;80;land;false;plains;1
6741;27;47;1;land;false;plains;1
6742;16;14;28;land;false;plains;1
6743;25;55;9;land;false;plains;1
6744;7;35;35;land;false;plains;1
6745;134;231;182;land;false;plains;1
6746;167;175;251;land;false;plains;1
6747;182;122;249;land;false;plains;1
6748;245;119;219;land;false;plains;1
6749;199;206;118;land;false;plains;1
6750;116;237;205;land;false;plains;1
6751;21;5;3;land;false;plains;1
6752;192;169;174;land;false;plains;1
6753;67;221;247;land;false;plains;1
6754;244;181;87;land;false;plains;1
6755;79;237;245;land;false;plains;1
6756;52;34;8;land;false;plains;1
6757;114;220;217;land;false;plains;1
6758;61;4;34;land;false;plains;1
6759;239;235;57;land;false;plains;1
6760;240;213;55;land;false;plains;1
6761;156;234;198;land;false;plains;1
6762;227;89;247;land;false;plains;1
6763;163;234;252;land;false;plains;1
6764;1;15;20;land;false;plains;1
6765;150;179;233;land;false;plains;1
6766;5;60;31;land;false;plains;1
6767;63;14;5;land;false;plains;1
6768;242;253;115;land;false;plains;1
6769;233;200;140;land;false;plains;1
6770;237;201;106;land;false;plains;1
6771;170;140;236;land;false;plains;1
6772;224;228;242;land;false;plains;1
6773;217;166;133;land;false;plains;1
6774;10;24;59;land;false;plains;1
6775;52;219;238;land;false;plains;1
6776;222;198;110;land;false;plains;1
6777;216;238;71;land;false;plains;1
6778;243;249;229;land;false;plains;1
6779;26;2;68;land;false;plains;1
6780;110;217;183;land;false;plains;1
6781;211;157;253;land;false;plains;1
6782;187;193;213;land;false;plains;1
6783;191;214;213;land;false;plains;1
6784;194;138;186;land;false;plains;1
6785;235;209;239;land;false;plains;1
6786;252;168;105;land;false;plains;1
6787;250;105;200;land;false;plains;1
6788;229;201;219;land;false;plains;1
6789;175;197;178;land;false;plains;1
6790;208;175;216;land;false;plains;1
6791;216;241;161;land;false;plains;1
6792;147;183;196;land;false;plains;1
6793;212;211;99;land;false;plains;1
6794;72;219;227;land;false;plains;1
6795;10;6;10;land;false;plains;1
6796;11;12;0;land;false;plains;1
6797;212;144;250;land;false;plains;1
6798;204;248;139;land;false;plains;1
6799;208;241;63;land;false;plains;1
6800;14;41;3;land;false;plains;1
6801;81;239;241;land;false;plains;1
6802;228;249;183;land;false;plains;1
6803;207;188;110;land;false;plains;1
6804;215;137;151;land;false;plains;1
6805;210;238;189;land;false;plains;1
6806;151;157;228;land;false;plains;1
6807;40;215;247;land;false;plains;1
6808;211;189;190;land;false;plains;1
6809;192;143;199;land;false;plains;1
6810;157;223;170;land;false;plains;1
6811;228;164;202;land;false;plains;1
6812;7;10;58;land;false;plains;1
6813;61;210;243;land;false;plains;1
6814;8;32;26;land;false;plains;1
6815;244;233;82;land;false;plains;1
6816;47;14;25;land;false;plains;1
6817;29;17;37;land;false;plains;1
6818;245;209;199;land;false;plains;1
6819;196;196;184;land;false;plains;1
6820;169;164;229;land;false;plains;1
6821;235;216;207;land;false;plains;1
6822;134;201;189;land;false;plains;1
6823;183;223;226;land;false;plains;1
6824;242;243;222;land;false;plains;1
6825;156;164;245;land;false;plains;1
6826;14;10;20;land;false;plains;1
6827;243;159;185;land;false;plains;1
6828;1;16;75;land;false;plains;1
6829;5;49;6;land;false;plains;1
6830;244;72;207;land;false;plains;1
6831;5;67;16;land;false;plains;1
6832;201;207;103;land;false;plains;1
6833;212;228;247;land;false;plains;1
6834;145;238;252;land;false;plains;1
6835;218;244;120;land;false;plains;1
6836;206;214;189;land;false;plains;1
6837;1;1;13;land;false;plains;1
6838;222;241;223;land;false;plains;1
6839;17;2;14;land;false;plains;1
6840;34;11;18;land;false;plains;1
6841;220;158;177;land;false;plains;1
6842;228;59;230;land;false;plains;1
6843;23;42;5;land;false;plains;1
6844;254;94;174;land;false;plains;1
6845;166;152;208;land;false;plains;1
6846;42;31;22;land;false;plains;1
6847;38;19;3;land;false;plains;1
6848;207;154;236;land;false;plains;1
6849;201;225;243;land;false;plains;1
6850;182;246;108;land;false;plains;1
6851;125;200;226;land;false;plains;1
6852;207;191;200;land;false;plains;1
6853;223;254;219;land;false;plains;1
6854;210;184;178;land;false;plains;1
6855;197;77;244;land;false;plains;1
6856;170;165;167;land;false;plains;1
6857;84;242;210;land;false;plains;1
6858;191;152;166;land;false;plains;1
6859;150;249;168;land;false;plains;1
6860;175;228;111;land;false;plains;1
6861;128;234;209;land;false;plains;1
6862;29;24;18;land;false;plains;1
6863;212;156;181;land;false;plains;1
6864;45;249;236;land;false;plains;1
6865;187;197;160;land;false;plains;1
6866;178;223;223;land;false;plains;1
6867;93;231;251;land;false;plains;1
6868;206;199;161;land;false;plains;1
6869;205;188;119;land;false;plains;1
6870;8;6;5;land;false;plains;1
6871;27;22;25;land;false;plains;1
6872;109;185;225;land;false;plains;1
6873;115;248;163;land;false;plains;1
6874;180;87;251;land;false;plains;1
6875;91;246;243;land;false;plains;1
6876;16;5;28;land;false;plains;1
6877;247;223;192;land;false;plains;1
6878;186;237;113;land;false;plains;1
6879;40;3;37;land;false;plains;1
6880;208;170;245;land;false;plains;1
6881;191;213;196;land;false;plains;1
6882;8;73;17;land;false;plains;1
6883;182;209;210;land;false;plains;1
6884;163;172;230;land;false;plains;1
6885;224;181;226;land;false;plains;1
6886;238;81;222;land;false;plains;1
6887;120;208;173;land;false;plains;1
6888;10;5;63;land;false;plains;1
6889;242;92;201;land;false;plains;1
6890;231;158;249;land;false;plains;1
6891;59;16;8;land;false;plains;1
6892;231;86;233;land;false;plains;1
6893;26;33;7;land;false;plains;1
6894;232;138;159;land;false;plains;1
6895;246;134;203;land;false;plains;1
6896;29;14;31;land;false;plains;1
6897;192;219;253;land;false;plains;1
6898;234;238;123;land;false;plains;1
6899;54;207;252;land;false;plains;1
6900;253;233;122;land;false;plains;1
6901;55;7;26;land;false;plains;1
6902;28;15;45;land;false;plains;1
6903;105;197;250;land;false;plains;1
6904;4;41;21;land;false;plains;1
6905;76;214;223;land;false;plains;1
6906;188;203;145;land;false;plains;1
6907;51;14;12;land;false;plains;1
6908;146;236;234;land;false;plains;1
6909;174;222;177;land;false;plains;1
6910;19;38;33;land;false;plains;1
6911;5;3;20;land;false;plains;1
6912;88;235;226;land;false;plains;1
6913;25;4;26;land;false;plains;1
6914;218;152;211;land;false;plains;1
6915;149;194;189;land;false;plains;1
6916;13;32;48;land;false;plains;1
6917;20;22;7;land;false;plains;1
6918;249;147;140;land;false;plains;1
6919;240;147;176;land;false;plains;1
6920;99;201;242;land;false;plains;1
6921;218;247;216;land;false;plains;1
6922;147;223;236;land;false;plains;1
6923;56;210;249;land;false;plains;1
6924;41;13;4;land;false;plains;1
6925;45;16;2;land;false;plains;1
6926;244;209;231;land;false;plains;1
6927;207;246;207;land;false;plains;1
6928;2;15;44;land;false;plains;1
6929;0;38;15;land;false;plains;1
6930;12;54;2;land;false;plains;1
6931;176;246;84;land;false;plains;1
6932;72;13;8;land;false;plains;1
6933;149;238;130;land;false;plains;1
6934;217;234;159;land;false;plains;1
6935;127;166;225;land;false;plains;1
6936;1;64;29;land;false;plains;1
6937;252;133;181;land;false;plains;1
6938;200;213;152;land;false;plains;1
6939;9;32;2;land;false;plains;1
6940;242;152;219;land;false;plains;1
6941;31;17;40;land;false;plains;1
6942;93;243;212;land;false;plains;1
6943;113;196;201;land;false;plains;1
6944;6;53;18;land;false;plains;1
6945;180;200;155;land;false;plains;1
6946;244;176;192;land;false;plains;1
6947;244;61;216;land;false;plains;1
6948;222;209;155;land;false;plains;1
6949;191;224;226;land;false;plains;1
6950;49;21;7;land;false;plains;1
6951;57;0;34;land;false;plains;1
6952;201;104;241;land;false;plains;1
6953;147;249;211;land;false;plains;1
6954;166;219;241;land;false;plains;1
6955;161;204;149;land;false;plains;1
6956;190;187;177;land;false;plains;1
6957;90;231;181;land;false;plains;1
6958;40;34;16;land;false;plains;1
6959;202;235;78;land;false;plains;1
6960;252;143;115;land;false;plains;1
6961;250;86;210;land;false;plains;1
6962;162;207;206;land;false;plains;1
6963;191;253;123;land;false;plains;1
6964;0;71;14;land;false;plains;1
6965;42;45;1;land;false;plains;1
6966;208;232;130;land;false;plains;1
6967;177;184;141;land;false;plains;1
6968;227;105;207;land;false;plains;1
6969;7;34;11;land;false;plains;1
6970;50;20;29;land;false;plains;1
6971;179;127;195;land;false;plains;1
6972;127;240;236;land;false;plains;1
6973;30;55;2;land;false;plains;1
6974;250;82;214;land;false;plains;1
6975;120;219;236;land;false;plains;1
6976;244;89;179;land;false;plains;1
6977;66;186;252;land;false;plains;1
6978;231;170;167;land;false;plains;1
6979;40;4;10;land;false;plains;1
6980;243;65;233;land;false;plains;1
6981;250;212;171;land;false;plains;1
6982;4;26;45;land;false;plains;1
6983;221;101;252;land;false;plains;1
6984;139;251;199;land;false;plains;1
6985;27;19;37;land;false;plains;1
6986;6;19;16;land;false;plains;1
6987;219;200;168;land;false;plains;1
6988;152;177;245;land;false;plains;1
6989;140;159;242;land;false;plains;1
6990;43;9;37;land;false;plains;1
6991;10;9;57;land;false;plains;1
6992;245;85;188;land;false;plains;1
6993;187;81;242;land;false;plains;1
6994;191;221;101;land;false;plains;1
6995;187;158;161;land;false;plains;1
6996;145;157;241;land;false;plains;1
6997;207;200;203;land;false;plains;1
6998;244;166;208;land;false;plains;1
6999;254;98;158;land;false;plains;1
7000;4;79;0;land;false;plains;1
7001;206;153;189;land;false;plains;1
7002;54;233;226;land;false;plains;1
7003;159;170;216;land;false;plains;1
7004;238;238;172;land;false;plains;1
7005;161;231;130;land;false;plains;1
7006;197;206;141;land;false;plains;1
7007;165;253;219;land;false;plains;1
7008;244;153;113;land;false;plains;1
7009;65;218;251;land;false;plains;1
7010;113;204;219;land;false;plains;1
7011;128;231;181;land;false;plains;1
7012;243;199;113;land;false;plains;1
7013;240;237;222;land;false;plains;1
7014;232;187;251;land;false;plains;1
7015;232;148;125;land;false;plains;1
7016;58;11;11;land;false;plains;1
7017;19;7;70;land;false;plains;1
7018;233;70;199;land;false;plains;1
7019;0;16;34;land;false;plains;1
7020;11;5;1;land;false;plains;1
7021;26;4;41;land;false;plains;1
7022;184;244;105;land;false;plains;1
7023;179;151;239;land;false;plains;1
7024;241;116;199;land;false;plains;1
7025;42;245;221;land;false;plains;1
7026;18;25;10;land;false;plains;1
7027;32;12;3;land;false;plains;1
7028;230;239;211;land;false;plains;1
7029;203;164;148;land;false;plains;1
7030;13;15;57;land;false;plains;1
7031;20;12;36;land;false;plains;1
7032;27;7;28;land;false;plains;1
7033;200;218;178;land;false;plains;1
7034;141;252;177;land;false;plains;1
7035;237;78;196;land;false;plains;1
7036;172;220;153;land;false;plains;1
7037;44;37;6;land;false;plains;1
7038;36;20;27;land;false;plains;1
7039;148;172;232;land;false;plains;1
7040;223;105;251;land;false;plains;1
7041;213;108;188;land;false;plains;1
7042;192;163;170;land;false;plains;1
7043;145;232;238;land;false;plains;1
7044;244;101;238;land;false;plains;1
7045;48;0;0;land;false;plains;1
7046;121;217;215;land;false;plains;1
7047;190;190;144;land;false;plains;1
7048;17;9;52;land;false;plains;1
7049;21;9;10;land;false;plains;1
7050;163;131;218;land;false;plains;1
7051;6;34;8;land;false;plains;1
7052;152;169;199;land;false;plains;1
7053;240;252;75;land;false;plains;1
7054;43;3;47;land;false;plains;1
7055;193;171;225;land;false;plains;1
7056;253;231;125;land;false;plains;1
7057;16;18;33;land;false;plains;1
7058;112;252;252;land;false;plains;1
7059;227;250;199;land;false;plains;1
7060;40;227;234;land;false;plains;1
7061;1;47;43;land;false;plains;1
7062;13;10;22;land;false;plains;1
7063;252;191;130;land;false;plains;1
7064;201;181;150;land;false;plains;1
7065;197;182;207;land;false;plains;1
7066;117;190;236;land;false;plains;1
7067;156;244;188;land;false;plains;1
7068;252;72;238;land;false;plains;1
7069;50;27;14;land;false;plains;1
7070;180;236;168;land;false;plains;1
7071;157;228;150;land;false;plains;1
7072;35;3;30;land;false;plains;1
7073;155;150;233;land;false;plains;1
7074;194;206;169;land;false;plains;1
7075;212;231;190;land;false;plains;1
7076;168;196;192;land;false;plains;1
7077;134;238;247;land;false;plains;1
7078;207;182;134;land;false;plains;1
7079;223;219;194;land;false;plains;1
7080;4;3;34;land;false;plains;1
7081;79;9;4;land;false;plains;1
7082;187;159;167;land;false;plains;1
7083;251;136;176;land;false;plains;1
7084;146;217;197;land;false;plains;1
7085;199;153;241;land;false;plains;1
7086;25;1;1;land;false;plains;1
7087;82;219;234;land;false;plains;1
7088;89;221;203;land;false;plains;1
7089;160;227;230;land;false;plains;1
7090;132;193;234;land;false;plains;1
7091;41;3;25;land;false;plains;1
7092;235;232;56;land;false;plains;1
7093;31;30;12;land;false;plains;1
7094;254;239;41;land;false;plains;1
7095;9;6;47;land;false;plains;1
7096;8;79;4;land;false;plains;1
7097;14;30;14;land;false;plains;1
7098;174;220;158;land;false;plains;1
7099;1;64;27;land;false;plains;1
7100;1;18;31;land;false;plains;1
7101;43;248;228;land;false;plains;1
7102;6;251;249;land;false;plains;1
7103;242;173;239;land;false;plains;1
7104;190;127;253;land;false;plains;1
7105;241;29;234;land;false;plains;1
7106;144;167;248;land;false;plains;1
7107;168;245;198;land;false;plains;1
7108;151;222;208;land;false;plains;1
7109;50;27;7;land;false;plains;1
7110;161;204;172;land;false;plains;1
7111;0;36;37;land;false;plains;1
7112;16;36;23;land;false;plains;1
7113;0;54;40;land;false;plains;1
7114;0;14;16;land;false;plains;1
7115;189;230;224;land;false;plains;1
7116;29;42;18;land;false;plains;1
7117;177;233;238;land;false;plains;1
7118;246;144;206;land;false;plains;1
7119;182;240;194;land;false;plains;1
7120;137;200;236;land;false;plains;1
7121;136;233;175;land;false;plains;1
7122;196;200;193;land;false;plains;1
7123;191;192;181;land;false;plains;1
7124;58;1;3;land;false;plains;1
7125;160;99;252;land;false;plains;1
7126;186;161;230;land;false;plains;1
7127;28;35;35;land;false;plains;1
7128;170;195;156;land;false;plains;1
7129;235;140;147;land;false;plains;1
7130;208;152;191;land;false;plains;1
7131;16;52;25;land;false;plains;1
7132;177;123;241;land;false;plains;1
7133;12;11;9;land;false;plains;1
7134;156;251;112;land;false;plains;1
7135;134;231;191;land;false;plains;1
7136;189;174;144;land;false;plains;1
7137;38;14;19;land;false;plains;1
7138;11;23;38;land;false;plains;1
7139;231;229;243;land;false;plains;1
7140;30;38;6;land;false;plains;1
7141;14;10;10;land;false;plains;1
7142;196;151;251;land;false;plains;1
7143;95;237;229;land;false;plains;1
7144;193;218;211;land;false;plains;1
7145;212;182;137;land;false;plains;1
7146;30;20;2;land;false;plains;1
7147;22;8;53;land;false;plains;1
7148;251;242;51;land;false;plains;1
7149;200;173;186;land;false;plains;1
7150;72;229;230;land;false;plains;1
7151;186;128;226;land;false;plains;1
7152;211;180;148;land;false;plains;1
7153;46;35;7;land;false;plains;1
7154;104;200;225;land;false;plains;1
7155;26;64;4;land;false;plains;1
7156;181;192;132;land;false;plains;1
7157;70;211;233;land;false;plains;1
7158;198;231;239;land;false;plains;1
7159;16;23;7;land;false;plains;1
7160;133;230;239;land;false;plains;1
7161;73;15;9;land;false;plains;1
7162;225;85;226;land;false;plains;1
7163;248;186;149;land;false;plains;1
7164;56;14;0;land;false;plains;1
7165;222;141;235;land;false;plains;1
7166;206;205;246;land;false;plains;1
7167;19;19;6;land;false;plains;1
7168;11;66;21;land;false;plains;1
7169;174;243;138;land;false;plains;1
7170;170;251;211;land;false;plains;1
7171;198;241;79;land;false;plains;1
7172;74;251;187;land;false;plains;1
7173;232;122;235;land;false;plains;1
7174;197;252;175;land;false;plains;1
7175;17;49;5;land;false;plains;1
7176;158;187;194;land;false;plains;1
7177;217;184;253;land;false;plains;1
7178;125;174;217;land;false;plains;1
7179;28;20;33;land;false;plains;1
7180;4;27;5;land;false;plains;1
7181;246;240;236;land;false;plains;1
7182;4;42;45;land;false;plains;1
7183;120;170;254;land;false;plains;1
7184;253;194;127;land;false;plains;1
7185;144;157;206;land;false;plains;1
7186;156;226;172;land;false;plains;1
7187;163;144;241;land;false;plains;1
7188;208;139;233;land;false;plains;1
7189;9;0;65;land;false;plains;1
7190;210;243;75;land;false;plains;1
7191;170;156;183;land;false;plains;1
7192;38;15;25;land;false;plains;1
7193;184;195;176;land;false;plains;1
7194;115;229;227;land;false;plains;1
7195;250;233;180;land;false;plains;1
7196;12;45;35;land;false;plains;1
7197;80;246;185;land;false;plains;1
7198;230;189;193;land;false;plains;1
7199;231;223;189;land;false;plains;1
7200;148;229;226;land;false;plains;1
7201;244;192;134;land;false;plains;1
7202;202;130;215;land;false;plains;1
7203;10;47;34;land;false;plains;1
7204;5;18;76;land;false;plains;1
7205;247;234;65;land;false;plains;1
7206;10;23;52;land;false;plains;1
7207;12;13;48;land;false;plains;1
7208;180;137;252;land;false;plains;1
7209;146;224;183;land;false;plains;1
7210;8;15;66;land;false;plains;1
7211;120;245;197;land;false;plains;1
7212;129;154;239;land;false;plains;1
7213;18;57;17;land;false;plains;1
7214;202;184;122;land;false;plains;1
7215;238;247;230;land;false;plains;1
7216;13;20;31;land;false;plains;1
7217;167;195;210;land;false;plains;1
7218;249;134;222;land;false;plains;1
7219;125;188;238;land;false;plains;1
7220;218;249;68;land;false;plains;1
7221;114;189;201;land;false;plains;1
7222;127;192;182;land;false;plains;1
7223;18;2;4;land;false;plains;1
7224;209;197;205;land;false;plains;1
7225;14;3;36;land;false;plains;1
7226;238;166;118;land;false;plains;1
7227;13;26;35;land;false;plains;1
7228;245;235;41;land;false;plains;1
7229;192;185;133;land;false;plains;1
7230;214;228;137;land;false;plains;1
7231;251;246;122;land;false;plains;1
7232;244;110;225;land;false;plains;1
7233;238;175;176;land;false;plains;1
7234;25;22;46;land;false;plains;1
7235;31;25;26;land;false;plains;1
7236;245;112;243;land;false;plains;1
7237;40;25;12;land;false;plains;1
7238;65;238;211;land;false;plains;1
7239;238;253;191;land;false;plains;1
7240;63;207;233;land;false;plains;1
7241;214;214;112;land;false;plains;1
7242;179;135;225;land;false;plains;1
7243;104;227;179;land;false;plains;1
7244;2;2;5;land;false;plains;1
7245;177;253;95;land;false;plains;1
7246;199;178;237;land;false;plains;1
7247;245;137;252;land;false;plains;1
7248;242;213;201;land;false;plains;1
7249;233;233;146;land;false;plains;1
7250;196;222;226;land;false;plains;1
7251;237;155;118;land;false;plains;1
7252;229;171;128;land;false;plains;1
7253;146;229;141;land;false;plains;1
7254;238;117;187;land;false;plains;1
7255;65;3;27;land;false;plains;1
7256;211;225;194;land;false;plains;1
7257;196;201;149;land;false;plains;1
7258;144;229;185;land;false;plains;1
7259;195;229;113;land;false;plains;1
7260;163;141;226;land;false;plains;1
7261;11;40;40;land;false;plains;1
7262;182;107;229;land;false;plains;1
7263;0;1;79;land;false;plains;1
7264;2;8;34;land;false;plains;1
7265;234;154;114;land;false;plains;1
7266;154;138;222;land;false;plains;1
7267;239;113;177;land;false;plains;1
7268;233;107;200;land;false;plains;1
7269;235;200;176;land;false;plains;1
7270;191;221;227;land;false;plains;1
7271;232;64;219;land;false;plains;1
7272;200;217;127;land;false;plains;1
7273;12;19;1;land;false;plains;1
7274;57;32;1;land;false;plains;1
7275;88;254;218;land;false;plains;1
7276;204;195;252;land;false;plains;1
7277;157;254;127;land;false;plains;1
7278;128;233;187;land;false;plains;1
7279;19;16;25;land;false;plains;1
7280;227;247;206;land;false;plains;1
7281;238;239;249;land;false;plains;1
7282;222;241;210;land;false;plains;1
7283;11;29;37;land;false;plains;1
7284;27;52;3;land;false;plains;1
7285;200;87;239;land;false;plains;1
7286;138;165;225;land;false;plains;1
7287;44;4;27;land;false;plains;1
7288;238;82;208;land;false;plains;1
7289;16;13;42;land;false;plains;1
7290;16;16;61;land;false;plains;1
7291;247;235;135;land;false;plains;1
7292;144;224;187;land;false;plains;1
7293;120;183;250;land;false;plains;1
7294;4;34;29;land;false;plains;1
7295;191;132;237;land;false;plains;1
7296;101;213;234;land;false;plains;1
7297;1;49;45;land;false;plains;1
7298;4;18;40;land;false;plains;1
7299;21;50;16;land;false;plains;1
7300;74;13;8;land;false;plains;1
7301;194;189;219;land;false;plains;1
7302;242;170;245;land;false;plains;1
7303;53;12;33;land;false;plains;1
7304;193;220;192;land;false;plains;1
7305;19;11;19;land;false;plains;1
7306;5;72;20;land;false;plains;1
7307;109;193;249;land;false;plains;1
7308;181;219;181;land;false;plains;1
7309;241;223;113;land;false;plains;1
7310;54;220;248;land;false;plains;1
7311;0;23;71;land;false;plains;1
7312;122;254;159;land;false;plains;1
7313;251;242;80;land;false;plains;1
7314;168;154;221;land;false;plains;1
7315;2;42;54;land;false;plains;1
7316;191;132;230;land;false;plains;1
7317;194;176;173;land;false;plains;1
7318;37;12;25;land;false;plains;1
7319;170;247;123;land;false;plains;1
7320;251;162;203;land;false;plains;1
7321;164;225;198;land;false;plains;1
7322;178;139;209;land;false;plains;1
7323;243;104;167;land;false;plains;1
7324;204;241;222;land;false;plains;1
7325;210;254;222;land;false;plains;1
7326;52;230;227;land;false;plains;1
7327;238;221;149;land;false;plains;1
7328;229;228;190;land;false;plains;1
7329;207;108;229;land;false;plains;1
7330;122;242;183;land;false;plains;1
7331;189;95;237;land;false;plains;1
7332;65;248;235;land;false;plains;1
7333;9;9;59;land;false;plains;1
7334;229;199;117;land;false;plains;1
7335;236;89;246;land;false;plains;1
7336;14;10;9;land;false;plains;1
7337;238;236;192;land;false;plains;1
7338;38;16;21;land;false;plains;1
7339;234;219;178;land;false;plains;1
7340;226;132;234;land;false;plains;1
7341;0;38;35;land;false;plains;1
7342;20;22;6;land;false;plains;1
7343;161;251;220;land;false;plains;1
7344;33;254;224;land;false;plains;1
7345;158;194;233;land;false;plains;1
7346;23;11;39;land;false;plains;1
7347;243;58;200;land;false;plains;1
7348;198;77;233;land;false;plains;1
7349;4;19;57;land;false;plains;1
7350;239;140;237;land;false;plains;1
7351;226;42;246;land;false;plains;1
7352;140;254;212;land;false;plains;1
7353;29;245;251;land;false;plains;1
7354;236;166;202;land;false;plains;1
7355;76;218;250;land;false;plains;1
7356;222;125;252;land;false;plains;1
7357;145;221;158;land;false;plains;1
7358;175;229;144;land;false;plains;1
7359;62;14;1;land;false;plains;1
7360;125;228;211;land;false;plains;1
7361;63;19;12;land;false;plains;1
7362;253;81;226;land;false;plains;1
7363;21;13;63;land;false;plains;1
7364;212;161;150;land;false;plains;1
7365;131;233;151;land;false;plains;1
7366;238;206;93;land;false;plains;1
7367;39;4;44;land;false;plains;1
7368;16;18;5;land;false;plains;1
7369;1;14;9;land;false;plains;1
7370;27;15;29;land;false;plains;1
7371;231;94;244;land;false;plains;1
7372;194;251;183;land;false;plains;1
7373;210;233;92;land;false;plains;1
7374;140;230;131;land;false;plains;1
7375;5;60;2;land;false;plains;1
7376;211;183;187;land;false;plains;1
7377;239;221;190;land;false;plains;1
7378;228;236;80;land;false;plains;1
7379;20;15;38;land;false;plains;1
7380;39;9;4;land;false;plains;1
7381;12;41;8;land;false;plains;1
7382;232;230;76;land;false;plains;1
7383;149;163;197;land;false;plains;1
7384;238;126;167;land;false;plains;1
7385;241;134;225;land;false;plains;1
7386;251;245;181;land;false;plains;1
7387;175;165;205;land;false;plains;1
7388;2;22;70;land;false;plains;1
7389;217;237;212;land;false;plains;1
7390;235;224;109;land;false;plains;1
7391;7;0;53;land;false;plains;1
7392;249;142;145;land;false;plains;1
7393;10;48;25;land;false;plains;1
7394;47;27;11;land;false;plains;1
7395;157;190;193;land;false;plains;1
7396;86;207;211;land;false;plains;1
7397;232;136;201;land;false;plains;1
7398;254;61;253;land;false;plains;1
7399;170;167;233;land;false;plains;1
7400;134;225;216;land;false;plains;1
7401;114;224;226;land;false;plains;1
7402;46;21;14;land;false;plains;1
7403;187;197;149;land;false;plains;1
7404;229;164;187;land;false;plains;1
7405;192;182;148;land;false;plains;1
7406;122;195;213;land;false;plains;1
7407;200;139;231;land;false;plains;1
7408;198;214;103;land;false;plains;1
7409;14;33;7;land;false;plains;1
7410;223;164;183;land;false;plains;1
7411;106;182;254;land;false;plains;1
7412;125;234;149;land;false;plains;1
7413;15;39;16;land;false;plains;1
7414;196;99;235;land;false;plains;1
7415;110;204;239;land;false;plains;1
7416;14;36;41;land;false;plains;1
7417;193;133;233;land;false;plains;1
7418;100;235;187;land;false;plains;1
7419;185;196;129;land;false;plains;1
7420;247;129;156;land;false;plains;1
7421;183;115;254;land;false;plains;1
7422;202;212;112;land;false;plains;1
7423;179;146;196;land;false;plains;1
7424;238;153;122;land;false;plains;1
7425;231;126;213;land;false;plains;1
7426;78;13;7;land;false;plains;1
7427;139;141;228;land;false;plains;1
7428;73;218;245;land;false;plains;1
7429;1;32;65;land;false;plains;1
7430;5;26;27;land;false;plains;1
7431;12;43;28;land;false;plains;1
7432;13;7;69;land;false;plains;1
7433;242;200;180;land;false;plains;1
7434;240;68;244;land;false;plains;1
7435;211;241;89;land;false;plains;1
7436;182;154;236;land;false;plains;1
7437;172;112;235;land;false;plains;1
7438;15;65;13;land;false;plains;1
7439;0;14;43;land;false;plains;1
7440;11;23;4;land;false;plains;1
7441;179;149;186;land;false;plains;1
7442;37;9;18;land;false;plains;1
7443;254;215;71;land;false;plains;1
7444;218;222;181;land;false;plains;1
7445;203;129;175;land;false;plains;1
7446;235;59;233;land;false;plains;1
7447;233;224;210;land;false;plains;1
7448;83;175;245;land;false;plains;1
7449;125;233;200;land;false;plains;1
7450;237;244;122;land;false;plains;1
7451;243;221;126;land;false;plains;1
7452;78;229;195;land;false;plains;1
7453;110;160;241;land;false;plains;1
7454;176;171;248;land;false;plains;1
7455;245;232;246;land;false;plains;1
7456;176;154;250;land;false;plains;1
7457;159;221;174;land;false;plains;1
7458;203;168;220;land;false;plains;1
7459;209;202;239;land;false;plains;1
7460;176;208;120;land;false;plains;1
7461;234;245;226;land;false;plains;1
7462;17;61;13;land;false;plains;1
7463;221;237;58;land;false;plains;1
7464;10;6;7;land;false;plains;1
7465;245;173;222;land;false;plains;1
7466;237;191;204;land;false;plains;1
7467;243;213;167;land;false;plains;1
7468;212;169;127;land;false;plains;1
7469;158;234;222;land;false;plains;1
7470;74;246;239;land;false;plains;1
7471;168;254;125;land;false;plains;1
7472;146;208;180;land;false;plains;1
7473;182;234;93;land;false;plains;1
7474;192;149;213;land;false;plains;1
7475;146;250;210;land;false;plains;1
7476;5;49;12;land;false;plains;1
7477;2;81;8;land;false;plains;1
7478;135;237;236;land;false;plains;1
7479;109;191;208;land;false;plains;1
7480;97;198;207;land;false;plains;1
7481;115;225;242;land;false;plains;1
7482;234;190;200;land;false;plains;1
7483;108;149;253;land;false;plains;1
7484;67;197;252;land;false;plains;1
7485;173;108;226;land;false;plains;1
7486;5;4;37;land;false;plains;1
7487;157;251;210;land;false;plains;1
7488;176;161;170;land;false;plains;1
7489;155;202;209;land;false;plains;1
7490;151;237;182;land;false;plains;1
7491;50;4;1;land;false;plains;1
7492;140;178;253;land;false;plains;1
7493;244;248;57;land;false;plains;1
7494;174;211;199;land;false;plains;1
7495;228;180;161;land;false;plains;1
7496;210;198;202;land;false;plains;1
7497;231;191;244;land;false;plains;1
7498;96;209;245;land;false;plains;1
7499;206;155;213;land;false;plains;1
7500;40;8;9;land;false;plains;1
7501;215;184;130;land;false;plains;1
7502;250;113;203;land;false;plains;1
7503;181;217;187;land;false;plains;1
7504;163;170;214;land;false;plains;1
7505;241;94;196;land;false;plains;1
7506;243;198;211;land;false;plains;1
7507;209;203;171;land;false;plains;1
7508;21;66;11;land;false;plains;1
7509;4;44;37;land;false;plains;1
7510;9;36;16;land;false;plains;1
7511;211;110;242;land;false;plains;1
7512;250;94;176;land;false;plains;1
7513;226;100;243;land;false;plains;1
7514;71;8;19;land;false;plains;1
7515;177;237;236;land;false;plains;1
7516;248;213;232;land;false;plains;1
7517;22;1;41;land;false;plains;1
7518;70;244;234;land;false;plains;1
7519;162;134;214;land;false;plains;1
7520;47;36;11;land;false;plains;1
7521;235;178;97;land;false;plains;1
7522;189;198;148;land;false;plains;1
7523;34;13;0;land;false;plains;1
7524;197;195;167;land;false;plains;1
7525;225;141;150;land;false;plains;1
7526;251;229;38;land;false;plains;1
7527;225;160;132;land;false;plains;1
7528;194;218;212;land;false;plains;1
7529;22;12;22;land;false;plains;1
7530;239;184;162;land;false;plains;1
7531;127;228;226;land;false;plains;1
7532;211;237;77;land;false;plains;1
7533;248;253;56;land;false;plains;1
7534;103;250;187;land;false;plains;1
7535;61;209;239;land;false;plains;1
7536;250;227;194;land;false;plains;1
7537;3;2;24;land;false;plains;1
7538;155;177;245;land;false;plains;1
7539;249;207;179;land;false;plains;1
7540;3;253;250;land;false;plains;1
7541;250;46;220;land;false;plains;1
7542;88;236;212;land;false;plains;1
7543;206;128;202;land;false;plains;1
7544;238;120;191;land;false;plains;1
7545;209;199;114;land;false;plains;1
7546;88;223;208;land;false;plains;1
7547;0;29;39;land;false;plains;1
7548;12;80;3;land;false;plains;1
7549;145;188;205;land;false;plains;1
7550;13;40;10;land;false;plains;1
7551;3;27;4;land;false;plains;1
7552;8;69;8;land;false;plains;1
7553;71;231;219;land;false;plains;1
7554;32;17;20;land;false;plains;1
7555;220;55;218;land;false;plains;1
7556;250;215;166;land;false;plains;1
7557;52;0;29;land;false;plains;1
7558;135;246;166;land;false;plains;1
7559;13;42;20;land;false;plains;1
7560;239;203;169;land;false;plains;1
7561;176;242;141;land;false;plains;1
7562;247;190;239;land;false;plains;1
7563;172;248;249;land;false;plains;1
7564;75;6;12;land;false;plains;1
7565;42;36;15;land;false;plains;1
7566;95;20;9;land;false;plains;1
7567;241;157;179;land;false;plains;1
7568;40;20;4;land;false;plains;1
7569;6;20;22;land;false;plains;1
7570;24;36;70;land;false;plains;1
7571;1;12;76;land;false;plains;1
7572;0;71;0;land;false;plains;1
7573;17;17;21;land;false;plains;1
7574;250;75;237;land;false;plains;1
7575;181;249;151;land;false;plains;1
7576;173;246;202;land;false;plains;1
7577;239;184;149;land;false;plains;1
7578;241;159;104;land;false;plains;1
7579;228;244;38;land;false;plains;1
7580;241;151;161;land;false;plains;1
7581;226;200;165;land;false;plains;1
7582;242;116;145;land;false;plains;1
7583;160;248;178;land;false;plains;1
7584;9;45;44;land;false;plains;1
7585;140;210;169;land;false;plains;1
7586;153;163;243;land;false;plains;1
7587;237;198;239;land;false;plains;1
7588;245;221;184;land;false;plains;1
7589;187;205;193;land;false;plains;1
7590;0;40;32;land;false;plains;1
7591;57;250;198;land;false;plains;1
7592;175;248;191;land;false;plains;1
7593;205;225;77;land;false;plains;1
7594;64;211;235;land;false;plains;1
7595;226;109;197;land;false;plains;1
7596;152;165;251;land;false;plains;1
7597;8;4;71;land;false;plains;1
7598;12;82;5;land;false;plains;1
7599;238;125;195;land;false;plains;1
7600;144;193;244;land;false;plains;1
7601;224;195;196;land;false;plains;1
7602;192;196;198;land;false;plains;1
7603;79;212;240;land;false;plains;1
7604;183;181;141;land;false;plains;1
7605;224;224;54;land;false;plains;1
7606;253;124;216;land;false;plains;1
7607;204;115;214;land;false;plains;1
7608;228;71;226;land;false;plains;1
7609;194;91;239;land;false;plains;1
7610;238;179;240;land;false;plains;1
7611;56;213;235;land;false;plains;1
7612;227;213;95;land;false;plains;1
7613;114;229;217;land;false;plains;1
7614;253;134;187;land;false;plains;1
7615;162;115;234;land;false;plains;1
7616;236;238;176;land;false;plains;1
7617;190;166;170;land;false;plains;1
7618;12;20;29;land;false;plains;1
7619;110;216;201;land;false;plains;1
7620;147;207;166;land;false;plains;1
7621;174;140;230;land;false;plains;1
7622;234;193;171;land;false;plains;1
7623;185;138;204;land;false;plains;1
7624;39;12;25;land;false;plains;1
7625;209;133;195;land;false;plains;1
7626;187;112;235;land;false;plains;1
7627;169;118;218;land;false;plains;1
7628;228;191;239;land;false;plains;1
7629;249;209;215;land;false;plains;1
7630;225;209;188;land;false;plains;1
7631;5;49;2;land;false;plains;1
7632;242;237;24;land;false;plains;1
7633;153;247;164;land;false;plains;1
7634;202;246;246;land;false;plains;1
7635;177;131;199;land;false;plains;1
7636;226;223;219;land;false;plains;1
7637;136;248;175;land;false;plains;1
7638;14;16;40;land;false;plains;1
7639;37;15;43;land;false;plains;1
7640;182;203;168;land;false;plains;1
7641;8;13;31;land;false;plains;1
7642;62;17;20;land;false;plains;1
7643;49;15;13;land;false;plains;1
7644;153;141;228;land;false;plains;1
7645;199;108;213;land;false;plains;1
7646;190;127;230;land;false;plains;1
7647;243;157;116;land;false;plains;1
7648;223;127;166;land;false;plains;1
7649;151;191;206;land;false;plains;1
7650;38;254;217;land;false;plains;1
7651;150;188;189;land;false;plains;1
7652;252;207;184;land;false;plains;1
7653;18;0;29;land;false;plains;1
7654;13;18;42;land;false;plains;1
7655;7;16;33;land;false;plains;1
7656;232;232;43;land;false;plains;1
7657;6;25;24;land;false;plains;1
7658;158;197;178;land;false;plains;1
7659;189;209;208;land;false;plains;1
7660;216;211;125;land;false;plains;1
7661;176;224;207;land;false;plains;1
7662;217;93;245;land;false;plains;1
7663;225;241;101;land;false;plains;1
7664;204;243;162;land;false;plains;1
7665;251;120;236;land;false;plains;1
7666;218;231;59;land;false;plains;1
7667;147;183;178;land;false;plains;1
7668;227;191;232;land;false;plains;1
7669;91;191;224;land;false;plains;1
7670;5;15;33;land;false;plains;1
7671;53;244;224;land;false;plains;1
7672;224;209;86;land;false;plains;1
7673;8;27;44;land;false;plains;1
7674;216;182;220;land;false;plains;1
7675;20;19;57;land;false;plains;1
7676;180;215;180;land;false;plains;1
7677;198;248;200;land;false;plains;1
7678;129;221;159;land;false;plains;1
7679;254;235;209;land;false;plains;1
7680;24;11;25;land;false;plains;1
7681;234;217;139;land;false;plains;1
7682;244;152;165;land;false;plains;1
7683;214;253;221;land;false;plains;1
7684;62;228;214;land;false;plains;1
7685;163;193;167;land;false;plains;1
7686;239;158;225;land;false;plains;1
7687;87;243;175;land;false;plains;1
7688;198;236;80;land;false;plains;1
7689;198;229;235;land;false;plains;1
7690;119;222;195;land;false;plains;1
7691;198;154;249;land;false;plains;1
7692;30;6;28;land;false;plains;1
7693;231;146;221;land;false;plains;1
7694;13;56;29;land;false;plains;1
7695;8;58;21;land;false;plains;1
7696;152;188;233;land;false;plains;1
7697;41;3;48;land;false;plains;1
7698;233;244;151;land;false;plains;1
7699;188;124;213;land;false;plains;1
7700;25;42;4;land;false;plains;1
7701;14;24;49;land;false;plains;1
7702;229;145;170;land;false;plains;1
7703;127;186;202;land;false;plains;1
7704;140;152;250;land;false;plains;1
7705;22;25;31;land;false;plains;1
7706;34;22;12;land;false;plains;1
7707;108;234;173;land;false;plains;1
7708;86;209;231;land;false;plains;1
7709;248;182;102;land;false;plains;1
7710;194;96;232;land;false;plains;1
7711;129;249;153;land;false;plains;1
7712;193;203;134;land;false;plains;1
7713;66;19;6;land;false;plains;1
7714;253;218;208;land;false;plains;1
7715;113;238;229;land;false;plains;1
7716;202;183;77;land;false;plains;1
7717;156;144;109;land;false;plains;1
7718;149;165;105;land;false;plains;1
7719;220;221;154;land;false;plains;1
7720;158;251;203;land;false;plains;1
7721;218;84;229;land;false;plains;1
7722;144;236;240;land;false;plains;1
7723;232;175;109;land;false;plains;1
7724;254;93;159;land;false;plains;1
7725;31;1;0;land;false;plains;1
7726;200;241;240;land;false;plains;1
7727;27;23;9;land;false;plains;1
7728;238;126;187;land;false;plains;1
7729;221;204;255;land;false;plains;1
7730;98;236;225;land;false;plains;1
7731;228;154;173;land;false;plains;1
7732;249;56;224;land;false;plains;1
7733;2;0;5;land;false;plains;1
7734;112;238;215;land;false;plains;1
7735;186;125;216;land;false;plains;1
7736;222;92;197;land;false;plains;1
7737;185;163;161;land;false;plains;1
7738;254;115;231;land;false;plains;1
7739;164;210;147;land;false;plains;1
7740;17;50;19;land;false;plains;1
7741;249;227;39;land;false;plains;1
7742;170;190;184;land;false;plains;1
7743;200;104;116;land;false;plains;1
7744;239;166;168;land;false;plains;1
7745;9;38;37;land;false;plains;1
7746;21;13;56;land;false;plains;1
7747;64;5;26;land;false;plains;1
7748;209;184;209;land;false;plains;1
7749;230;155;133;land;false;plains;1
7750;27;225;250;land;false;plains;1
7751;181;139;255;land;false;plains;1
7752;4;7;64;land;false;plains;1
7753;233;140;157;land;false;plains;1
7754;254;193;179;land;false;plains;1
7755;103;146;162;land;false;plains;1
7756;117;100;114;land;false;plains;1
7757;19;48;16;land;false;plains;1
7758;187;227;238;land;false;plains;1
7759;225;198;96;land;false;plains;1
7760;123;200;220;land;false;plains;1
7761;64;20;1;land;false;plains;1
7762;84;250;194;land;false;plains;1
7763;165;153;199;land;false;plains;1
7764;54;3;2;land;false;plains;1
7765;214;182;226;land;false;plains;1
7766;194;229;84;land;false;plains;1
7767;151;152;242;land;false;plains;1
7768;252;168;172;land;false;plains;1
7769;130;221;153;land;false;plains;1
7770;57;219;252;land;false;plains;1
7771;253;255;121;land;false;plains;1
7772;207;211;151;land;false;plains;1
7773;125;135;242;land;false;plains;1
7774;233;36;236;land;false;plains;1
7775;5;23;39;land;false;plains;1
7776;160;233;241;land;false;plains;1
7777;0;139;132;land;false;plains;1
7778;132;190;249;land;false;plains;1
7779;196;207;127;land;false;plains;1
7780;193;132;250;land;false;plains;1
7781;125;214;245;land;false;plains;1
7782;242;222;141;land;false;plains;1
7783;221;248;121;land;false;plains;1
7784;71;162;125;land;false;plains;1
7785;237;109;235;land;false;plains;1
7786;24;46;29;land;false;plains;1
7787;28;9;34;land;false;plains;1
7788;183;242;163;land;false;plains;1
7789;166;228;110;land;false;plains;1
7790;233;253;220;land;false;plains;1
7791;187;137;194;land;false;plains;1
7792;241;233;206;land;false;plains;1
7793;251;219;241;land;false;plains;1
7794;3;10;45;land;false;plains;1
7795;142;185;221;land;false;plains;1
7796;245;222;218;land;false;plains;1
7797;15;1;26;land;false;plains;1
7798;247;218;205;land;false;plains;1
7799;25;34;22;land;false;plains;1
7800;27;8;17;land;false;plains;1
7801;151;229;162;land;false;plains;1
7802;139;237;161;land;false;plains;1
7803;93;2;4;land;false;plains;1
7804;192;205;190;land;false;plains;1
7805;137;148;230;land;false;plains;1
7806;200;248;151;land;false;plains;1
7807;129;239;189;land;false;plains;1
7808;206;247;143;land;false;plains;1
7809;187;238;224;land;false;plains;1
7810;120;147;253;land;false;plains;1
7811;242;121;233;land;false;plains;1
7812;145;186;235;land;false;plains;1
7813;210;204;204;land;false;plains;1
7814;57;20;22;land;false;plains;1
7815;231;238;146;land;false;plains;1
7816;255;195;255;land;false;plains;1
7817;176;243;97;land;false;plains;1
7818;14;11;24;land;false;plains;1
7819;97;185;227;land;false;plains;1
7820;222;202;226;land;false;plains;1
7821;126;185;112;land;false;plains;1
7822;33;12;49;land;false;plains;1
7823;23;4;34;land;false;plains;1
7824;38;6;26;land;false;plains;1
7825;24;32;27;land;false;plains;1
7826;30;14;20;land;false;plains;1
7827;168;230;221;land;false;plains;1
7828;140;67;48;land;false;plains;1
7829;145;51;114;land;false;plains;1
7830;162;254;99;land;false;plains;1
7831;31;51;1;land;false;plains;1
7832;156;175;172;land;false;plains;1
7833;16;7;49;land;false;plains;1
7834;135;241;173;land;false;plains;1
7835;163;116;121;land;false;plains;1
7836;200;249;63;land;false;plains;1
7837;139;224;178;land;false;plains;1
7838;16;35;34;land;false;plains;1
7839;232;232;139;land;false;plains;1
7840;156;244;251;land;false;plains;1
7841;254;68;241;land;false;plains;1
7842;159;155;184;land;false;plains;1
7843;186;255;0;land;false;plains;1
7844;106;218;255;land;false;plains;1
7845;160;203;202;land;false;plains;1
7846;250;86;189;land;false;plains;1
7847;145;151;215;land;false;plains;1
7848;78;199;230;land;false;plains;1
7849;158;236;129;land;false;plains;1
7850;243;246;153;land;false;plains;1
7851;246;204;218;land;false;plains;1
7852;213;193;140;land;false;plains;1
7853;5;50;19;land;false;plains;1
7854;80;251;197;land;false;plains;1
7855;41;42;3;land;false;plains;1
7856;158;228;148;land;false;plains;1
7857;15;8;25;land;false;plains;1
7858;24;14;164;land;false;plains;1
7859;210;80;239;land;false;plains;1
7860;229;238;97;land;false;plains;1
7861;65;251;228;land;false;plains;1
7862;154;179;230;land;false;plains;1
7863;114;231;206;land;false;plains;1
7864;87;216;223;land;false;plains;1
7865;223;165;170;land;false;plains;1
7866;27;39;26;land;false;plains;1
7867;247;222;66;land;false;plains;1
7868;174;175;180;land;false;plains;1
7869;221;97;221;land;false;plains;1
7870;22;21;42;land;false;plains;1
7871;239;233;51;land;false;plains;1
7872;16;63;7;land;false;plains;1
7873;10;67;6;land;false;plains;1
7874;158;208;171;land;false;plains;1
7875;4;0;62;land;false;plains;1
7876;236;161;217;land;false;plains;1
7877;179;190;184;land;false;plains;1
7878;214;152;151;land;false;plains;1
7879;38;6;20;land;false;plains;1
7880;63;18;1;land;false;plains;1
7881;242;114;229;land;false;plains;1
7882;212;213;139;land;false;plains;1
7883;212;122;197;land;false;plains;1
7884;28;63;164;land;false;plains;1
7885;200;214;112;land;false;plains;1
7886;196;153;200;land;false;plains;1
7887;253;236;141;land;false;plains;1
7888;85;249;182;land;false;plains;1
7889;231;240;136;land;false;plains;1
7890;162;215;197;land;false;plains;1
7891;191;187;230;land;false;plains;1
7892;208;160;165;land;false;plains;1
7893;222;167;198;land;false;plains;1
7894;200;239;151;land;false;plains;1
7895;42;55;1;land;false;plains;1
7896;220;181;188;land;false;plains;1
7897;228;198;124;land;false;plains;1
7898;172;228;101;land;false;plains;1
7899;2;11;7;land;false;plains;1
7900;28;41;1;land;false;plains;1
7901;93;222;219;land;false;plains;1
7902;163;112;235;land;false;plains;1
7903;104;230;214;land;false;plains;1
7904;207;205;133;land;false;plains;1
7905;114;197;220;land;false;plains;1
7906;255;241;241;land;false;plains;1
7907;230;199;99;land;false;plains;1
7908;28;4;26;land;false;plains;1
7909;5;59;21;land;false;plains;1
7910;111;249;212;land;false;plains;1
7911;172;251;224;land;false;plains;1
7912;194;161;162;land;false;plains;1
7913;78;0;232;land;false;plains;1
7914;241;183;228;land;false;plains;1
7915;163;253;184;land;false;plains;1
7916;36;11;44;land;false;plains;1
7917;254;250;181;land;false;plains;1
7918;198;185;161;land;false;plains;1
7919;223;226;108;land;false;plains;1
7920;26;41;23;land;false;plains;1
7921;239;224;153;land;false;plains;1
7922;216;104;185;land;false;plains;1
7923;206;245;225;land;false;plains;1
7924;255;179;93;land;false;plains;1
7925;91;249;162;land;false;plains;1
7926;5;59;22;land;false;plains;1
7927;181;250;168;land;false;plains;1
7928;249;16;237;land;false;plains;1
7929;234;159;175;land;false;plains;1
7930;199;228;102;land;false;plains;1
7931;10;3;49;land;false;plains;1
7932;3;19;29;land;false;plains;1
7933;122;180;238;land;false;plains;1
7934;112;207;244;land;false;plains;1
7935;197;173;159;land;false;plains;1
7936;110;20;56;land;false;plains;1
7937;38;8;15;land;false;plains;1
7938;169;248;241;land;false;plains;1
7939;46;0;7;land;false;plains;1
7940;127;219;227;land;false;plains;1
7941;59;86;98;land;false;plains;1
7942;64;248;197;land;false;plains;1
7943;236;205;189;land;false;plains;1
7944;35;231;242;land;false;plains;1
7945;119;172;130;land;false;plains;1
7946;201;167;138;land;false;plains;1
7947;223;211;240;land;false;plains;1
7948;164;238;122;land;false;plains;1
7949;250;145;185;land;false;plains;1
7950;235;216;56;land;false;plains;1
7951;241;137;140;land;false;plains;1
7952;2;13;26;land;false;plains;1
7953;114;220;226;land;false;plains;1
7954;208;178;218;land;false;plains;1
7955;60;253;225;land;false;plains;1
7956;199;150;190;land;false;plains;1
7957;130;161;214;land;false;plains;1
7958;90;176;114;land;false;plains;1
7959;23;53;4;land;false;plains;1
7960;235;166;196;land;false;plains;1
7961;225;117;241;land;false;plains;1
7962;244;240;168;land;false;plains;1
7963;220;219;177;land;false;plains;1
7964;230;123;208;land;false;plains;1
7965;165;0;250;land;false;plains;1
7966;64;185;96;land;false;plains;1
7967;234;255;237;land;false;plains;1
7968;3;40;17;land;false;plains;1
7969;69;22;2;land;false;plains;1
7970;23;43;24;land;false;plains;1
7971;223;127;198;land;false;plains;1
7972;244;182;184;land;false;plains;1
7973;23;116;132;land;false;plains;1
7974;119;124;8;land;false;plains;1
7975;131;52;220;land;false;plains;1
7976;238;241;225;land;false;plains;1
7977;55;244;230;land;false;plains;1
7978;19;19;30;land;false;plains;1
7979;57;4;20;land;false;plains;1
7980;113;210;194;land;false;plains;1
7981;28;8;42;land;false;plains;1
7982;156;23;255;land;false;plains;1
7983;205;202;221;land;false;plains;1
7984;81;221;207;land;false;plains;1
7985;234;109;170;land;false;plains;1
7986;134;186;210;land;false;plains;1
7987;247;207;240;land;false;plains;1
7988;159;220;148;land;false;plains;1
7989;216;176;165;land;false;plains;1
7990;140;232;182;land;false;plains;1
7991;31;44;20;land;false;plains;1
7992;144;251;174;land;false;plains;1
7993;13;17;57;land;false;plains;1
7994;247;203;208;land;false;plains;1
7995;240;226;159;land;false;plains;1
7996;220;247;57;land;false;plains;1
7997;151;99;31;land;false;plains;1
7998;144;194;172;land;false;plains;1
7999;17;25;9;land;false;plains;1
8000;203;211;174;land;false;plains;1
8001;242;232;148;land;false;plains;1
8002;173;244;86;land;false;plains;1
8003;78;250;198;land;false;plains;1
8004;96;248;229;land;false;plains;1
8005;204;116;132;land;false;plains;1
8006;238;221;193;land;false;plains;1
8007;237;157;113;land;false;plains;1
8008;241;240;185;land;false;plains;1
8009;117;251;246;land;false;plains;1
8010;221;251;196;land;false;plains;1
8011;233;151;131;land;false;plains;1
8012;188;104;130;land;false;plains;1
8013;65;60;59;land;false;plains;1
8014;147;225;46;land;false;plains;1
8015;94;242;177;land;false;plains;1
8016;215;149;204;land;false;plains;1
8017;239;134;162;land;false;plains;1
8018;119;248;198;land;false;plains;1
8019;211;202;100;land;false;plains;1
8020;231;223;80;land;false;plains;1
8021;240;188;182;land;false;plains;1
8022;244;158;125;land;false;plains;1
8023;244;12;64;land;false;plains;1
8024;131;195;250;land;false;plains;1
8025;113;235;211;land;false;plains;1
8026;93;30;47;land;false;plains;1
8027;33;250;211;land;false;plains;1
8028;136;254;89;land;false;plains;1
8029;235;237;198;land;false;plains;1
8030;4;5;15;land;false;plains;1
8031;165;217;171;land;false;plains;1
8032;111;213;193;land;false;plains;1
8033;13;28;38;land;false;plains;1
8034;19;35;26;land;false;plains;1
8035;161;160;180;land;false;plains;1
8036;157;233;167;land;false;plains;1
8037;190;214;217;land;false;plains;1
8038;236;242;187;land;false;plains;1
8039;211;165;207;land;false;plains;1
8040;0;36;38;land;false;plains;1
8041;170;185;191;land;false;plains;1
8042;17;62;19;land;false;plains;1
8043;235;183;110;land;false;plains;1
8044;201;233;178;land;false;plains;1
8045;173;240;146;land;false;plains;1
8046;247;94;213;land;false;plains;1
8047;245;162;100;land;false;plains;1
8048;218;215;217;land;false;plains;1
8049;206;150;234;land;false;plains;1
8050;251;157;147;land;false;plains;1
8051;213;157;241;land;false;plains;1
8052;235;243;89;land;false;plains;1
8053;64;19;255;land;false;plains;1
8054;0;26;65;land;false;plains;1
8055;48;33;10;land;false;plains;1
8056;199;158;149;land;false;plains;1
8057;241;63;213;land;false;plains;1
8058;240;251;172;land;false;plains;1
8059;210;230;188;land;false;plains;1
8060;178;242;154;land;false;plains;1
8061;253;208;122;land;false;plains;1
8062;13;16;14;land;false;plains;1
8063;215;236;76;land;false;plains;1
8064;162;222;140;land;false;plains;1
8065;129;115;112;land;false;plains;1
8066;193;142;93;land;false;plains;1
8067;94;148;0;land;false;plains;1
8068;3;52;16;land;false;plains;1
8069;175;236;227;land;false;plains;1
8070;186;160;169;land;false;plains;1
8071;230;163;110;land;false;plains;1
8072;11;3;20;land;false;plains;1
8073;204;75;240;land;false;plains;1
8074;55;17;27;land;false;plains;1
8075;213;114;196;land;false;plains;1
8076;231;109;199;land;false;plains;1
8077;8;151;243;land;false;plains;1
8078;138;199;255;land;false;plains;1
8079;20;47;12;land;false;plains;1
8080;165;238;178;land;false;plains;1
8081;179;220;191;land;false;plains;1
8082;171;150;205;land;false;plains;1
8083;228;238;251;land;false;plains;1
8084;234;209;110;land;false;plains;1
8085;2;47;0;land;false;plains;1
8086;147;226;254;land;false;plains;1
8087;211;233;186;land;false;plains;1
8088;143;18;74;land;false;plains;1
8089;4;44;17;land;false;plains;1
8090;202;137;179;land;false;plains;1
8091;217;186;191;land;false;plains;1
8092;225;193;145;land;false;plains;1
8093;234;140;142;land;false;plains;1
8094;81;254;228;land;false;plains;1
8095;253;255;216;land;false;plains;1
8096;244;35;0;land;false;plains;1
8097;181;116;132;land;false;plains;1
8098;116;46;19;land;false;plains;1
8099;126;218;219;land;false;plains;1
8100;222;158;162;land;false;plains;1
8101;217;231;54;land;false;plains;1
8102;170;243;126;land;false;plains;1
8103;215;235;173;land;false;plains;1
8104;177;56;112;land;false;plains;1
8105;217;231;243;land;false;plains;1
8106;25;8;18;land;false;plains;1
8107;238;65;254;land;false;plains;1
8108;228;112;239;land;false;plains;1
8109;224;100;239;land;false;plains;1
8110;184;246;113;land;false;plains;1
8111;127;238;201;land;false;plains;1
8112;255;118;0;land;false;plains;1
8113;231;192;147;land;false;plains;1
8114;204;126;189;land;false;plains;1
8115;119;254;234;land;false;plains;1
8116;118;167;242;land;false;plains;1
8117;219;177;221;land;false;plains;1
8118;15;9;32;land;false;plains;1
8119;244;66;234;land;false;plains;1
8120;33;23;25;land;false;plains;1
8121;154;249;133;land;false;plains;1
8122;238;234;241;land;false;plains;1
8123;209;231;102;land;false;plains;1
8124;251;145;205;land;false;plains;1
8125;232;226;207;land;false;plains;1
8126;226;95;212;land;false;plains;1
8127;85;241;251;land;false;plains;1
8128;242;246;0;land;false;plains;1
8129;55;107;255;land;false;plains;1
8130;153;245;125;land;false;plains;1
8131;167;228;202;land;false;plains;1
8132;18;30;2;land;false;plains;1
8133;153;213;231;land;false;plains;1
8134;231;194;212;land;false;plains;1
8135;180;112;251;land;false;plains;1
8136;164;130;236;land;false;plains;1
8137;223;225;254;land;false;plains;1
8138;52;16;0;land;false;plains;1
8139;224;134;161;land;false;plains;1
8140;215;223;103;land;false;plains;1
8141;251;228;142;land;false;plains;1
8142;149;244;169;land;false;plains;1
8143;55;14;22;land;false;plains;1
8144;39;6;51;land;false;plains;1
8145;99;164;238;land;false;plains;1
8146;242;126;185;land;false;plains;1
8147;64;60;75;land;false;plains;1
8148;251;137;125;land;false;plains;1
8149;89;206;213;land;false;plains;1
8150;218;205;174;land;false;plains;1
8151;206;212;93;land;false;plains;1
8152;48;43;8;land;false;plains;1
8153;241;39;247;land;false;plains;1
8154;252;168;209;land;false;plains;1
8155;183;233;97;land;false;plains;1
8156;203;252;109;land;false;plains;1
8157;16;14;38;land;false;plains;1
8158;170;235;220;land;false;plains;1
8159;92;235;224;land;false;plains;1
8160;171;238;104;land;false;plains;1
8161;229;163;151;land;false;plains;1
8162;212;248;90;land;false;plains;1
8163;124;111;159;land;false;plains;1
8164;71;116;132;land;false;plains;1
8165;78;46;76;land;false;plains;1
8166;124;144;100;land;false;plains;1
8167;202;213;150;land;false;plains;1
8168;29;49;1;land;false;plains;1
8169;23;2;54;land;false;plains;1
8170;185;230;240;land;false;plains;1
8171;236;189;156;land;false;plains;1
8172;177;179;219;land;false;plains;1
8173;253;218;40;land;false;plains;1
8174;86;212;246;land;false;plains;1
8175;81;8;4;land;false;plains;1
8176;200;119;202;land;false;plains;1
8177;243;230;109;land;false;plains;1
8178;55;231;217;land;false;plains;1
8179;128;187;190;land;false;plains;1
8180;191;145;215;land;false;plains;1
8181;6;20;45;land;false;plains;1
8182;253;200;183;land;false;plains;1
8183;38;4;15;land;false;plains;1
8184;110;208;189;land;false;plains;1
8185;224;52;248;land;false;plains;1
8186;121;176;235;land;false;plains;1
8187;48;231;231;land;false;plains;1
8188;221;215;243;land;false;plains;1
8189;204;181;255;land;false;plains;1
8190;229;188;171;land;false;plains;1
8191;153;210;194;land;false;plains;1
8192;175;202;144;land;false;plains;1
8193;7;18;36;land;false;plains;1
8194;231;242;100;land;false;plains;1
8195;218;159;203;land;false;plains;1
8196;242;167;157;land;false;plains;1
8197;95;211;221;land;false;plains;1
8198;230;226;158;land;false;plains;1
8199;178;99;240;land;false;plains;1
8200;11;33;35;land;false;plains;1
8201;237;231;42;land;false;plains;1
8202;193;132;254;land;false;plains;1
8203;254;237;34;land;false;plains;1
8204;183;157;242;land;false;plains;1
8205;71;237;230;land;false;plains;1
8206;215;85;216;land;false;plains;1
8207;48;12;2;land;false;plains;1
8208;215;252;69;land;false;plains;1
8209;194;212;141;land;false;plains;1
8210;25;24;37;land;false;plains;1
8211;253;207;183;land;false;plains;1
8212;211;177;209;land;false;plains;1
8213;202;209;220;land;false;plains;1
8214;229;166;207;land;false;plains;1
8215;11;61;15;land;false;plains;1
8216;219;63;244;land;false;plains;1
8217;157;156;220;land;false;plains;1
8218;221;206;192;land;false;plains;1
8219;172;176;199;land;false;plains;1
8220;157;155;194;land;false;plains;1
8221;249;143;136;land;false;plains;1
8222;89;215;203;land;false;plains;1
8223;103;232;206;land;false;plains;1
8224;221;202;83;land;false;plains;1
8225;78;32;73;land;false;plains;1
8226;216;255;0;land;false;plains;1
8227;240;131;218;land;false;plains;1
8228;204;175;145;land;false;plains;1
8229;18;50;30;land;false;plains;1
8230;24;39;23;land;false;plains;1
8231;69;249;224;land;false;plains;1
8232;106;247;233;land;false;plains;1
8233;230;147;183;land;false;plains;1
8234;100;228;218;land;false;plains;1
8235;225;119;242;land;false;plains;1
8236;185;195;243;land;false;plains;1
8237;247;185;149;land;false;plains;1
8238;157;181;216;land;false;plains;1
8239;105;242;195;land;false;plains;1
8240;246;128;137;land;false;plains;1
8241;208;235;156;land;false;plains;1
8242;14;2;73;land;false;plains;1
8243;191;215;184;land;false;plains;1
8244;21;70;3;land;false;plains;1
8245;233;201;226;land;false;plains;1
8246;19;78;2;land;false;plains;1
8247;163;226;217;land;false;plains;1
8248;19;2;55;land;false;plains;1
8249;195;227;253;land;false;plains;1
8250;172;246;165;land;false;plains;1
8251;250;226;84;land;false;plains;1
8252;14;5;57;land;false;plains;1
8253;222;178;154;land;false;plains;1
8254;2;20;15;land;false;plains;1
8255;112;239;206;land;false;plains;1
8256;187;211;199;land;false;plains;1
8257;133;141;166;land;false;plains;1
8258;120;182;231;land;false;plains;1
8259;243;200;126;land;false;plains;1
8260;155;199;250;land;false;plains;1
8261;154;144;255;land;false;plains;1
8262;142;216;193;land;false;plains;1
8263;222;249;253;land;false;plains;1
8264;234;214;70;land;false;plains;1
8265;31;12;53;land;false;plains;1
8266;88;240;243;land;false;plains;1
8267;48;139;73;land;false;plains;1
8268;51;3;0;land;false;plains;1
8269;77;253;177;land;false;plains;1
8270;112;228;229;land;false;plains;1
8271;41;6;30;land;false;plains;1
8272;229;178;190;land;false;plains;1
8273;191;171;198;land;false;plains;1
8274;158;232;139;land;false;plains;1
8275;15;6;28;land;false;plains;1
8276;253;176;144;land;false;plains;1
8277;120;248;198;land;false;plains;1
8278;120;254;203;land;false;plains;1
8279;11;25;58;land;false;plains;1
8280;62;234;215;land;false;plains;1
8281;225;225;158;land;false;plains;1
8282;184;235;103;land;false;plains;1
8283;84;218;227;land;false;plains;1
8284;90;187;244;land;false;plains;1
8285;116;188;229;land;false;plains;1
8286;247;182;159;land;false;plains;1
8287;218;65;250;land;false;plains;1
8288;191;230;223;land;false;plains;1
8289;155;238;234;land;false;plains;1
8290;35;44;6;land;false;plains;1
8291;5;39;8;land;false;plains;1
8292;121;231;222;land;false;plains;1
8293;140;157;218;land;false;plains;1
8294;210;127;182;land;false;plains;1
8295;238;67;216;land;false;plains;1
8296;4;46;31;land;false;plains;1
8297;7;12;53;land;false;plains;1
8298;240;197;160;land;false;plains;1
8299;180;149;233;land;false;plains;1
8300;246;121;173;land;false;plains;1
8301;181;254;225;land;false;plains;1
8302;160;160;204;land;false;plains;1
8303;138;190;189;land;false;plains;1
8304;209;139;73;land;false;plains;1
8305;235;97;193;land;false;plains;1
8306;37;13;32;land;false;plains;1
8307;22;33;33;land;false;plains;1
8308;167;226;250;land;false;plains;1
8309;243;184;104;land;false;plains;1
8310;248;72;220;land;false;plains;1
8311;138;121;73;land;false;plains;1
8312;254;208;73;land;false;plains;1
8313;12;25;25;land;false;plains;1
8314;171;235;242;land;false;plains;1
8315;243;207;170;land;false;plains;1
8316;232;203;214;land;false;plains;1
8317;177;224;211;land;false;plains;1
8318;142;118;245;land;false;plains;1
8319;144;179;237;land;false;plains;1
8320;253;247;88;land;false;plains;1
8321;41;17;23;land;false;plains;1
8322;16;31;5;land;false;plains;1
8323;9;65;4;land;false;plains;1
8324;186;84;254;land;false;plains;1
8325;2;14;5;land;false;plains;1
8326;168;242;242;land;false;plains;1
8327;154;231;127;land;false;plains;1
8328;46;29;2;land;false;plains;1
8329;239;201;130;land;false;plains;1
8330;145;121;132;land;false;plains;1
8331;150;196;222;land;false;plains;1
8332;37;32;12;land;false;plains;1
8333;159;240;114;land;false;plains;1
8334;219;205;133;land;false;plains;1
8335;222;144;204;land;false;plains;1
8336;143;197;195;land;false;plains;1
8337;200;226;242;land;false;plains;1
8338;40;248;216;land;false;plains;1
8339;197;223;178;land;false;plains;1
8340;123;241;161;land;false;plains;1
8341;228;158;242;land;false;plains;1
8342;99;188;237;land;false;plains;1
8343;253;141;131;land;false;plains;1
8344;155;181;189;land;false;plains;1
8345;226;191;208;land;false;plains;1
8346;166;253;201;land;false;plains;1
8347;4;27;17;land;false;plains;1
8348;139;194;177;land;false;plains;1
8349;227;251;160;land;false;plains;1
8350;130;192;183;land;false;plains;1
8351;150;238;168;land;false;plains;1
8352;218;198;103;land;false;plains;1
8353;152;113;252;land;false;plains;1
8354;87;121;132;land;false;plains;1
8355;213;232;76;land;false;plains;1
8356;156;142;250;land;false;plains;1
8357;16;19;5;land;false;plains;1
8358;151;214;228;land;false;plains;1
8359;138;237;235;land;false;plains;1
8360;188;250;184;land;false;plains;1
8361;235;192;183;land;false;plains;1
8362;199;254;180;land;false;plains;1
8363;162;118;250;land;false;plains;1
8364;250;239;158;land;false;plains;1
8365;176;245;152;land;false;plains;1
8366;44;11;17;land;false;plains;1
8367;234;201;129;land;false;plains;1
8368;2;38;50;land;false;plains;1
8369;13;10;69;land;false;plains;1
8370;178;252;108;land;false;plains;1
8371;248;111;202;land;false;plains;1
8372;186;254;96;land;false;plains;1
8373;223;213;197;land;false;plains;1
8374;173;249;174;land;false;plains;1
8375;251;141;167;land;false;plains;1
8376;214;253;77;land;false;plains;1
8377;144;238;191;land;false;plains;1
8378;119;250;201;land;false;plains;1
8379;166;213;239;land;false;plains;1
8380;146;151;205;land;false;plains;1
8381;218;232;110;land;false;plains;1
8382;22;27;22;land;false;plains;1
8383;38;19;34;land;false;plains;1
8384;16;17;30;land;false;plains;1
8385;93;204;241;land;false;plains;1
8386;123;212;166;land;false;plains;1
8387;102;148;253;land;false;plains;1
8388;127;214;199;land;false;plains;1
8389;184;156;185;land;false;plains;1
8390;236;242;154;land;false;plains;1
8391;173;208;223;land;false;plains;1
8392;242;224;252;land;false;plains;1
8393;230;245;105;land;false;plains;1
8394;205;193;192;land;false;plains;1
8395;183;253;79;land;false;plains;1
8396;40;33;18;land;false;plains;1
8397;226;211;99;land;false;plains;1
8398;160;220;180;land;false;plains;1
8399;217;252;210;land;false;plains;1
8400;184;130;150;land;false;plains;1
8401;28;27;37;land;false;plains;1
8402;22;3;6;land;false;plains;1
8403;57;233;227;land;false;plains;1
8404;180;245;237;land;false;plains;1
8405;240;223;71;land;false;plains;1
8406;21;8;49;land;false;plains;1
8407;247;197;208;land;false;plains;1
8408;152;171;240;land;false;plains;1
8409;248;252;199;land;false;plains;1
8410;216;114;177;land;false;plains;1
8411;218;251;225;land;false;plains;1
8412;155;210;241;land;false;plains;1
8413;19;46;1;land;false;plains;1
8414;230;239;57;land;false;plains;1
8415;226;191;91;land;false;plains;1
8416;8;2;55;land;false;plains;1
8417;240;150;150;land;false;plains;1
8418;160;193;206;land;false;plains;1
8419;178;191;192;land;false;plains;1
8420;248;191;116;land;false;plains;1
8421;178;187;169;land;false;plains;1
8422;136;237;234;land;false;plains;1
8423;91;201;225;land;false;plains;1
8424;214;183;146;land;false;plains;1
8425;100;233;216;land;false;plains;1
8426;235;103;173;land;false;plains;1
8427;127;235;203;land;false;plains;1
8428;90;199;217;land;false;plains;1
8429;145;203;253;land;false;plains;1
8430;216;206;86;land;false;plains;1
8431;216;242;154;land;false;plains;1
8432;4;54;14;land;false;plains;1
8433;165;241;189;land;false;plains;1
8434;225;110;241;land;false;plains;1
8435;238;59;222;land;false;plains;1
8436;239;222;141;land;false;plains;1
8437;149;230;205;land;false;plains;1
8438;226;99;183;land;false;plains;1
8439;213;218;224;land;false;plains;1
8440;7;49;29;land;false;plains;1
8441;223;223;235;land;false;plains;1
8442;141;215;236;land;false;plains;1
8443;238;60;249;land;false;plains;1
8444;168;210;176;land;false;plains;1
8445;250;229;164;land;false;plains;1
8446;196;165;193;land;false;plains;1
8447;246;150;231;land;false;plains;1
8448;201;158;155;land;false;plains;1
8449;93;240;186;land;false;plains;1
8450;193;235;237;land;false;plains;1
8451;142;222;227;land;false;plains;1
8452;204;251;143;land;false;plains;1
8453;233;228;116;land;false;plains;1
8454;240;29;251;land;false;plains;1
8455;158;125;230;land;false;plains;1
8456;243;145;209;land;false;plains;1
8457;202;233;133;land;false;plains;1
8458;176;158;210;land;false;plains;1
8459;44;4;49;land;false;plains;1
8460;19;26;29;land;false;plains;1
8461;74;244;231;land;false;plains;1
8462;254;247;190;land;false;plains;1
8463;133;229;163;land;false;plains;1
8464;149;127;233;land;false;plains;1
8465;246;103;174;land;false;plains;1
8466;247;20;237;land;false;plains;1
8467;237;243;184;land;false;plains;1
8468;147;199;158;land;false;plains;1
8469;200;237;153;land;false;plains;1
8470;21;18;36;land;false;plains;1
8471;210;219;97;land;false;plains;1
8472;132;225;195;land;false;plains;1
8473;243;229;216;land;false;plains;1
8474;140;195;247;land;false;plains;1
8475;235;153;243;land;false;plains;1
8476;233;230;192;land;false;plains;1
8477;177;229;130;land;false;plains;1
8478;174;150;213;land;false;plains;1
8479;124;246;177;land;false;plains;1
8480;203;150;219;land;false;plains;1
8481;140;198;237;land;false;plains;1
8482;193;239;160;land;false;plains;1
8483;28;6;9;land;false;plains;1
8484;15;39;14;land;false;plains;1
8485;79;243;249;land;false;plains;1
8486;202;205;121;land;false;plains;1
8487;179;167;166;land;false;plains;1
8488;182;225;147;land;false;plains;1
8489;244;122;231;land;false;plains;1
8490;175;143;205;land;false;plains;1
8491;247;138;245;land;false;plains;1
8492;34;5;48;land;false;plains;1
8493;7;47;1;land;false;plains;1
8494;43;30;22;land;false;plains;1
8495;209;249;147;land;false;plains;1
8496;238;200;250;land;false;plains;1
8497;236;117;246;land;false;plains;1
8498;224;135;219;land;false;plains;1
8499;245;172;203;land;false;plains;1
8500;32;16;6;land;false;plains;1
8501;23;23;29;land;false;plains;1
8502;70;224;223;land;false;plains;1
8503;113;200;249;land;false;plains;1
8504;181;254;181;land;false;plains;1
8505;155;213;151;land;false;plains;1
8506;25;250;236;land;false;plains;1
8507;174;125;231;land;false;plains;1
8508;212;140;228;land;false;plains;1
8509;129;249;168;land;false;plains;1
8510;220;100;224;land;false;plains;1
8511;218;106;197;land;false;plains;1
8512;196;157;222;land;false;plains;1
8513;154;114;238;land;false;plains;1
8514;254;76;235;land;false;plains;1
8515;160;151;228;land;false;plains;1
8516;94;217;239;land;false;plains;1
8517;188;211;190;land;false;plains;1
8518;150;193;248;land;false;plains;1
8519;233;208;104;land;false;plains;1
8520;170;251;181;land;false;plains;1
8521;169;174;234;land;false;plains;1
8522;23;44;9;land;false;plains;1
8523;145;236;224;land;false;plains;1
8524;218;207;240;land;false;plains;1
8525;58;237;245;land;false;plains;1
8526;237;205;89;land;false;plains;1
8527;28;10;45;land;false;plains;1
8528;204;219;98;land;false;plains;1
8529;212;213;136;land;false;plains;1
8530;244;240;146;land;false;plains;1
8531;223;207;105;land;false;plains;1
8532;96;229;214;land;false;plains;1
8533;241;211;238;land;false;plains;1
8534;43;26;27;land;false;plains;1
8535;136;176;246;land;false;plains;1
8536;96;116;73;land;false;plains;1
8537;16;4;40;land;false;plains;1
8538;212;145;201;land;false;plains;1
8539;194;149;245;land;false;plains;1
8540;233;175;110;land;false;plains;1
8541;131;209;228;land;false;plains;1
8542;183;227;191;land;false;plains;1
8543;65;249;226;land;false;plains;1
8544;139;180;184;land;false;plains;1
8545;199;248;163;land;false;plains;1
8546;136;174;244;land;false;plains;1
8547;118;252;235;land;false;plains;1
8548;187;154;173;land;false;plains;1
8549;95;233;230;land;false;plains;1
8550;230;120;216;land;false;plains;1
8551;105;254;223;land;false;plains;1
8552;201;195;202;land;false;plains;1
8553;143;234;242;land;false;plains;1
8554;96;181;249;land;false;plains;1
8555;239;230;64;land;false;plains;1
8556;178;179;159;land;false;plains;1
8557;200;127;189;land;false;plains;1
8558;188;188;251;land;false;plains;1
8559;24;15;55;land;false;plains;1
8560;230;240;98;land;false;plains;1
8561;57;11;10;land;false;plains;1
8562;221;241;165;land;false;plains;1
8563;230;187;245;land;false;plains;1
8564;225;226;133;land;false;plains;1
8565;235;159;111;land;false;plains;1
8566;45;2;47;land;false;plains;1
8567;4;23;59;land;false;plains;1
8568;195;200;106;land;false;plains;1
8569;187;111;230;land;false;plains;1
8570;198;232;147;land;false;plains;1
8571;33;52;5;land;false;plains;1
8572;251;29;226;land;false;plains;1
8573;185;187;133;land;false;plains;1
8574;126;218;158;land;false;plains;1
8575;159;165;181;land;false;plains;1
8576;223;238;239;land;false;plains;1
8577;212;249;95;land;false;plains;1
8578;174;102;246;land;false;plains;1
8579;35;1;50;land;false;plains;1
8580;249;231;242;land;false;plains;1
8581;214;154;175;land;false;plains;1
8582;225;180;101;land;false;plains;1
8583;40;249;227;land;false;plains;1
8584;254;161;223;land;false;plains;1
8585;209;194;114;land;false;plains;1
8586;252;187;68;land;false;plains;1
8587;196;159;234;land;false;plains;1
8588;190;186;218;land;false;plains;1
8589;13;1;13;land;false;plains;1
8590;15;20;45;land;false;plains;1
8591;228;98;194;land;false;plains;1
8592;205;215;111;land;false;plains;1
8593;169;105;229;land;false;plains;1
8594;206;216;102;land;false;plains;1
8595;91;243;192;land;false;plains;1
8596;159;188;205;land;false;plains;1
8597;243;222;58;land;false;plains;1
8598;237;208;226;land;false;plains;1
8599;250;197;86;land;false;plains;1
8600;5;3;56;land;false;plains;1
8601;201;82;237;land;false;plains;1
8602;25;248;254;land;false;plains;1
8603;253;130;216;land;false;plains;1
8604;28;4;2;land;false;plains;1
8605;197;250;235;land;false;plains;1
8606;221;141;156;land;false;plains;1
8607;188;229;230;land;false;plains;1
8608;2;21;63;land;false;plains;1
8609;8;64;6;land;false;plains;1
8610;236;186;201;land;false;plains;1
8611;242;228;181;land;false;plains;1
8612;128;200;242;land;false;plains;1
8613;108;219;205;land;false;plains;1
8614;182;253;197;land;false;plains;1
8615;212;249;118;land;false;plains;1
8616;145;238;211;land;false;plains;1
8617;3;44;26;land;false;plains;1
8618;216;176;227;land;false;plains;1
8619;206;240;160;land;false;plains;1
8620;250;173;161;land;false;plains;1
8621;6;17;4;land;false;plains;1
8622;47;47;5;land;false;plains;1
8623;237;226;40;land;false;plains;1
8624;241;180;148;land;false;plains;1
8625;176;105;253;land;false;plains;1
8626;221;174;161;land;false;plains;1
8627;24;253;240;land;false;plains;1
8628;33;38;6;land;false;plains;1
8629;112;156;234;land;false;plains;1
8630;38;1;41;land;false;plains;1
8631;185;195;202;land;false;plains;1
8632;34;39;1;land;false;plains;1
8633;155;178;215;land;false;plains;1
8634;71;218;216;land;false;plains;1
8635;136;195;224;land;false;plains;1
8636;192;244;110;land;false;plains;1
8637;83;2;2;land;false;plains;1
8638;254;231;143;land;false;plains;1
8639;254;163;204;land;false;plains;1
8640;231;174;225;land;false;plains;1
8641;79;223;242;land;false;plains;1
8642;187;109;232;land;false;plains;1
8643;136;184;205;land;false;plains;1
8644;253;217;33;land;false;plains;1
8645;193;133;227;land;false;plains;1
8646;67;12;13;land;false;plains;1
8647;6;15;35;land;false;plains;1
8648;39;18;7;land;false;plains;1
8649;56;9;6;land;false;plains;1
8650;183;238;88;land;false;plains;1
8651;151;236;222;land;false;plains;1
8652;180;241;190;land;false;plains;1
8653;192;218;239;land;false;plains;1
8654;86;253;188;land;false;plains;1
8655;192;191;214;land;false;plains;1
8656;83;8;1;land;false;plains;1
8657;61;0;4;land;false;plains;1
8658;163;137;251;land;false;plains;1
8659;100;254;243;land;false;plains;1
8660;75;185;245;land;false;plains;1
8661;100;226;245;land;false;plains;1
8662;168;144;194;land;false;plains;1
8663;243;200;242;land;false;plains;1
8664;184;202;165;land;false;plains;1
8665;169;122;230;land;false;plains;1
8666;234;245;131;land;false;plains;1
8667;170;188;195;land;false;plains;1
8668;250;187;209;land;false;plains;1
8669;206;215;217;land;false;plains;1
8670;19;34;26;land;false;plains;1
8671;59;198;244;land;false;plains;1
8672;236;162;121;land;false;plains;1
8673;228;178;252;land;false;plains;1
8674;249;245;129;land;false;plains;1
8675;227;250;69;land;false;plains;1
8676;181;196;203;land;false;plains;1
8677;172;177;217;land;false;plains;1
8678;217;210;109;land;false;plains;1
8679;8;45;20;land;false;plains;1
8680;253;251;197;land;false;plains;1
8681;204;234;176;land;false;plains;1
8682;242;230;75;land;false;plains;1
8683;235;73;206;land;false;plains;1
8684;206;83;212;land;false;plains;1
8685;139;248;170;land;false;plains;1
8686;248;82;188;land;false;plains;1
8687;117;176;236;land;false;plains;1
8688;40;4;26;land;false;plains;1
8689;220;66;250;land;false;plains;1
8690;250;231;187;land;false;plains;1
8691;239;140;123;land;false;plains;1
8692;201;102;237;land;false;plains;1
8693;254;241;200;land;false;plains;1
8694;250;208;52;land;false;plains;1
8695;185;248;243;land;false;plains;1
8696;194;155;170;land;false;plains;1
8697;174;108;236;land;false;plains;1
8698;78;207;234;land;false;plains;1
8699;98;203;202;land;false;plains;1
8700;239;156;216;land;false;plains;1
8701;85;253;231;land;false;plains;1
8702;27;15;40;land;false;plains;1
8703;118;251;132;land;false;plains;1
8704;105;224;237;land;false;plains;1
8705;230;66;249;land;false;plains;1
8706;111;234;229;land;false;plains;1
8707;179;237;137;land;false;plains;1
8708;189;229;230;land;false;plains;1
8709;183;142;208;land;false;plains;1
8710;193;192;190;land;false;plains;1
8711;202;104;238;land;false;plains;1
8712;8;32;37;land;false;plains;1
8713;254;134;119;land;false;plains;1
8714;24;1;4;land;false;plains;1
8715;83;228;222;land;false;plains;1
8716;253;211;251;land;false;plains;1
8717;50;7;17;land;false;plains;1
8718;63;2;25;land;false;plains;1
8719;126;218;178;land;false;plains;1
8720;198;141;209;land;false;plains;1
8721;11;43;14;land;false;plains;1
8722;160;182;164;land;false;plains;1
8723;179;162;164;land;false;plains;1
8724;156;145;230;land;false;plains;1
8725;225;207;97;land;false;plains;1
8726;41;13;41;land;false;plains;1
8727;227;108;253;land;false;plains;1
8728;4;8;74;land;false;plains;1
8729;225;168;142;land;false;plains;1
8730;230;216;105;land;false;plains;1
8731;191;149;177;land;false;plains;1
8732;240;58;211;land;false;plains;1
8733;41;38;0;land;false;plains;1
8734;200;181;244;land;false;plains;1
8735;241;164;229;land;false;plains;1
8736;154;236;200;land;false;plains;1
8737;21;13;29;land;false;plains;1
8738;31;11;57;land;false;plains;1
8739;215;217;252;land;false;plains;1
8740;209;184;217;land;false;plains;1
8741;217;223;117;land;false;plains;1
8742;211;158;232;land;false;plains;1
8743;248;137;154;land;false;plains;1
8744;220;167;239;land;false;plains;1
8745;214;169;183;land;false;plains;1
8746;229;125;203;land;false;plains;1
8747;223;210;91;land;false;plains;1
8748;7;44;11;land;false;plains;1
8749;19;43;14;land;false;plains;1
8750;41;48;5;land;false;plains;1
8751;50;7;18;land;false;plains;1
8752;203;126;173;land;false;plains;1
8753;233;249;65;land;false;plains;1
8754;222;191;161;land;false;plains;1
8755;244;253;134;land;false;plains;1
8756;189;230;230;land;false;plains;1
8757;164;254;168;land;false;plains;1
8758;16;18;24;land;false;plains;1
8759;223;158;162;land;false;plains;1
8760;75;225;229;land;false;plains;1
8761;127;133;244;land;false;plains;1
8762;174;215;143;land;false;plains;1
8763;245;173;83;land;false;plains;1
8764;221;155;254;land;false;plains;1
8765;244;186;249;land;false;plains;1
8766;194;185;206;land;false;plains;1
8767;175;130;216;land;false;plains;1
8768;122;174;213;land;false;plains;1
8769;17;0;52;land;false;plains;1
8770;183;241;129;land;false;plains;1
8771;105;230;239;land;false;plains;1
8772;206;192;185;land;false;plains;1
8773;220;244;215;land;false;plains;1
8774;169;149;204;land;false;plains;1
8775;248;185;192;land;false;plains;1
8776;247;188;145;land;false;plains;1
8777;173;200;146;land;false;plains;1
8778;167;194;204;land;false;plains;1
8779;173;224;242;land;false;plains;1
8780;92;236;173;land;false;plains;1
8781;225;190;229;land;false;plains;1
8782;142;253;168;land;false;plains;1
8783;225;201;95;land;false;plains;1
8784;16;62;11;land;false;plains;1
8785;132;230;209;land;false;plains;1
8786;245;253;205;land;false;plains;1
8787;197;243;224;land;false;plains;1
8788;243;209;56;land;false;plains;1
8789;146;186;240;land;false;plains;1
8790;22;42;1;land;false;plains;1
8791;37;15;12;land;false;plains;1
8792;224;247;49;land;false;plains;1
8793;249;209;192;land;false;plains;1
8794;146;200;156;land;false;plains;1
8795;161;254;220;land;false;plains;1
8796;224;58;245;land;false;plains;1
8797;244;155;184;land;false;plains;1
8798;52;246;245;land;false;plains;1
8799;24;5;33;land;false;plains;1
8800;8;9;67;land;false;plains;1
8801;222;221;160;land;false;plains;1
8802;222;223;132;land;false;plains;1
8803;182;222;254;land;false;plains;1
8804;218;221;93;land;false;plains;1
8805;223;194;161;land;false;plains;1
8806;176;114;254;land;false;plains;1
8807;235;182;228;land;false;plains;1
8808;171;179;231;land;false;plains;1
8809;249;230;182;land;false;plains;1
8810;221;210;151;land;false;plains;1
8811;246;124;192;land;false;plains;1
8812;241;82;212;land;false;plains;1
8813;185;167;154;land;false;plains;1
8814;5;17;58;land;false;plains;1
8815;250;185;134;land;false;plains;1
8816;229;172;201;land;false;plains;1
8817;13;44;32;land;false;plains;1
8818;32;42;8;land;false;plains;1
8819;20;3;36;land;false;plains;1
8820;247;165;229;land;false;plains;1
8821;237;235;237;land;false;plains;1
8822;241;117;192;land;false;plains;1
8823;214;213;124;land;false;plains;1
8824;220;202;138;land;false;plains;1
8825;197;186;133;land;false;plains;1
8826;6;45;19;land;false;plains;1
8827;224;202;138;land;false;plains;1
8828;251;179;249;land;false;plains;1
8829;227;232;117;land;false;plains;1
8830;21;22;21;land;false;plains;1
8831;38;1;48;land;false;plains;1
8832;75;235;195;land;false;plains;1
8833;197;250;196;land;false;plains;1
8834;183;175;214;land;false;plains;1
8835;226;52;237;land;false;plains;1
8836;230;33;253;land;false;plains;1
8837;4;46;34;land;false;plains;1
8838;2;32;50;land;false;plains;1
8839;167;219;204;land;false;plains;1
8840;252;174;118;land;false;plains;1
8841;188;234;203;land;false;plains;1
8842;25;28;45;land;false;plains;1
8843;71;27;1;land;false;plains;1
8844;8;81;6;land;false;plains;1
8845;248;13;254;land;false;plains;1
8846;103;254;156;land;false;plains;1
8847;6;52;41;land;false;plains;1
8848;221;243;92;land;false;plains;1
8849;28;236;239;land;false;plains;1
8850;55;26;4;land;false;plains;1
8851;21;60;7;land;false;plains;1
8852;198;132;212;land;false;plains;1
8853;99;253;150;land;false;plains;1
8854;155;189;172;land;false;plains;1
8855;234;142;164;land;false;plains;1
8856;226;242;70;land;false;plains;1
8857;233;45;234;land;false;plains;1
8858;236;212;85;land;false;plains;1
8859;36;14;31;land;false;plains;1
8860;225;151;177;land;false;plains;1
8861;101;231;208;land;false;plains;1
8862;246;143;149;land;false;plains;1
8863;210;63;230;land;false;plains;1
8864;179;118;241;land;false;plains;1
8865;249;159;230;land;false;plains;1
8866;81;221;248;land;false;plains;1
8867;248;248;211;land;false;plains;1
8868;143;216;230;land;false;plains;1
8869;150;240;140;land;false;plains;1
8870;3;32;63;land;false;plains;1
8871;65;202;245;land;false;plains;1
8872;74;232;195;land;false;plains;1
8873;236;72;212;land;false;plains;1
8874;247;187;201;land;false;plains;1
8875;199;197;141;land;false;plains;1
8876;131;155;242;land;false;plains;1
8877;35;26;24;land;false;plains;1
8878;234;223;46;land;false;plains;1
8879;14;55;27;land;false;plains;1
8880;151;242;224;land;false;plains;1
8881;210;138;193;land;false;plains;1
8882;250;185;106;land;false;plains;1
8883;208;251;163;land;false;plains;1
8884;23;31;4;land;false;plains;1
8885;126;231;177;land;false;plains;1
8886;233;233;224;land;false;plains;1
8887;24;3;7;land;false;plains;1
8888;55;5;33;land;false;plains;1
8889;183;132;230;land;false;plains;1
8890;120;174;253;land;false;plains;1
8891;15;16;15;land;false;plains;1
8892;226;224;130;land;false;plains;1
8893;1;5;55;land;false;plains;1
8894;155;254;233;land;false;plains;1
8895;203;165;137;land;false;plains;1
8896;246;235;78;land;false;plains;1
8897;234;153;202;land;false;plains;1
8898;137;247;126;land;false;plains;1
8899;203;93;206;land;false;plains;1
8900;210;207;158;land;false;plains;1
8901;61;248;210;land;false;plains;1
8902;124;181;209;land;false;plains;1
8903;108;224;187;land;false;plains;1
8904;8;1;63;land;false;plains;1
8905;254;219;126;land;false;plains;1
8906;112;186;203;land;false;plains;1
8907;211;201;108;land;false;plains;1
8908;252;170;145;land;false;plains;1
8909;28;57;0;land;false;plains;1
8910;131;165;235;land;false;plains;1
8911;237;233;76;land;false;plains;1
8912;123;147;246;land;false;plains;1
8913;38;6;14;land;false;plains;1
8914;100;214;218;land;false;plains;1
8915;116;226;167;land;false;plains;1
8916;173;231;173;land;false;plains;1
8917;146;234;151;land;false;plains;1
8918;22;10;8;land;false;plains;1
8919;26;23;42;land;false;plains;1
8920;31;18;39;land;false;plains;1
8921;26;33;15;land;false;plains;1
8922;245;59;229;land;false;plains;1
8923;248;234;238;land;false;plains;1
8924;128;250;251;land;false;plains;1
8925;191;240;141;land;false;plains;1
8926;165;234;161;land;false;plains;1
8927;230;175;144;land;false;plains;1
8928;199;192;193;land;false;plains;1
8929;242;189;241;land;false;plains;1
8930;43;18;19;land;false;plains;1
8931;157;213;197;land;false;plains;1
8932;235;238;244;land;false;plains;1
8933;223;106;198;land;false;plains;1
8934;233;192;97;land;false;plains;1
8935;174;156;187;land;false;plains;1
8936;230;33;241;land;false;plains;1
8937;214;197;92;land;false;plains;1
8938;192;235;125;land;false;plains;1
8939;22;11;2;land;false;plains;1
8940;227;144;148;land;false;plains;1
8941;252;220;254;land;false;plains;1
8942;55;22;16;land;false;plains;1
8943;6;47;4;land;false;plains;1
8944;254;107;206;land;false;plains;1
8945;178;212;198;land;false;plains;1
8946;159;174;230;land;false;plains;1
8947;152;118;233;land;false;plains;1
8948;254;212;239;land;false;plains;1
8949;29;23;8;land;false;plains;1
8950;34;34;2;land;false;plains;1
8951;223;180;165;land;false;plains;1
8952;167;226;152;land;false;plains;1
8953;228;170;181;land;false;plains;1
8954;235;213;137;land;false;plains;1
8955;217;204;130;land;false;plains;1
8956;38;9;1;land;false;plains;1
8957;217;58;246;land;false;plains;1
8958;221;214;205;land;false;plains;1
8959;174;240;241;land;false;plains;1
8960;39;18;39;land;false;plains;1
8961;202;116;239;land;false;plains;1
8962;228;237;158;land;false;plains;1
8963;170;157;250;land;false;plains;1
8964;249;108;242;land;false;plains;1
8965;104;246;158;land;false;plains;1
8966;195;169;254;land;false;plains;1
8967;150;148;229;land;false;plains;1
8968;121;219;241;land;false;plains;1
8969;126;153;224;land;false;plains;1
8970;176;226;178;land;false;plains;1
8971;168;187;178;land;false;plains;1
8972;88;247;183;land;false;plains;1
8973;212;172;180;land;false;plains;1
8974;18;2;65;land;false;plains;1
8975;234;222;152;land;false;plains;1
8976;181;243;169;land;false;plains;1
8977;148;220;243;land;false;plains;1
8978;198;186;165;land;false;plains;1
8979;209;238;59;land;false;plains;1
8980;217;242;152;land;false;plains;1
8981;155;177;241;land;false;plains;1
8982;210;173;195;land;false;plains;1
8983;53;6;26;land;false;plains;1
8984;22;44;5;land;false;plains;1
8985;22;28;0;land;false;plains;1
8986;14;14;16;land;false;plains;1
8987;15;60;15;land;false;plains;1
8988;237;240;221;land;false;plains;1
8989;234;217;170;land;false;plains;1
8990;166;182;186;land;false;plains;1
8991;227;76;218;land;false;plains;1
8992;234;162;231;land;false;plains;1
8993;190;252;100;land;false;plains;1
8994;152;217;175;land;false;plains;1
8995;16;10;67;land;false;plains;1
8996;242;225;254;land;false;plains;1
8997;196;102;231;land;false;plains;1
8998;57;251;232;land;false;plains;1
8999;32;12;6;land;false;plains;1
9000;167;219;125;land;false;plains;1
9001;87;231;195;land;false;plains;1
9002;12;2;28;land;false;plains;1
9003;247;36;228;land;false;plains;1
9004;172;180;153;land;false;plains;1
9005;125;177;205;land;false;plains;1
9006;5;6;74;land;false;plains;1
9007;19;15;6;land;false;plains;1
9008;211;67;254;land;false;plains;1
9009;240;211;253;land;false;plains;1
9010;2;26;66;land;false;plains;1
9011;211;73;251;land;false;plains;1
9012;153;193;220;land;false;plains;1
9013;174;234;210;land;false;plains;1
9014;246;138;186;land;false;plains;1
9015;252;144;115;land;false;plains;1
9016;240;189;155;land;false;plains;1
9017;196;188;209;land;false;plains;1
9018;0;4;36;land;false;plains;1
9019;173;147;249;land;false;plains;1
9020;147;202;208;land;false;plains;1
9021;181;193;185;land;false;plains;1
9022;143;194;165;land;false;plains;1
9023;205;119;204;land;false;plains;1
9024;188;236;155;land;false;plains;1
9025;196;225;146;land;false;plains;1
9026;34;4;14;land;false;plains;1
9027;222;239;54;land;false;plains;1
9028;157;193;192;land;false;plains;1
9029;122;165;223;land;false;plains;1
9030;239;116;251;land;false;plains;1
9031;206;90;241;land;false;plains;1
9032;26;5;29;land;false;plains;1
9033;3;22;22;land;false;plains;1
9034;208;99;205;land;false;plains;1
9035;238;116;251;land;false;plains;1
9036;193;97;219;land;false;plains;1
9037;5;7;52;land;false;plains;1
9038;124;226;179;land;false;plains;1
9039;210;153;231;land;false;plains;1
9040;236;75;234;land;false;plains;1
9041;140;177;187;land;false;plains;1
9042;103;173;254;land;false;plains;1
9043;44;8;27;land;false;plains;1
9044;27;251;228;land;false;plains;1
9045;237;249;96;land;false;plains;1
9046;167;177;229;land;false;plains;1
9047;243;150;190;land;false;plains;1
9048;28;46;6;land;false;plains;1
9049;28;66;5;land;false;plains;1
9050;217;68;218;land;false;plains;1
9051;180;191;250;land;false;plains;1
9052;25;26;23;land;false;plains;1
9053;225;244;87;land;false;plains;1
9054;142;242;233;land;false;plains;1
9055;219;135;200;land;false;plains;1
9056;188;121;209;land;false;plains;1
9057;46;13;33;land;false;plains;1
9058;1;24;51;land;false;plains;1
9059;10;75;9;land;false;plains;1
9060;239;231;86;land;false;plains;1
9061;106;192;227;land;false;plains;1
9062;1;5;69;land;false;plains;1
9063;167;251;254;land;false;plains;1
9064;30;19;27;land;false;plains;1
9065;146;252;236;land;false;plains;1
9066;247;172;186;land;false;plains;1
9067;217;254;245;land;false;plains;1
9068;205;111;233;land;false;plains;1
9069;9;43;8;land;false;plains;1
9070;1;65;17;land;false;plains;1
9071;192;192;209;land;false;plains;1
9072;87;1;0;land;false;plains;1
9073;20;32;27;land;false;plains;1
9074;6;58;9;land;false;plains;1
9075;244;254;130;land;false;plains;1
9076;227;185;208;land;false;plains;1
9077;191;240;107;land;false;plains;1
9078;231;220;109;land;false;plains;1
9079;140;202;194;land;false;plains;1
9080;23;54;10;land;false;plains;1
9081;13;15;66;land;false;plains;1
9082;175;206;150;land;false;plains;1
9083;251;202;116;land;false;plains;1
9084;232;176;249;land;false;plains;1
9085;170;226;124;land;false;plains;1
9086;246;135;123;land;false;plains;1
9087;238;220;123;land;false;plains;1
9088;203;222;245;land;false;plains;1
9089;240;197;74;land;false;plains;1
9090;235;242;102;land;false;plains;1
9091;188;229;190;land;false;plains;1
9092;16;29;49;land;false;plains;1
9093;183;169;215;land;false;plains;1
9094;234;233;158;land;false;plains;1
9095;207;151;184;land;false;plains;1
9096;40;3;7;land;false;plains;1
9097;1;24;14;land;false;plains;1
9098;201;204;247;land;false;plains;1
9099;24;33;29;land;false;plains;1
9100;54;3;42;land;false;plains;1
9101;46;254;209;land;false;plains;1
9102;16;9;54;land;false;plains;1
9103;229;83;253;land;false;plains;1
9104;74;233;212;land;false;plains;1
9105;128;244;247;land;false;plains;1
9106;117;208;201;land;false;plains;1
9107;227;118;201;land;false;plains;1
9108;1;69;18;land;false;plains;1
9109;170;204;134;land;false;plains;1
9110;88;9;0;land;false;plains;1
9111;238;171;95;land;false;plains;1
9112;238;84;207;land;false;plains;1
9113;163;125;221;land;false;plains;1
9114;244;182;125;land;false;plains;1
9115;153;230;186;land;false;plains;1
9116;195;72;234;land;false;plains;1
9117;199;177;248;land;false;plains;1
9118;194;205;142;land;false;plains;1
9119;229;152;143;land;false;plains;1
9120;123;185;221;land;false;plains;1
9121;47;2;44;land;false;plains;1
9122;8;8;43;land;false;plains;1
9123;87;209;222;land;false;plains;1
9124;228;158;193;land;false;plains;1
9125;54;251;211;land;false;plains;1
9126;240;211;172;land;false;plains;1
9127;243;185;202;land;false;plains;1
9128;235;203;182;land;false;plains;1
9129;171;249;87;land;false;plains;1
9130;100;201;233;land;false;plains;1
9131;2;24;1;land;false;plains;1
9132;24;40;24;land;false;plains;1
9133;167;210;250;land;false;plains;1
9134;244;242;236;land;false;plains;1
9135;211;128;231;land;false;plains;1
9136;126;159;253;land;false;plains;1
9137;196;253;155;land;false;plains;1
9138;107;182;220;land;false;plains;1
9139;193;209;124;land;false;plains;1
9140;227;222;191;land;false;plains;1
9141;114;221;171;land;false;plains;1
9142;163;153;245;land;false;plains;1
9143;32;10;52;land;false;plains;1
9144;6;35;46;land;false;plains;1
9145;214;248;202;land;false;plains;1
9146;195;125;211;land;false;plains;1
9147;10;60;13;land;false;plains;1
9148;6;78;6;land;false;plains;1
9149;90;200;235;land;false;plains;1
9150;198;170;163;land;false;plains;1
9151;21;34;26;land;false;plains;1
9152;206;213;144;land;false;plains;1
9153;233;212;242;land;false;plains;1
9154;186;195;121;land;false;plains;1
9155;130;157;245;land;false;plains;1
9156;21;16;62;land;false;plains;1
9157;122;198;225;land;false;plains;1
9158;207;81;234;land;false;plains;1
9159;61;10;28;land;false;plains;1
9160;71;7;10;land;false;plains;1
9161;185;226;216;land;false;plains;1
9162;244;199;119;land;false;plains;1
9163;44;43;8;land;false;plains;1
9164;238;64;228;land;false;plains;1
9165;140;242;203;land;false;plains;1
9166;200;137;171;land;false;plains;1
9167;142;202;176;land;false;plains;1
9168;217;153;174;land;false;plains;1
9169;12;86;1;land;false;plains;1
9170;209;82;246;land;false;plains;1
9171;224;154;165;land;false;plains;1
9172;215;186;195;land;false;plains;1
9173;237;160;114;land;false;plains;1
9174;25;21;2;land;false;plains;1
9175;48;0;5;land;false;plains;1
9176;250;212;94;land;false;plains;1
9177;222;247;217;land;false;plains;1
9178;7;29;43;land;false;plains;1
9179;27;19;10;land;false;plains;1
9180;225;148;240;land;false;plains;1
9181;228;253;151;land;false;plains;1
9182;254;191;101;land;false;plains;1
9183;16;21;16;land;false;plains;1
9184;22;50;25;land;false;plains;1
9185;204;221;235;land;false;plains;1
9186;211;229;82;land;false;plains;1
9187;219;156;206;land;false;plains;1
9188;188;215;114;land;false;plains;1
9189;238;75;229;land;false;plains;1
9190;224;207;187;land;false;plains;1
9191;199;249;73;land;false;plains;1
9192;234;201;71;land;false;plains;1
9193;74;248;192;land;false;plains;1
9194;5;46;13;land;false;plains;1
9195;216;118;229;land;false;plains;1
9196;155;232;241;land;false;plains;1
9197;213;202;188;land;false;plains;1
9198;241;244;113;land;false;plains;1
9199;108;239;178;land;false;plains;1
9200;10;2;52;land;false;plains;1
9201;232;235;217;land;false;plains;1
9202;246;180;99;land;false;plains;1
9203;240;220;237;land;false;plains;1
9204;36;10;13;land;false;plains;1
9205;14;55;21;land;false;plains;1
9206;11;7;15;land;false;plains;1
9207;88;215;210;land;false;plains;1
9208;235;241;185;land;false;plains;1
9209;166;244;235;land;false;plains;1
9210;142;241;121;land;false;plains;1
9211;186;162;196;land;false;plains;1
9212;162;250;151;land;false;plains;1
9213;5;42;36;land;false;plains;1
9214;19;4;15;land;false;plains;1
9215;109;177;247;land;false;plains;1
9216;113;229;166;land;false;plains;1
9217;21;21;38;land;false;plains;1
9218;196;129;233;land;false;plains;1
9219;17;32;16;land;false;plains;1
9220;166;237;172;land;false;plains;1
9221;183;134;237;land;false;plains;1
9222;13;3;58;land;false;plains;1
9223;245;164;232;land;false;plains;1
9224;69;16;14;land;false;plains;1
9225;239;223;222;land;false;plains;1
9226;1;26;34;land;false;plains;1
9227;187;146;214;land;false;plains;1
9228;37;36;7;land;false;plains;1
9229;68;190;249;land;false;plains;1
9230;22;10;57;land;false;plains;1
9231;132;184;249;land;false;plains;1
9232;113;218;177;land;false;plains;1
9233;132;237;229;land;false;plains;1
9234;188;243;175;land;false;plains;1
9235;49;21;16;land;false;plains;1
9236;0;38;17;land;false;plains;1
9237;175;155;188;land;false;plains;1
9238;251;83;233;land;false;plains;1
9239;202;179;210;land;false;plains;1
9240;237;213;176;land;false;plains;1
9241;165;248;239;land;false;plains;1
9242;225;146;153;land;false;plains;1
9243;226;157;164;land;false;plains;1
9244;216;230;152;land;false;plains;1
9245;40;10;4;land;false;plains;1
9246;42;13;32;land;false;plains;1
9247;188;136;183;land;false;plains;1
9248;16;81;2;land;false;plains;1
9249;6;22;20;land;false;plains;1
9250;4;21;58;land;false;plains;1
9251;7;83;7;land;false;plains;1
9252;4;6;75;land;false;plains;1
9253;183;110;211;land;false;plains;1
9254;199;232;215;land;false;plains;1
9255;240;185;159;land;false;plains;1
9256;242;140;237;land;false;plains;1
9257;143;134;232;land;false;plains;1
9258;123;238;187;land;false;plains;1
9259;231;232;38;land;false;plains;1
9260;176;163;162;land;false;plains;1
9261;137;236;182;land;false;plains;1
9262;59;2;29;land;false;plains;1
9263;5;0;32;land;false;plains;1
9264;223;181;226;land;false;plains;1
9265;218;163;146;land;false;plains;1
9266;17;33;30;land;false;plains;1
9267;224;174;209;land;false;plains;1
9268;249;247;253;land;false;plains;1
9269;98;229;236;land;false;plains;1
9270;109;203;198;land;false;plains;1
9271;197;142;245;land;false;plains;1
9272;230;198;231;land;false;plains;1
9273;199;245;73;land;false;plains;1
9274;120;196;230;land;false;plains;1
9275;230;216;223;land;false;plains;1
9276;54;223;243;land;false;plains;1
9277;219;155;159;land;false;plains;1
9278;16;12;10;land;false;plains;1
9279;202;240;61;land;false;plains;1
9280;227;238;225;land;false;plains;1
9281;236;232;131;land;false;plains;1
9282;11;15;54;land;false;plains;1
9283;194;195;115;land;false;plains;1
9284;220;194;93;land;false;plains;1
9285;29;7;62;land;false;plains;1
9286;251;145;167;land;false;plains;1
9287;120;242;158;land;false;plains;1
9288;210;82;221;land;false;plains;1
9289;219;219;168;land;false;plains;1
9290;233;238;154;land;false;plains;1
9291;30;17;9;land;false;plains;1
9292;162;209;202;land;false;plains;1
9293;8;34;21;land;false;plains;1
9294;83;182;239;land;false;plains;1
9295;242;66;244;land;false;plains;1
9296;143;218;220;land;false;plains;1
9297;126;197;252;land;false;plains;1
9298;51;6;21;land;false;plains;1
9299;26;27;37;land;false;plains;1
9300;8;35;33;land;false;plains;1
9301;199;236;191;land;false;plains;1
9302;120;200;214;land;false;plains;1
9303;241;154;249;land;false;plains;1
9304;234;90;217;land;false;plains;1
9305;154;196;248;land;false;plains;1
9306;33;29;25;land;false;plains;1
9307;212;109;250;land;false;plains;1
9308;238;239;84;land;false;plains;1
9309;156;215;236;land;false;plains;1
9310;249;104;206;land;false;plains;1
9311;152;239;129;land;false;plains;1
9312;71;19;6;land;false;plains;1
9313;224;131;241;land;false;plains;1
9314;0;32;34;land;false;plains;1
9315;212;207;118;land;false;plains;1
9316;183;231;235;land;false;plains;1
9317;63;0;14;land;false;plains;1
9318;19;15;8;land;false;plains;1
9319;183;155;209;land;false;plains;1
9320;195;139;177;land;false;plains;1
9321;168;232;225;land;false;plains;1
9322;15;19;42;land;false;plains;1
9323;3;65;18;land;false;plains;1
9324;71;184;250;land;false;plains;1
9325;247;116;174;land;false;plains;1
9326;17;57;9;land;false;plains;1
9327;202;139;185;land;false;plains;1
9328;15;1;79;land;false;plains;1
9329;253;169;169;land;false;plains;1
9330;219;125;204;land;false;plains;1
9331;52;3;19;land;false;plains;1
9332;50;0;48;land;false;plains;1
9333;26;29;34;land;false;plains;1
9334;135;157;235;land;false;plains;1
9335;189;201;251;land;false;plains;1
9336;52;8;0;land;false;plains;1
9337;230;168;254;land;false;plains;1
9338;235;218;134;land;false;plains;1
9339;175;247;92;land;false;plains;1
9340;36;14;25;land;false;plains;1
9341;76;244;198;land;false;plains;1
9342;224;151;208;land;false;plains;1
9343;6;56;2;land;false;plains;1
9344;2;23;50;land;false;plains;1
9345;108;219;194;land;false;plains;1
9346;193;213;103;land;false;plains;1
9347;228;174;173;land;false;plains;1
9348;157;175;246;land;false;plains;1
9349;11;4;6;land;false;plains;1
9350;248;189;205;land;false;plains;1
9351;42;47;10;land;false;plains;1
9352;243;65;227;land;false;plains;1
9353;29;0;49;land;false;plains;1
9354;186;156;239;land;false;plains;1
9355;11;7;20;land;false;plains;1
9356;3;36;10;land;false;plains;1
9357;158;201;160;land;false;plains;1
9358;207;118;179;land;false;plains;1
9359;236;219;51;land;false;plains;1
9360;195;118;230;land;false;plains;1
9361;244;134;212;land;false;plains;1
9362;52;6;12;land;false;plains;1
9363;14;25;49;land;false;plains;1
9364;193;209;137;land;false;plains;1
9365;217;150;138;land;false;plains;1
9366;180;201;190;land;false;plains;1
9367;225;250;238;land;false;plains;1
9368;49;6;14;land;false;plains;1
9369;5;8;10;land;false;plains;1
9370;228;228;251;land;false;plains;1
9371;172;228;188;land;false;plains;1
9372;250;184;205;land;false;plains;1
9373;102;219;251;land;false;plains;1
9374;218;181;245;land;false;plains;1
9375;159;192;219;land;false;plains;1
9376;41;24;17;land;false;plains;1
9377;30;3;15;land;false;plains;1
9378;8;2;53;land;false;plains;1
9379;217;148;136;land;false;plains;1
9380;231;228;84;land;false;plains;1
9381;74;1;13;land;false;plains;1
9382;244;211;246;land;false;plains;1
9383;134;227;233;land;false;plains;1
9384;254;196;246;land;false;plains;1
9385;183;187;185;land;false;plains;1
9386;187;182;158;land;false;plains;1
9387;113;221;237;land;false;plains;1
9388;148;212;199;land;false;plains;1
9389;198;132;252;land;false;plains;1
9390;17;13;41;land;false;plains;1
9391;139;231;216;land;false;plains;1
9392;60;2;7;land;false;plains;1
9393;236;192;207;land;false;plains;1
9394;231;102;211;land;false;plains;1
9395;177;254;78;land;false;plains;1
9396;32;34;0;land;false;plains;1
9397;206;220;204;land;false;plains;1
9398;61;247;219;land;false;plains;1
9399;227;191;254;land;false;plains;1
9400;19;7;20;land;false;plains;1
9401;254;241;170;land;false;plains;1
9402;198;163;197;land;false;plains;1
9403;16;21;41;land;false;plains;1
9404;197;110;248;land;false;plains;1
9405;82;228;221;land;false;plains;1
9406;218;160;246;land;false;plains;1
9407;215;215;164;land;false;plains;1
9408;201;197;253;land;false;plains;1
9409;221;211;109;land;false;plains;1
9410;189;179;186;land;false;plains;1
9411;115;216;195;land;false;plains;1
9412;8;5;70;land;false;plains;1
9413;10;6;23;land;false;plains;1
9414;11;41;12;land;false;plains;1
9415;244;150;173;land;false;plains;1
9416;172;185;205;land;false;plains;1
9417;250;221;246;land;false;plains;1
9418;2;14;49;land;false;plains;1
9419;158;211;170;land;false;plains;1
9420;3;63;27;land;false;plains;1
9421;19;31;43;land;false;plains;1
9422;16;28;22;land;false;plains;1
9423;22;39;26;land;false;plains;1
9424;28;12;25;land;false;plains;1
9425;94;236;201;land;false;plains;1
9426;2;29;0;land;false;plains;1
9427;53;3;6;land;false;plains;1
9428;74;3;1;land;false;plains;1
9429;231;24;250;land;false;plains;1
9430;244;210;110;land;false;plains;1
9431;91;249;174;land;false;plains;1
9432;251;37;219;land;false;plains;1
9433;40;18;33;land;false;plains;1
9434;39;5;13;land;false;plains;1
9435;249;225;193;land;false;plains;1
9436;54;15;29;land;false;plains;1
9437;95;241;202;land;false;plains;1
9438;109;178;227;land;false;plains;1
9439;67;22;6;land;false;plains;1
9440;6;25;8;land;false;plains;1
9441;3;60;17;land;false;plains;1
9442;12;8;6;land;false;plains;1
9443;252;239;26;land;false;plains;1
9444;26;39;11;land;false;plains;1
9445;3;16;76;land;false;plains;1
9446;203;101;202;land;false;plains;1
9447;249;244;19;land;false;plains;1
9448;207;157;186;land;false;plains;1
9449;240;237;235;land;false;plains;1
9450;223;235;181;land;false;plains;1
9451;121;235;185;land;false;plains;1
9452;4;10;60;land;false;plains;1
9453;25;37;30;land;false;plains;1
9454;1;34;45;land;false;plains;1
9455;134;219;201;land;false;plains;1
9456;122;253;235;land;false;plains;1
9457;7;70;21;land;false;plains;1
9458;41;13;15;land;false;plains;1
9459;0;13;81;land;false;plains;1
9460;103;244;181;land;false;plains;1
9461;176;151;180;land;false;plains;1
9462;252;243;107;land;false;plains;1
9463;4;15;75;land;false;plains;1
9464;11;6;19;land;false;plains;1
9465;30;10;7;land;false;plains;1
9466;21;3;65;land;false;plains;1
9467;62;18;14;land;false;plains;1
9468;218;164;212;land;false;plains;1
9469;24;6;61;land;false;plains;1
9470;23;43;6;land;false;plains;1
9471;11;23;55;land;false;plains;1
9472;20;21;46;land;false;plains;1
9473;0;76;18;land;false;plains;1
9474;32;26;18;land;false;plains;1
9475;225;103;242;land;false;plains;1
9476;174;126;236;land;false;plains;1
9477;23;0;39;land;false;plains;1
9478;227;191;155;land;false;plains;1
9479;196;165;240;land;false;plains;1
9480;248;57;248;land;false;plains;1
9481;243;162;184;land;false;plains;1
9482;133;233;218;land;false;plains;1
9483;49;0;27;land;false;plains;1
9484;39;41;15;land;false;plains;1
9485;106;245;181;land;false;plains;1
9486;65;245;215;land;false;plains;1
9487;8;51;17;land;false;plains;1
9488;7;20;45;land;false;plains;1
9489;54;19;21;land;false;plains;1
9490;243;194;107;land;false;plains;1
9491;124;253;250;land;false;plains;1
9492;23;38;13;land;false;plains;1
9493;49;0;9;land;false;plains;1
9494;44;10;9;land;false;plains;1
9495;63;0;29;land;false;plains;1
9496;38;36;5;land;false;plains;1
9497;48;39;3;land;false;plains;1
9498;5;38;32;land;false;plains;1
9499;48;19;25;land;false;plains;1
9500;58;6;7;land;false;plains;1
9501;3;11;55;land;false;plains;1
9502;197;201;122;land;false;plains;1
9503;235;163;126;land;false;plains;1
9504;37;2;26;land;false;plains;1
9505;32;63;0;land;false;plains;1
9506;56;0;27;land;false;plains;1
9507;19;41;19;land;false;plains;1
9508;8;17;37;land;false;plains;1
9509;53;12;14;land;false;plains;1
9510;38;5;25;land;false;plains;1
9511;13;30;52;land;false;plains;1
9512;13;47;8;land;false;plains;1
9513;8;52;37;land;false;plains;1
9514;198;176;155;land;false;plains;1
9515;214;254;97;land;false;plains;1
9516;74;250;192;land;false;plains;1
9517;14;75;5;land;false;plains;1
9518;220;140;165;land;false;plains;1
9519;57;11;26;land;false;plains;1
9520;227;253;166;land;false;plains;1
9521;11;3;76;land;false;plains;1
9522;38;0;45;land;false;plains;1
9523;42;26;16;land;false;plains;1
9524;120;215;205;land;false;plains;1
9525;35;19;19;land;false;plains;1
9526;239;253;23;land;false;plains;1
9527;61;25;12;land;false;plains;1
9528;9;58;13;land;false;plains;1
9529;1;4;7;land;false;plains;1
9530;51;10;36;land;false;plains;1
9531;17;11;68;land;false;plains;1
9532;34;18;32;land;false;plains;1
9533;24;5;30;land;false;plains;1
9534;40;37;13;land;false;plains;1
9535;3;7;11;land;false;plains;1
9536;30;50;7;land;false;plains;1
9537;251;79;206;land;false;plains;1
9538;65;4;13;land;false;plains;1
9539;14;7;72;land;false;plains;1
9540;5;40;21;land;false;plains;1
9541;17;21;56;land;false;plains;1
9542;190;169;239;land;false;plains;1
9543;113;250;182;land;false;plains;1
9544;57;17;7;land;false;plains;1
9545;10;24;37;land;false;plains;1
9546;100;245;216;land;false;plains;1
9547;6;46;36;land;false;plains;1
9548;37;49;11;land;false;plains;1
9549;80;11;1;land;false;plains;1
9550;22;24;30;land;false;plains;1
9551;36;21;1;land;false;plains;1
9552;27;6;46;land;false;plains;1
9553;2;21;2;land;false;plains;1
9554;22;32;21;land;false;plains;1
9555;242;196;148;land;false;plains;1
9556;45;6;39;land;false;plains;1
9557;15;1;60;land;false;plains;1
9558;12;15;20;land;false;plains;1
9559;7;25;3;land;false;plains;1
9560;14;79;5;land;false;plains;1
9561;38;30;29;land;false;plains;1
9562;38;25;2;land;false;plains;1
9563;26;15;6;land;false;plains;1
9564;12;4;31;land;false;plains;1
9565;41;7;50;land;false;plains;1
9566;27;20;14;land;false;plains;1
9567;30;1;24;land;false;plains;1
9568;52;30;2;land;false;plains;1
9569;1;32;34;land;false;plains;1
9570;4;17;41;land;false;plains;1
9571;4;39;26;land;false;plains;1
9572;11;39;1;land;false;plains;1
9573;2;78;9;land;false;plains;1
9574;10;10;32;land;false;plains;1
9575;55;13;15;land;false;plains;1
9576;19;6;13;land;false;plains;1
9577;1;44;0;land;false;plains;1
9578;18;45;13;land;false;plains;1
9579;32;5;5;land;false;plains;1
9580;34;37;24;land;false;plains;1
9581;144;187;243;land;false;plains;1
9582;242;232;226;land;false;plains;1
9583;40;37;19;land;false;plains;1
9584;28;31;24;land;false;plains;1
9585;51;30;9;land;false;plains;1
9586;56;22;7;land;false;plains;1
9587;0;21;61;land;false;plains;1
9588;12;52;10;land;false;plains;1
9589;21;11;35;land;false;plains;1
9590;34;3;15;land;false;plains;1
9591;22;18;9;land;false;plains;1
9592;24;20;3;land;false;plains;1
9593;59;10;0;land;false;plains;1
9594;8;0;24;land;false;plains;1
9595;3;37;47;land;false;plains;1
9596;67;10;19;land;false;plains;1
9597;12;32;7;land;false;plains;1
9598;6;0;65;land;false;plains;1
9599;39;40;19;land;false;plains;1
9600;20;1;58;land;false;plains;1
9601;19;36;11;land;false;plains;1
9602;20;48;26;land;false;plains;1
9603;14;2;29;land;false;plains;1
9604;27;7;26;land;false;plains;1
9605;37;35;16;land;false;plains;1
9606;16;0;37;land;false;plains;1
9607;21;19;27;land;false;plains;1
9608;25;43;7;land;false;plains;1
9609;11;82;4;land;false;plains;1
9610;18;28;17;land;false;plains;1
9611;13;0;14;land;false;plains;1
9612;21;32;39;land;false;plains;1
9613;6;32;3;land;false;plains;1
9614;23;4;39;land;false;plains;1
9615;241;144;238;land;false;plains;1
9616;17;12;36;land;false;plains;1
9617;2;34;17;land;false;plains;1
9618;6;5;19;land;false;plains;1
9619;44;52;3;land;false;plains;1
9620;16;5;9;land;false;plains;1
9621;17;21;17;land;false;plains;1
9622;45;16;35;land;false;plains;1
9623;7;51;22;land;false;plains;1
9624;143;228;237;land;false;plains;1
9625;11;5;42;land;false;plains;1
9626;28;7;49;land;false;plains;1
9627;26;18;45;land;false;plains;1
9628;35;11;21;land;false;plains;1
9629;19;6;59;land;false;plains;1
9630;25;63;7;land;false;plains;1
9631;35;15;4;land;false;plains;1
9632;20;26;41;land;false;plains;1
9633;21;54;5;land;false;plains;1
9634;180;254;85;land;false;plains;1
9635;32;23;6;land;false;plains;1
9636;3;36;53;land;false;plains;1
9637;10;52;0;land;false;plains;1
9638;245;34;249;land;false;plains;1
9639;50;1;21;land;false;plains;1
9640;19;26;43;land;false;plains;1
9641;41;19;17;land;false;plains;1
9642;44;3;11;land;false;plains;1
9643;25;42;18;land;false;plains;1
9644;23;5;29;land;false;plains;1
9645;1;57;23;land;false;plains;1
9646;1;11;36;land;false;plains;1
9647;38;36;9;land;false;plains;1
9648;2;10;40;land;false;plains;1
9649;47;13;4;land;false;plains;1
9650;23;12;29;land;false;plains;1
9651;39;40;4;land;false;plains;1
9652;34;20;43;land;false;plains;1
9653;9;45;23;land;false;plains;1
9654;25;52;13;land;false;plains;1
9655;5;31;28;land;false;plains;1
9656;36;6;16;land;false;plains;1
9657;20;10;60;land;false;plains;1
9658;21;28;37;land;false;plains;1
9659;80;18;0;land;false;plains;1
9660;24;1;42;land;false;plains;1
9661;9;7;41;land;false;plains;1
9662;14;12;35;land;false;plains;1
9663;38;33;8;land;false;plains;1
9664;3;26;68;land;false;plains;1
9665;7;46;1;land;false;plains;1
9666;11;3;80;land;false;plains;1
9667;56;3;24;land;false;plains;1
9668;16;2;41;land;false;plains;1
9669;2;50;42;land;false;plains;1
9670;0;35;50;land;false;plains;1
9671;62;8;18;land;false;plains;1
9672;10;1;81;land;false;plains;1
9673;3;65;12;land;false;plains;1
9674;14;40;24;land;false;plains;1
9675;8;33;16;land;false;plains;1
9676;41;23;33;land;false;plains;1
9677;0;5;68;land;false;plains;1
9678;0;50;16;land;false;plains;1
9679;6;5;17;land;false;plains;1
9680;3;49;31;land;false;plains;1
9681;55;9;6;land;false;plains;1
9682;33;24;20;land;false;plains;1
9683;19;24;42;land;false;plains;1
9684;17;61;16;land;false;plains;1
9685;59;27;8;land;false;plains;1
9686;26;35;30;land;false;plains;1
9687;1;44;15;land;false;plains;1
9688;57;34;6;land;false;plains;1
9689;36;42;4;land;false;plains;1
9690;7;15;0;land;false;plains;1
9691;13;74;7;land;false;plains;1
9692;45;29;19;land;false;plains;1
9693;1;28;23;land;false;plains;1
9694;1;65;3;land;false;plains;1
9695;40;9;17;land;false;plains;1
9696;30;31;36;land;false;plains;1
9697;82;3;11;land;false;plains;1
9698;7;53;23;land;false;plains;1
9699;22;55;12;land;false;plains;1
9700;4;30;32;land;false;plains;1
9701;40;3;49;land;false;plains;1
9702;7;18;64;land;false;plains;1
9703;20;15;47;land;false;plains;1
9704;4;16;72;land;false;plains;1
9705;5;11;26;land;false;plains;1
9706;52;34;4;land;false;plains;1
9707;2;1;79;land;false;plains;1
9708;77;1;21;land;false;plains;1
9709;57;4;36;land;false;plains;1
9710;16;1;12;land;false;plains;1
9711;2;10;68;land;false;plains;1
9712;12;22;4;land;false;plains;1
9713;19;53;5;land;false;plains;1
9714;11;67;6;land;false;plains;1
9715;3;2;70;land;false;plains;1
9716;11;69;0;land;false;plains;1
9717;22;9;21;land;false;plains;1
9718;10;53;16;land;false;plains;1
9719;26;18;23;land;false;plains;1
9720;20;62;11;land;false;plains;1
9721;46;17;4;land;false;plains;1
9722;22;0;55;land;false;plains;1
9723;10;33;48;land;false;plains;1
9724;21;12;62;land;false;plains;1
9725;56;38;5;land;false;plains;1
9726;41;31;1;land;false;plains;1
9727;16;9;42;land;false;plains;1
9728;47;15;33;land;false;plains;1
9729;55;11;23;land;false;plains;1
9730;5;39;35;land;false;plains;1
9731;50;1;25;land;false;plains;1
9732;8;53;10;land;false;plains;1
9733;72;18;0;land;false;plains;1
9734;6;8;44;land;false;plains;1
9735;50;14;19;land;false;plains;1
9736;6;14;24;land;false;plains;1
9737;37;4;52;land;false;plains;1
9738;30;17;25;land;false;plains;1
9739;4;58;34;land;false;plains;1
9740;22;6;16;land;false;plains;1
9741;9;13;64;land;false;plains;1
9742;89;0;2;land;false;plains;1
9743;2;35;12;land;false;plains;1
9744;3;8;70;land;false;plains;1
9745;36;3;58;land;false;plains;1
9746;1;38;59;land;false;plains;1
9747;11;50;4;land;false;plains;1
9748;22;73;0;land;false;plains;1
9749;82;9;2;land;false;plains;1
9750;12;30;46;land;false;plains;1
9751;16;24;14;land;false;plains;1
9752;8;32;47;land;false;plains;1
9753;2;3;34;land;false;plains;1
9754;6;19;46;land;false;plains;1
9755;16;67;8;land;false;plains;1
9756;27;2;36;land;false;plains;1
9757;0;12;6;land;false;plains;1
9758;15;51;11;land;false;plains;1
9759;62;8;16;land;false;plains;1
9760;62;26;6;land;false;plains;1
9761;17;25;13;land;false;plains;1
9762;50;12;13;land;false;plains;1
9763;24;42;10;land;false;plains;1
9764;33;9;7;land;false;plains;1
9765;1;22;26;land;false;plains;1
9766;36;10;3;land;false;plains;1
9767;3;34;26;land;false;plains;1
9768;21;18;5;land;false;plains;1
9769;52;2;0;land;false;plains;1
9770;15;38;42;land;false;plains;1
9771;53;5;39;land;false;plains;1
9772;9;79;7;land;false;plains;1
9773;11;55;23;land;false;plains;1
9774;20;19;22;land;false;plains;1
9775;19;51;21;land;false;plains;1
9776;6;48;21;land;false;plains;1
9777;6;22;0;land;false;plains;1
9778;2;21;52;land;false;plains;1
9779;4;30;24;land;false;plains;1
9780;1;3;77;land;false;plains;1
9781;77;14;4;land;false;plains;1
9782;61;6;21;land;false;plains;1
9783;40;43;12;land;false;plains;1
9784;7;24;2;land;false;plains;1
9785;17;6;7;land;false;plains;1
9786;0;25;35;land;false;plains;1
9787;24;45;1;land;false;plains;1
9788;11;52;25;land;false;plains;1
9789;65;15;19;land;false;plains;1
9790;26;58;5;land;false;plains;1
9791;28;2;49;land;false;plains;1
9792;18;6;40;land;false;plains;1
9793;6;61;12;land;false;plains;1
9794;60;17;10;land;false;plains;1
9795;56;22;15;land;false;plains;1
9796;10;56;19;land;false;plains;1
9797;47;26;20;land;false;plains;1
9798;22;34;2;land;false;plains;1
9799;3;55;28;land;false;plains;1
9800;3;44;34;land;false;plains;1
9801;1;52;32;land;false;plains;1
9802;16;0;23;land;false;plains;1
9803;12;76;9;land;false;plains;1
9804;3;50;40;land;false;plains;1
9805;64;13;17;land;false;plains;1
9806;66;0;33;land;false;plains;1
9807;208;183;111;land;false;plains;1
9808;195;149;175;land;false;plains;1
9809;46;6;5;land;false;plains;1
9810;18;11;3;land;false;plains;1
9811;153;220;177;land;false;plains;1
9812;6;11;57;land;false;plains;1
9813;178;222;226;land;false;plains;1
9814;9;5;26;land;false;plains;1
9815;49;26;24;land;false;plains;1
9816;103;218;201;land;false;plains;1
9817;6;41;14;land;false;plains;1
9818;215;235;110;land;false;plains;1
9819;41;21;11;land;false;plains;1
9820;19;10;37;land;false;plains;1
9821;170;229;146;land;false;plains;1
9822;163;151;231;land;false;plains;1
9823;40;251;219;land;false;plains;1
9824;210;242;137;land;false;plains;1
9825;23;22;42;land;false;plains;1
9826;129;203;217;land;false;plains;1
9827;55;10;22;land;false;plains;1
9828;143;142;223;land;false;plains;1
9829;10;1;46;land;false;plains;1
9830;5;1;24;land;false;plains;1
9831;86;3;1;land;false;plains;1
9832;165;188;195;land;false;plains;1
9833;178;109;247;land;false;plains;1
9834;254;226;57;land;false;plains;1
9835;13;64;18;land;false;plains;1
9836;235;205;150;land;false;plains;1
9837;6;22;61;land;false;plains;1
9838;252;152;238;land;false;plains;1
9839;2;9;1;land;false;plains;1
9840;233;212;102;land;false;plains;1
9841;225;182;142;land;false;plains;1
9842;14;33;46;land;false;plains;1
9843;6;23;33;land;false;plains;1
9844;5;56;6;land;false;plains;1
9845;14;16;32;land;false;plains;1
9846;12;6;27;land;false;plains;1
9847;194;162;181;land;false;plains;1
9848;190;153;202;land;false;plains;1
9849;42;20;23;land;false;plains;1
9850;199;118;253;land;false;plains;1
9851;130;231;245;land;false;plains;1
9852;187;110;207;land;false;plains;1
9853;189;170;252;land;false;plains;1
9854;239;150;121;land;false;plains;1
9855;206;246;104;land;false;plains;1
9856;87;3;9;land;false;plains;1
9857;243;162;178;land;false;plains;1
9858;45;41;3;land;false;plains;1
9859;203;254;124;land;false;plains;1
9860;220;254;232;land;false;plains;1
9861;230;69;224;land;false;plains;1
9862;7;61;9;land;false;plains;1
9863;253;235;111;land;false;plains;1
9864;228;226;201;land;false;plains;1
9865;180;186;198;land;false;plains;1
9866;42;34;0;land;false;plains;1
9867;199;89;218;land;false;plains;1
9868;21;22;43;land;false;plains;1
9869;192;164;214;land;false;plains;1
9870;87;246;191;land;false;plains;1
9871;10;40;35;land;false;plains;1
9872;1;37;61;land;false;plains;1
9873;20;70;7;land;false;plains;1
9874;247;158;124;land;false;plains;1
9875;193;247;234;land;false;plains;1
9876;224;97;252;land;false;plains;1
9877;239;104;179;land;false;plains;1
9878;215;248;83;land;false;plains;1
9879;13;14;32;land;false;plains;1
9880;239;205;196;land;false;plains;1
9881;207;252;132;land;false;plains;1
9882;147;241;113;land;false;plains;1
9883;5;29;58;land;false;plains;1
9884;71;0;8;land;false;plains;1
9885;0;25;2;land;false;plains;1
9886;243;244;78;land;false;plains;1
9887;52;6;30;land;false;plains;1
9888;238;162;205;land;false;plains;1
9889;8;20;35;land;false;plains;1
9890;32;24;24;land;false;plains;1
9891;240;158;107;land;false;plains;1
9892;53;217;238;land;false;plains;1
9893;239;108;212;land;false;plains;1
9894;247;155;174;land;false;plains;1
9895;165;242;242;land;false;plains;1
9896;172;197;168;land;false;plains;1
9897;1;80;5;land;false;plains;1
9898;244;57;208;land;false;plains;1
9899;96;194;226;land;false;plains;1
9900;64;214;246;land;false;plains;1
9901;153;194;217;land;false;plains;1
9902;230;38;243;land;false;plains;1
9903;24;44;29;land;false;plains;1
9904;0;29;14;land;false;plains;1
9905;171;232;191;land;false;plains;1
9906;214;229;153;land;false;plains;1
9907;116;198;248;land;false;plains;1
9908;42;36;21;land;false;plains;1
9909;253;168;235;land;false;plains;1
9910;139;229;243;land;false;plains;1
9911;35;12;50;land;false;plains;1
9912;254;112;184;land;false;plains;1
9913;254;170;114;land;false;plains;1
9914;134;252;186;land;false;plains;1
9915;243;130;217;land;false;plains;1
9916;75;253;240;land;false;plains;1
9917;192;179;253;land;false;plains;1
9918;42;2;15;land;false;plains;1
9919;230;243;85;land;false;plains;1
9920;146;187;240;land;false;plains;1
9921;139;251;166;land;false;plains;1
9922;152;148;232;land;false;plains;1
9923;230;176;242;land;false;plains;1
9924;29;9;57;land;false;plains;1
9925;46;2;28;land;false;plains;1
9926;17;7;61;land;false;plains;1
9927;5;15;69;land;false;plains;1
9928;238;118;179;land;false;plains;1
9929;89;1;4;land;false;plains;1
9930;240;237;211;land;false;plains;1
9931;139;174;205;land;false;plains;1
9932;123;244;156;land;false;plains;1
9933;27;23;30;land;false;plains;1
9934;27;42;8;land;false;plains;1
9935;152;248;211;land;false;plains;1
9936;175;216;167;land;false;plains;1
9937;2;74;4;land;false;plains;1
9938;166;143;199;land;false;plains;1
9939;235;153;181;land;false;plains;1
9940;189;197;186;land;false;plains;1
9941;231;213;239;land;false;plains;1
9942;83;251;180;land;false;plains;1
9943;142;230;241;land;false;plains;1
9944;179;123;227;land;false;plains;1
9945;34;13;44;land;false;plains;1
9946;190;116;229;land;false;plains;1
9947;45;9;28;land;false;plains;1
9948;166;254;130;land;false;plains;1
9949;127;184;233;land;false;plains;1
9950;104;211;215;land;false;plains;1
9951;72;7;15;land;false;plains;1
9952;20;20;40;land;false;plains;1
9953;238;102;167;land;false;plains;1
9954;181;248;247;land;false;plains;1
9955;137;176;207;land;false;plains;1
9956;242;101;213;land;false;plains;1
9957;32;12;35;land;false;plains;1
9958;61;29;7;land;false;plains;1
9959;216;241;62;land;false;plains;1
9960;227;145;192;land;false;plains;1
9961;116;195;211;land;false;plains;1
9962;219;121;252;land;false;plains;1
9963;96;242;216;land;false;plains;1
9964;37;38;6;land;false;plains;1
9965;153;245;224;land;false;plains;1
9966;241;186;204;land;false;plains;1
9967;128;209;207;land;false;plains;1
9968;196;95;238;land;false;plains;1
9969;144;209;191;land;false;plains;1
9970;161;128;245;land;false;plains;1
9971;80;225;216;land;false;plains;1
9972;248;131;168;land;false;plains;1
9973;126;189;215;land;false;plains;1
9974;195;210;185;land;false;plains;1
9975;203;221;151;land;false;plains;1
9976;3;28;43;land;false;plains;1
9977;26;22;45;land;false;plains;1
9978;8;8;79;land;false;plains;1
9979;5;13;62;land;false;plains;1
9980;51;0;14;land;false;plains;1
9981;225;133;179;land;false;plains;1
9982;80;244;226;land;false;plains;1
9983;175;157;206;land;false;plains;1
9984;60;17;14;land;false;plains;1
9985;40;6;44;land;false;plains;1
9986;54;235;252;land;false;plains;1
9987;193;174;210;land;false;plains;1
9988;244;252;17;land;false;plains;1
9989;243;141;237;land;false;plains;1
9990;215;173;199;land;false;plains;1
9991;21;69;9;land;false;plains;1
9992;110;179;240;land;false;plains;1
9993;208;90;242;land;false;plains;1
9994;215;146;251;land;false;plains;1
9995;205;137;199;land;false;plains;1
9996;205;188;169;land;false;plains;1
9997;174;242;140;land;false;plains;1
9998;199;183;128;land;false;plains;1
9999;52;11;35;land;false;plains;1
10000;23;9;5;land;false;plains;1
10001;205;236;136;land;false;plains;1
10002;130;236;208;land;false;plains;1
10003;15;22;62;land;false;plains;1
10004;143;247;174;land;false;plains;1
10005;141;190;170;land;false;plains;1
10006;2;12;8;land;false;plains;1
10007;15;61;18;land;false;plains;1
10008;7;44;23;land;false;plains;1
10009;220;230;124;land;false;plains;1
10010;249;188;93;land;false;plains;1
10011;233;155;213;land;false;plains;1
10012;247;229;179;land;false;plains;1
10013;195;138;236;land;false;plains;1
10014;77;12;6;land;false;plains;1
10015;185;206;248;land;false;plains;1
10016;145;175;248;land;false;plains;1
10017;228;149;252;land;false;plains;1
10018;174;199;148;land;false;plains;1
10019;220;162;149;land;false;plains;1
10020;215;163;150;land;false;plains;1
10021;28;32;20;land;false;plains;1
10022;177;252;210;land;false;plains;1
10023;134;254;235;land;false;plains;1
10024;110;237;163;land;false;plains;1
10025;196;126;249;land;false;plains;1
10026;142;249;198;land;false;plains;1
10027;181;164;248;land;false;plains;1
10028;1;2;52;land;false;plains;1
10029;4;4;0;land;false;plains;1
10030;130;213;200;land;false;plains;1
10031;169;218;116;land;false;plains;1
10032;196;246;213;land;false;plains;1
10033;20;70;2;land;false;plains;1
10034;11;35;8;land;false;plains;1
10035;175;226;238;land;false;plains;1
10036;210;198;105;land;false;plains;1
10037;231;244;240;land;false;plains;1
10038;17;34;39;land;false;plains;1
10039;135;209;216;land;false;plains;1
10040;194;148;228;land;false;plains;1
10041;214;208;113;land;false;plains;1
10042;25;17;3;land;false;plains;1
10043;10;20;16;land;false;plains;1
10044;216;188;205;land;false;plains;1
10045;130;161;225;land;false;plains;1
10046;145;134;250;land;false;plains;1
10047;21;41;18;land;false;plains;1
10048;198;149;239;land;false;plains;1
10049;188;189;188;land;false;plains;1
10050;250;57;195;land;false;plains;1
10051;20;26;1;land;false;plains;1
10052;204;228;136;land;false;plains;1
10053;32;29;18;land;false;plains;1
10054;11;40;48;land;false;plains;1
10055;60;1;28;land;false;plains;1
10056;14;14;1;land;false;plains;1
10057;155;157;206;land;false;plains;1
10058;151;166;205;land;false;plains;1
10059;214;47;240;land;false;plains;1
10060;133;162;232;land;false;plains;1
10061;235;157;153;land;false;plains;1
10062;220;134;215;land;false;plains;1
10063;205;183;147;land;false;plains;1
10064;92;243;172;land;false;plains;1
10065;231;197;183;land;false;plains;1
10066;26;42;9;land;false;plains;1
10067;0;60;38;land;false;plains;1
10068;248;219;59;land;false;plains;1
10069;236;70;223;land;false;plains;1
10070;23;2;40;land;false;plains;1
10071;188;205;145;land;false;plains;1
10072;18;16;58;land;false;plains;1
10073;136;202;218;land;false;plains;1
10074;232;237;220;land;false;plains;1
10075;242;183;246;land;false;plains;1
10076;249;177;113;land;false;plains;1
10077;35;4;51;land;false;plains;1
10078;54;34;7;land;false;plains;1
10079;36;48;12;land;false;plains;1
10080;80;5;5;land;false;plains;1
10081;156;242;147;land;false;plains;1
10082;148;217;212;land;false;plains;1
10083;3;47;20;land;false;plains;1
10084;14;5;42;land;false;plains;1
10085;239;9;253;land;false;plains;1
10086;222;254;59;land;false;plains;1
10087;254;174;109;land;false;plains;1
10088;132;242;246;land;false;plains;1
10089;29;37;16;land;false;plains;1
10090;12;45;19;land;false;plains;1
10091;43;8;17;land;false;plains;1
10092;118;211;195;land;false;plains;1
10093;73;252;210;land;false;plains;1
10094;233;242;134;land;false;plains;1
10095;27;14;46;land;false;plains;1
10096;253;117;171;land;false;plains;1
10097;130;239;194;land;false;plains;1
10098;92;247;167;land;false;plains;1
10099;143;161;199;land;false;plains;1
10100;129;197;247;land;false;plains;1
10101;240;215;56;land;false;plains;1
10102;1;2;26;land;false;plains;1
10103;165;148;196;land;false;plains;1
10104;83;249;225;land;false;plains;1
10105;204;93;218;land;false;plains;1
10106;103;224;220;land;false;plains;1
10107;184;190;146;land;false;plains;1
10108;37;41;16;land;false;plains;1
10109;252;244;85;land;false;plains;1
10110;192;199;137;land;false;plains;1
10111;92;240;186;land;false;plains;1
10112;5;38;3;land;false;plains;1
10113;165;243;192;land;false;plains;1
10114;123;133;250;land;false;plains;1
10115;71;2;8;land;false;plains;1
10116;200;234;137;land;false;plains;1
10117;60;236;216;land;false;plains;1
10118;5;20;67;land;false;plains;1
10119;116;248;189;land;false;plains;1
10120;201;65;252;land;false;plains;1
10121;205;237;175;land;false;plains;1
10122;17;49;8;land;false;plains;1
10123;12;17;45;land;false;plains;1
10124;134;254;113;land;false;plains;1
10125;142;215;200;land;false;plains;1
10126;237;54;250;land;false;plains;1
10127;32;36;31;land;false;plains;1
10128;11;81;4;land;false;plains;1
10129;4;0;7;land;false;plains;1
10130;147;248;124;land;false;plains;1
10131;243;108;191;land;false;plains;1
10132;95;243;235;land;false;plains;1
10133;248;229;183;land;false;plains;1
10134;254;117;157;land;false;plains;1
10135;250;194;166;land;false;plains;1
10136;135;183;246;land;false;plains;1
10137;214;246;99;land;false;plains;1
10138;81;190;248;land;false;plains;1
10139;124;199;229;land;false;plains;1
10140;235;230;201;land;false;plains;1
10141;0;27;19;land;false;plains;1
10142;250;200;234;land;false;plains;1
10143;242;77;213;land;false;plains;1
10144;223;236;236;land;false;plains;1
10145;251;123;221;land;false;plains;1
10146;249;229;146;land;false;plains;1
10147;218;165;233;land;false;plains;1
10148;218;124;220;land;false;plains;1
10149;164;215;206;land;false;plains;1
10150;249;219;146;land;false;plains;1
10151;198;172;230;land;false;plains;1
10152;182;162;179;land;false;plains;1
10153;230;192;143;land;false;plains;1
10154;30;3;7;land;false;plains;1
10155;21;27;23;land;false;plains;1
10156;245;21;250;land;false;plains;1
10157;225;189;112;land;false;plains;1
10158;141;178;204;land;false;plains;1
10159;251;123;206;land;false;plains;1
10160;199;124;228;land;false;plains;1
10161;115;184;231;land;false;plains;1
10162;223;76;226;land;false;plains;1
10163;149;236;245;land;false;plains;1
10164;8;9;68;land;false;plains;1
10165;15;82;0;land;false;plains;1
10166;217;199;238;land;false;plains;1
10167;179;245;216;land;false;plains;1
10168;171;162;251;land;false;plains;1
10169;223;142;154;land;false;plains;1
10170;199;213;204;land;false;plains;1
10171;215;139;248;land;false;plains;1
10172;166;166;221;land;false;plains;1
10173;213;251;154;land;false;plains;1
10174;166;180;232;land;false;plains;1
10175;248;108;162;land;false;plains;1
10176;226;249;253;land;false;plains;1
10177;22;21;21;land;false;plains;1
10178;187;247;220;land;false;plains;1
10179;201;111;232;land;false;plains;1
10180;28;69;2;land;false;plains;1
10181;227;173;103;land;false;plains;1
10182;133;178;210;land;false;plains;1
10183;227;189;106;land;false;plains;1
10184;129;180;229;land;false;plains;1
10185;55;0;16;land;false;plains;1
10186;246;218;64;land;false;plains;1
10187;218;169;207;land;false;plains;1
10188;67;227;217;land;false;plains;1
10189;43;24;11;land;false;plains;1
10190;82;214;241;land;false;plains;1
10191;226;145;162;land;false;plains;1
10192;242;74;195;land;false;plains;1
10193;220;146;167;land;false;plains;1
10194;147;167;254;land;false;plains;1
10195;242;52;218;land;false;plains;1
10196;211;242;125;land;false;plains;1
10197;198;230;228;land;false;plains;1
10198;200;138;166;land;false;plains;1
10199;239;88;236;land;false;plains;1
10200;174;188;213;land;false;plains;1
10201;235;138;170;land;false;plains;1
10202;212;189;192;land;false;plains;1
10203;177;207;202;land;false;plains;1
10204;200;213;188;land;false;plains;1
10205;89;242;200;land;false;plains;1
10206;85;222;216;land;false;plains;1
10207;156;184;230;land;false;plains;1
10208;243;56;229;land;false;plains;1
10209;244;212;116;land;false;plains;1
10210;138;148;241;land;false;plains;1
10211;62;206;250;land;false;plains;1
10212;242;228;134;land;false;plains;1
10213;213;248;168;land;false;plains;1
10214;194;136;174;land;false;plains;1
10215;232;185;213;land;false;plains;1
10216;167;162;202;land;false;plains;1
10217;249;220;241;land;false;plains;1
10218;227;162;224;land;false;plains;1
10219;169;151;204;land;false;plains;1
10220;142;166;220;land;false;plains;1
10221;69;210;230;land;false;plains;1
10222;224;192;159;land;false;plains;1
10223;79;182;247;land;false;plains;1
10224;190;247;124;land;false;plains;1
10225;129;254;216;land;false;plains;1
10226;253;126;188;land;false;plains;1
10227;159;124;233;land;false;plains;1
10228;213;131;161;land;false;plains;1
10229;216;189;241;land;false;plains;1
10230;45;18;31;land;false;plains;1
10231;199;54;253;land;false;plains;1
10232;183;180;204;land;false;plains;1
10233;153;205;204;land;false;plains;1
10234;105;145;254;land;false;plains;1
10235;149;160;230;land;false;plains;1
10236;113;152;254;land;false;plains;1
10237;134;236;140;land;false;plains;1
10238;223;97;251;land;false;plains;1
10239;239;45;250;land;false;plains;1
10240;226;176;212;land;false;plains;1
10241;235;72;233;land;false;plains;1
10242;244;223;51;land;false;plains;1
10243;121;251;188;land;false;plains;1
10244;161;151;234;land;false;plains;1
10245;127;210;247;land;false;plains;1
10246;244;22;241;land;false;plains;1
10247;145;205;171;land;false;plains;1
10248;204;188;229;land;false;plains;1
10249;251;213;68;land;false;plains;1
10250;228;142;242;land;false;plains;1
10251;142;238;171;land;false;plains;1
10252;203;252;141;land;false;plains;1
10253;174;171;167;land;false;plains;1
10254;221;137;232;land;false;plains;1
10255;71;206;225;land;false;plains;1
10256;117;228;230;land;false;plains;1
10257;215;226;223;land;false;plains;1
10258;118;231;179;land;false;plains;1
10259;246;214;64;land;false;plains;1
10260;211;147;147;land;false;plains;1
10261;241;136;230;land;false;plains;1
10262;166;218;149;land;false;plains;1
10263;137;148;227;land;false;plains;1
10264;219;234;112;land;false;plains;1
10265;215;250;241;land;false;plains;1
10266;252;220;60;land;false;plains;1
10267;240;163;238;land;false;plains;1
10268;10;49;36;land;false;plains;1
10269;165;193;184;land;false;plains;1
10270;247;92;224;land;false;plains;1
10271;193;203;144;land;false;plains;1
10272;206;125;242;land;false;plains;1
10273;88;224;218;land;false;plains;1
10274;196;121;214;land;false;plains;1
10275;117;233;249;land;false;plains;1
10276;4;36;50;land;false;plains;1
10277;128;201;199;land;false;plains;1
10278;171;108;224;land;false;plains;1
10279;210;244;233;land;false;plains;1
10280;203;251;143;land;false;plains;1
10281;208;216;116;land;false;plains;1
10282;216;146;246;land;false;plains;1
10283;246;232;195;land;false;plains;1
10284;176;111;243;land;false;plains;1
10285;142;221;183;land;false;plains;1
10286;12;16;32;land;false;plains;1
10287;222;121;164;land;false;plains;1
10288;243;47;234;land;false;plains;1
10289;207;212;154;land;false;plains;1
10290;230;130;145;land;false;plains;1
10291;163;229;156;land;false;plains;1
10292;240;124;167;land;false;plains;1
10293;31;28;10;land;false;plains;1
10294;158;221;141;land;false;plains;1
10295;232;253;91;land;false;plains;1
10296;39;3;41;land;false;plains;1
10297;16;51;2;land;false;plains;1
10298;243;156;177;land;false;plains;1
10299;138;215;186;land;false;plains;1
10300;253;221;93;land;false;plains;1
10301;254;188;119;land;false;plains;1
10302;19;247;254;land;false;plains;1
10303;126;206;251;land;false;plains;1
10304;214;172;132;land;false;plains;1
10305;170;219;145;land;false;plains;1
10306;41;254;216;land;false;plains;1
10307;239;193;109;land;false;plains;1
10308;116;166;247;land;false;plains;1
10309;177;254;133;land;false;plains;1
10310;123;229;218;land;false;plains;1
10311;241;250;198;land;false;plains;1
10312;211;235;92;land;false;plains;1
10313;209;238;136;land;false;plains;1
10314;223;191;140;land;false;plains;1
10315;147;243;191;land;false;plains;1
10316;250;216;100;land;false;plains;1
10317;201;253;166;land;false;plains;1
10318;238;156;224;land;false;plains;1
10319;222;158;187;land;false;plains;1
10320;98;219;211;land;false;plains;1
10321;239;252;98;land;false;plains;1
10322;172;245;126;land;false;plains;1
10323;164;122;236;land;false;plains;1
10324;215;156;189;land;false;plains;1
10325;247;106;239;land;false;plains;1
10326;139;138;244;land;false;plains;1
10327;189;239;119;land;false;plains;1
10328;34;25;15;land;false;plains;1
10329;248;188;125;land;false;plains;1
10330;226;141;169;land;false;plains;1
10331;185;157;235;land;false;plains;1
10332;247;168;237;land;false;plains;1
10333;105;226;216;land;false;plains;1
10334;134;254;222;land;false;plains;1
10335;194;169;181;land;false;plains;1
10336;137;203;177;land;false;plains;1
10337;251;117;245;land;false;plains;1
10338;248;151;179;land;false;plains;1
10339;206;233;90;land;false;plains;1
10340;140;187;216;land;false;plains;1
10341;219;113;177;land;false;plains;1
10342;246;188;178;land;false;plains;1
10343;205;140;192;land;false;plains;1
10344;226;128;227;land;false;plains;1
10345;147;244;206;land;false;plains;1
10346;246;165;228;land;false;plains;1
10347;212;210;187;land;false;plains;1
10348;73;251;236;land;false;plains;1
10349;219;164;214;land;false;plains;1
10350;181;206;204;land;false;plains;1
10351;225;213;235;land;false;plains;1
10352;158;232;173;land;false;plains;1
10353;247;159;140;land;false;plains;1
10354;252;165;122;land;false;plains;1
10355;214;169;179;land;false;plains;1
10356;184;215;161;land;false;plains;1
10357;202;86;242;land;false;plains;1
10358;192;96;221;land;false;plains;1
10359;62;229;216;land;false;plains;1
10360;251;162;161;land;false;plains;1
10361;233;229;145;land;false;plains;1
10362;140;210;184;land;false;plains;1
10363;143;159;208;land;false;plains;1
10364;253;49;233;land;false;plains;1
10365;114;233;228;land;false;plains;1
10366;235;242;151;land;false;plains;1
10367;236;193;163;land;false;plains;1
10368;251;190;170;land;false;plains;1
10369;223;98;190;land;false;plains;1
10370;211;173;230;land;false;plains;1
10371;237;209;134;land;false;plains;1
10372;215;175;138;land;false;plains;1
10373;210;216;172;land;false;plains;1
10374;229;134;213;land;false;plains;1
10375;103;179;235;land;false;plains;1
10376;245;214;57;land;false;plains;1
10377;211;172;248;land;false;plains;1
10378;121;173;222;land;false;plains;1
10379;225;232;63;land;false;plains;1
10380;76;212;239;land;false;plains;1
10381;174;215;223;land;false;plains;1
10382;184;185;233;land;false;plains;1
10383;252;118;131;land;false;plains;1
10384;117;240;246;land;false;plains;1
10385;164;215;232;land;false;plains;1
10386;159;231;175;land;false;plains;1
10387;166;222;167;land;false;plains;1
10388;173;214;126;land;false;plains;1
10389;139;184;216;land;false;plains;1
10390;254;88;191;land;false;plains;1
10391;240;175;172;land;false;plains;1
10392;170;210;242;land;false;plains;1
10393;212;182;119;land;false;plains;1
10394;247;36;232;land;false;plains;1
10395;166;223;147;land;false;plains;1
10396;252;228;94;land;false;plains;1
10397;205;110;224;land;false;plains;1
10398;225;217;202;land;false;plains;1
10399;244;168;144;land;false;plains;1
10400;201;126;196;land;false;plains;1
10401;235;216;150;land;false;plains;1
10402;111;197;221;land;false;plains;1
10403;84;219;203;land;false;plains;1
10404;148;241;167;land;false;plains;1
10405;101;233;253;land;false;plains;1
10406;208;211;240;land;false;plains;1
10407;118;186;206;land;false;plains;1
10408;174;246;214;land;false;plains;1
10409;199;218;98;land;false;plains;1
10410;220;114;231;land;false;plains;1
10411;202;209;242;land;false;plains;1
10412;181;214;163;land;false;plains;1
10413;67;250;199;land;false;plains;1
10414;90;251;227;land;false;plains;1
10415;215;153;254;land;false;plains;1
10416;190;146;231;land;false;plains;1
10417;178;94;239;land;false;plains;1
10418;128;154;247;land;false;plains;1
10419;35;254;221;land;false;plains;1
10420;147;174;243;land;false;plains;1
10421;252;185;195;land;false;plains;1
10422;227;253;150;land;false;plains;1
10423;228;124;187;land;false;plains;1
10424;251;163;157;land;false;plains;1
10425;188;170;212;land;false;plains;1
10426;208;97;248;land;false;plains;1
10427;232;179;117;land;false;plains;1
10428;229;231;230;land;false;plains;1
10429;219;208;143;land;false;plains;1
10430;191;202;116;land;false;plains;1
10431;175;168;167;land;false;plains;1
10432;228;171;212;land;false;plains;1
10433;51;234;238;land;false;plains;1
10434;157;189;202;land;false;plains;1
10435;126;201;233;land;false;plains;1
10436;200;154;163;land;false;plains;1
10437;116;226;227;land;false;plains;1
10438;196;87;249;land;false;plains;1
10439;219;72;227;land;false;plains;1
10440;232;157;222;land;false;plains;1
10441;194;210;111;land;false;plains;1
10442;151;237;184;land;false;plains;1
10443;244;235;202;land;false;plains;1
10444;231;217;167;land;false;plains;1
10445;251;235;163;land;false;plains;1
10446;245;120;193;land;false;plains;1
10447;253;160;93;land;false;plains;1
10448;59;246;222;land;false;plains;1
10449;218;98;190;land;false;plains;1
10450;252;0;249;land;false;plains;1
10451;226;209;167;land;false;plains;1
10452;133;250;151;land;false;plains;1
10453;236;143;136;land;false;plains;1
10454;231;184;227;land;false;plains;1
10455;253;227;164;land;false;plains;1
10456;226;137;184;land;false;plains;1
10457;42;221;240;land;false;plains;1
10458;232;134;237;land;false;plains;1
10459;240;203;127;land;false;plains;1
10460;198;254;206;land;false;plains;1
10461;48;214;241;land;false;plains;1
10462;170;170;254;land;false;plains;1
10463;137;239;165;land;false;plains;1
10464;226;138;218;land;false;plains;1
10465;210;196;221;land;false;plains;1
10466;237;231;155;land;false;plains;1
10467;174;200;205;land;false;plains;1
10468;172;245;220;land;false;plains;1
10469;227;120;176;land;false;plains;1
10470;60;234;219;land;false;plains;1
10471;225;204;239;land;false;plains;1
10472;160;240;146;land;false;plains;1
10473;252;191;61;land;false;plains;1
10474;134;144;236;land;false;plains;1
10475;157;177;193;land;false;plains;1
10476;190;194;253;land;false;plains;1
10477;158;220;163;land;false;plains;1
10478;111;160;233;land;false;plains;1
10479;191;214;104;land;false;plains;1
10480;218;248;96;land;false;plains;1
10481;251;67;213;land;false;plains;1
10482;138;146;245;land;false;plains;1
10483;246;21;62;land;false;plains;1
